ISO-10303-21;
HEADER;
/* Generated by software containing ST-Developer
 * from STEP Tools, Inc. (www.steptools.com) 
 */

FILE_DESCRIPTION(
/* description */ (''),
/* implementation_level */ '2;1');

FILE_NAME(
/* name */ 'Assembly New 3.step',
/* time_stamp */ '2026-07-24T09:29:32+02:00',
/* author */ (''),
/* organization */ (''),
/* preprocessor_version */ 'ST-DEVELOPER v20.1',
/* originating_system */ 'Autodesk Translation Framework v15.8.0.0',
/* authorisation */ '');

FILE_SCHEMA (('AUTOMOTIVE_DESIGN { 1 0 10303 214 3 1 1 }'));
ENDSEC;

DATA;
#10=MECHANICAL_DESIGN_GEOMETRIC_PRESENTATION_REPRESENTATION('',(#157,#158,
#159,#160,#161,#162,#163,#164,#165,#166,#167),#6265);
#11=ITEM_DEFINED_TRANSFORMATION($,$,#3485,#3737);
#12=ITEM_DEFINED_TRANSFORMATION($,$,#3599,#3738);
#13=ITEM_DEFINED_TRANSFORMATION($,$,#3658,#3739);
#14=(
REPRESENTATION_RELATIONSHIP($,$,#6282,#6281)
REPRESENTATION_RELATIONSHIP_WITH_TRANSFORMATION(#11)
SHAPE_REPRESENTATION_RELATIONSHIP()
);
#15=(
REPRESENTATION_RELATIONSHIP($,$,#6283,#6281)
REPRESENTATION_RELATIONSHIP_WITH_TRANSFORMATION(#12)
SHAPE_REPRESENTATION_RELATIONSHIP()
);
#16=(
REPRESENTATION_RELATIONSHIP($,$,#6284,#6281)
REPRESENTATION_RELATIONSHIP_WITH_TRANSFORMATION(#13)
SHAPE_REPRESENTATION_RELATIONSHIP()
);
#17=CONTEXT_DEPENDENT_SHAPE_REPRESENTATION(#14,#6278);
#18=CONTEXT_DEPENDENT_SHAPE_REPRESENTATION(#15,#6279);
#19=CONTEXT_DEPENDENT_SHAPE_REPRESENTATION(#16,#6280);
#20=NEXT_ASSEMBLY_USAGE_OCCURRENCE('Mounting Plate:1',
'Mounting Plate:1','Mounting Plate:1',#6286,#6287,'Mounting Plate:1');
#21=NEXT_ASSEMBLY_USAGE_OCCURRENCE('Front:1','Front:1','Front:1',#6286,
#6288,'Front:1');
#22=NEXT_ASSEMBLY_USAGE_OCCURRENCE('Backside:1','Backside:1',
'Backside:1',#6286,#6289,'Backside:1');
#23=TOROIDAL_SURFACE('',#3645,16.375,0.625);
#24=TOROIDAL_SURFACE('',#3651,21.125,0.625);
#25=SHAPE_REPRESENTATION_RELATIONSHIP('SRR','None',#6282,#28);
#26=SHAPE_REPRESENTATION_RELATIONSHIP('SRR','None',#6283,#29);
#27=SHAPE_REPRESENTATION_RELATIONSHIP('SRR','None',#6284,#30);
#28=ADVANCED_BREP_SHAPE_REPRESENTATION('',(#168,#169,#170,#171,#172),#6262);
#29=ADVANCED_BREP_SHAPE_REPRESENTATION('',(#173),#6263);
#30=ADVANCED_BREP_SHAPE_REPRESENTATION('',(#174,#175,#176,#177,#178),#6264);
#31=B_SPLINE_SURFACE_WITH_KNOTS('',3,1,((#5039,#5040),(#5041,#5042),(#5043,
#5044),(#5045,#5046),(#5047,#5048)),.UNSPECIFIED.,.F.,.F.,.F.,(4,1,4),(2,
2),(0.,0.0151483505945373,0.0257359284016429),(-0.01,0.),.UNSPECIFIED.);
#32=B_SPLINE_SURFACE_WITH_KNOTS('',3,1,((#5056,#5057),(#5058,#5059),(#5060,
#5061),(#5062,#5063),(#5064,#5065)),.UNSPECIFIED.,.F.,.F.,.F.,(4,1,4),(2,
2),(0.,0.0084201310290062,0.0167646510340522),(-0.01,0.),.UNSPECIFIED.);
#33=B_SPLINE_SURFACE_WITH_KNOTS('',3,1,((#5073,#5074),(#5075,#5076),(#5077,
#5078),(#5079,#5080),(#5081,#5082)),.UNSPECIFIED.,.F.,.F.,.F.,(4,1,4),(2,
2),(0.,0.0126723236255138,0.0267102127844365),(-0.01,0.),.UNSPECIFIED.);
#34=B_SPLINE_SURFACE_WITH_KNOTS('',3,1,((#5094,#5095),(#5096,#5097),(#5098,
#5099),(#5100,#5101),(#5102,#5103)),.UNSPECIFIED.,.F.,.F.,.F.,(4,1,4),(2,
2),(0.,0.00984875462643334,0.0189505880188624),(-0.01,0.),.UNSPECIFIED.);
#35=B_SPLINE_SURFACE_WITH_KNOTS('',3,1,((#5111,#5112),(#5113,#5114),(#5115,
#5116),(#5117,#5118),(#5119,#5120)),.UNSPECIFIED.,.F.,.F.,.F.,(4,1,4),(2,
2),(0.,0.00773780654515677,0.0154900692657921),(-0.01,0.),.UNSPECIFIED.);
#36=B_SPLINE_SURFACE_WITH_KNOTS('',3,1,((#5128,#5129),(#5130,#5131),(#5132,
#5133),(#5134,#5135),(#5136,#5137)),.UNSPECIFIED.,.F.,.F.,.F.,(4,1,4),(2,
2),(0.,0.0079362345719222,0.0164029710452401),(-0.01,0.),.UNSPECIFIED.);
#37=B_SPLINE_SURFACE_WITH_KNOTS('',3,1,((#5145,#5146),(#5147,#5148),(#5149,
#5150),(#5151,#5152),(#5153,#5154)),.UNSPECIFIED.,.F.,.F.,.F.,(4,1,4),(2,
2),(0.,0.0140501601485768,0.0290237516289585),(-0.01,0.),.UNSPECIFIED.);
#38=B_SPLINE_SURFACE_WITH_KNOTS('',3,1,((#5165,#5166),(#5167,#5168),(#5169,
#5170),(#5171,#5172),(#5173,#5174)),.UNSPECIFIED.,.F.,.F.,.F.,(4,1,4),(2,
2),(0.,0.0195432460364258,0.0440498197702933),(-0.01,0.),.UNSPECIFIED.);
#39=B_SPLINE_SURFACE_WITH_KNOTS('',3,1,((#5184,#5185),(#5186,#5187),(#5188,
#5189),(#5190,#5191),(#5192,#5193)),.UNSPECIFIED.,.F.,.F.,.F.,(4,1,4),(2,
2),(0.,0.0245404054139149,0.0441742085463582),(-0.01,0.),.UNSPECIFIED.);
#40=B_SPLINE_SURFACE_WITH_KNOTS('',3,1,((#5201,#5202),(#5203,#5204),(#5205,
#5206),(#5207,#5208),(#5209,#5210)),.UNSPECIFIED.,.F.,.F.,.F.,(4,1,4),(2,
2),(0.,0.0171693217017001,0.0343664228275415),(-0.01,0.),.UNSPECIFIED.);
#41=B_SPLINE_SURFACE_WITH_KNOTS('',3,1,((#5218,#5219),(#5220,#5221),(#5222,
#5223),(#5224,#5225),(#5226,#5227)),.UNSPECIFIED.,.F.,.F.,.F.,(4,1,4),(2,
2),(0.,0.0171038188396836,0.0343076508037584),(-0.01,0.),.UNSPECIFIED.);
#42=B_SPLINE_SURFACE_WITH_KNOTS('',3,1,((#5235,#5236),(#5237,#5238),(#5239,
#5240),(#5241,#5242),(#5243,#5244)),.UNSPECIFIED.,.F.,.F.,.F.,(4,1,4),(2,
2),(0.,0.0197850914038888,0.0448332939972045),(-0.01,0.),.UNSPECIFIED.);
#43=B_SPLINE_SURFACE_WITH_KNOTS('',3,1,((#5252,#5253),(#5254,#5255),(#5256,
#5257),(#5258,#5259),(#5260,#5261)),.UNSPECIFIED.,.F.,.F.,.F.,(4,1,4),(2,
2),(0.,0.0238003741629684,0.0431810592854688),(-0.01,0.),.UNSPECIFIED.);
#44=B_SPLINE_SURFACE_WITH_KNOTS('',3,1,((#5269,#5270),(#5271,#5272),(#5273,
#5274),(#5275,#5276),(#5277,#5278)),.UNSPECIFIED.,.F.,.F.,.F.,(4,1,4),(2,
2),(0.,0.0171767587065922,0.0341803300971433),(-0.01,0.),.UNSPECIFIED.);
#45=B_SPLINE_SURFACE_WITH_KNOTS('',3,1,((#5286,#5287),(#5288,#5289),(#5290,
#5291),(#5292,#5293),(#5294,#5295)),.UNSPECIFIED.,.F.,.F.,.F.,(4,1,4),(2,
2),(0.,0.0171972238887625,0.0343664145174794),(-0.01,0.),.UNSPECIFIED.);
#46=B_SPLINE_SURFACE_WITH_KNOTS('',3,1,((#5301,#5302),(#5303,#5304),(#5305,
#5306),(#5307,#5308),(#5309,#5310)),.UNSPECIFIED.,.F.,.F.,.F.,(4,1,4),(2,
2),(0.,0.0276267012919842,0.0603629797642711),(-0.01,0.),.UNSPECIFIED.);
#47=B_SPLINE_SURFACE_WITH_KNOTS('',3,1,((#5320,#5321),(#5322,#5323),(#5324,
#5325),(#5326,#5327),(#5328,#5329)),.UNSPECIFIED.,.F.,.F.,.F.,(4,1,4),(2,
2),(0.,0.0354711128151807,0.065241628469085),(-0.01,0.),.UNSPECIFIED.);
#48=B_SPLINE_SURFACE_WITH_KNOTS('',3,1,((#5337,#5338),(#5339,#5340),(#5341,
#5342),(#5343,#5344),(#5345,#5346)),.UNSPECIFIED.,.F.,.F.,.F.,(4,1,4),(2,
2),(0.,0.0239954974779894,0.0491490566062573),(-0.01,0.),.UNSPECIFIED.);
#49=B_SPLINE_SURFACE_WITH_KNOTS('',3,1,((#5354,#5355),(#5356,#5357),(#5358,
#5359),(#5360,#5361),(#5362,#5363)),.UNSPECIFIED.,.F.,.F.,.F.,(4,1,4),(2,
2),(0.,0.0275893837463137,0.0538118713491378),(-0.01,0.),.UNSPECIFIED.);
#50=B_SPLINE_SURFACE_WITH_KNOTS('',3,1,((#5371,#5372),(#5373,#5374),(#5375,
#5376),(#5377,#5378),(#5379,#5380)),.UNSPECIFIED.,.F.,.F.,.F.,(4,1,4),(2,
2),(0.,0.0272641045769424,0.0583912161308643),(-0.01,0.),.UNSPECIFIED.);
#51=B_SPLINE_SURFACE_WITH_KNOTS('',3,1,((#5388,#5389),(#5390,#5391),(#5392,
#5393),(#5394,#5395),(#5396,#5397)),.UNSPECIFIED.,.F.,.F.,.F.,(4,1,4),(2,
2),(0.,0.0250893114280778,0.0451824397103103),(-0.01,0.),.UNSPECIFIED.);
#52=B_SPLINE_SURFACE_WITH_KNOTS('',3,1,((#5405,#5406),(#5407,#5408),(#5409,
#5410),(#5411,#5412),(#5413,#5414)),.UNSPECIFIED.,.F.,.F.,.F.,(4,1,4),(2,
2),(0.,0.0175128428825144,0.0352209058477236),(-0.01,0.),.UNSPECIFIED.);
#53=B_SPLINE_SURFACE_WITH_KNOTS('',3,1,((#5422,#5423),(#5424,#5425),(#5426,
#5427),(#5428,#5429),(#5430,#5431)),.UNSPECIFIED.,.F.,.F.,.F.,(4,1,4),(2,
2),(0.,0.0179868198402086,0.0363340461316099),(-0.01,0.),.UNSPECIFIED.);
#54=B_SPLINE_SURFACE_WITH_KNOTS('',3,1,((#5439,#5440),(#5441,#5442),(#5443,
#5444),(#5445,#5446),(#5447,#5448)),.UNSPECIFIED.,.F.,.F.,.F.,(4,1,4),(2,
2),(0.,0.0279526542949987,0.0541460468703717),(-0.01,0.),.UNSPECIFIED.);
#55=B_SPLINE_SURFACE_WITH_KNOTS('',3,1,((#5514,#5515),(#5516,#5517),(#5518,
#5519),(#5520,#5521),(#5522,#5523)),.UNSPECIFIED.,.F.,.F.,.F.,(4,1,4),(2,
2),(0.,0.0264805456898912,0.0537448681201392),(-0.01,0.),.UNSPECIFIED.);
#56=B_SPLINE_SURFACE_WITH_KNOTS('',3,1,((#5531,#5532),(#5533,#5534),(#5535,
#5536),(#5537,#5538),(#5539,#5540)),.UNSPECIFIED.,.F.,.F.,.F.,(4,1,4),(2,
2),(0.,0.012607828049509,0.0246140624375386),(-0.01,0.),.UNSPECIFIED.);
#57=B_SPLINE_SURFACE_WITH_KNOTS('',3,1,((#5548,#5549),(#5550,#5551),(#5552,
#5553),(#5554,#5555),(#5556,#5557)),.UNSPECIFIED.,.F.,.F.,.F.,(4,1,4),(2,
2),(0.,0.0110545560899796,0.0207735651723353),(-0.01,0.),.UNSPECIFIED.);
#58=B_SPLINE_SURFACE_WITH_KNOTS('',3,1,((#5565,#5566),(#5567,#5568),(#5569,
#5570),(#5571,#5572),(#5573,#5574)),.UNSPECIFIED.,.F.,.F.,.F.,(4,1,4),(2,
2),(0.,0.00955727941011537,0.0197955541797882),(-0.01,0.),.UNSPECIFIED.);
#59=B_SPLINE_SURFACE_WITH_KNOTS('',3,1,((#5582,#5583),(#5584,#5585),(#5586,
#5587),(#5588,#5589),(#5590,#5591)),.UNSPECIFIED.,.F.,.F.,.F.,(4,1,4),(2,
2),(0.,0.00943489810158246,0.0239341662758665),(-0.01,0.),.UNSPECIFIED.);
#60=B_SPLINE_SURFACE_WITH_KNOTS('',3,1,((#5611,#5612),(#5613,#5614),(#5615,
#5616),(#5617,#5618),(#5619,#5620)),.UNSPECIFIED.,.F.,.F.,.F.,(4,1,4),(2,
2),(0.,0.0131164375236199,0.0226389936301424),(-0.01,0.),.UNSPECIFIED.);
#61=B_SPLINE_SURFACE_WITH_KNOTS('',3,1,((#5628,#5629),(#5630,#5631),(#5632,
#5633),(#5634,#5635),(#5636,#5637)),.UNSPECIFIED.,.F.,.F.,.F.,(4,1,4),(2,
2),(0.,0.00781456681366264,0.0159065623777298),(-0.01,0.),.UNSPECIFIED.);
#62=B_SPLINE_SURFACE_WITH_KNOTS('',3,1,((#5645,#5646),(#5647,#5648),(#5649,
#5650),(#5651,#5652),(#5653,#5654)),.UNSPECIFIED.,.F.,.F.,.F.,(4,1,4),(2,
2),(0.,0.00857159658988499,0.0178149617298782),(-0.01,0.),.UNSPECIFIED.);
#63=B_SPLINE_SURFACE_WITH_KNOTS('',3,1,((#5662,#5663),(#5664,#5665),(#5666,
#5667),(#5668,#5669),(#5670,#5671)),.UNSPECIFIED.,.F.,.F.,.F.,(4,1,4),(2,
2),(0.,0.0148420698357983,0.0294182511866701),(-0.01,0.),.UNSPECIFIED.);
#64=B_SPLINE_SURFACE_WITH_KNOTS('',3,1,((#5679,#5680),(#5681,#5682),(#5683,
#5684),(#5685,#5686),(#5687,#5688)),.UNSPECIFIED.,.F.,.F.,.F.,(4,1,4),(2,
2),(0.,0.0167409842087226,0.0402747410883953),(-0.01,0.),.UNSPECIFIED.);
#65=B_SPLINE_SURFACE_WITH_KNOTS('',3,1,((#5699,#5700),(#5701,#5702),(#5703,
#5704),(#5705,#5706),(#5707,#5708)),.UNSPECIFIED.,.F.,.F.,.F.,(4,1,4),(2,
2),(0.,0.00474684051457709,0.0108259435371892),(-0.01,0.),.UNSPECIFIED.);
#66=B_SPLINE_SURFACE_WITH_KNOTS('',3,1,((#5722,#5723),(#5724,#5725),(#5726,
#5727),(#5728,#5729),(#5730,#5731)),.UNSPECIFIED.,.F.,.F.,.F.,(4,1,4),(2,
2),(0.,0.00995822506220937,0.018706387279138),(-0.01,0.),.UNSPECIFIED.);
#67=B_SPLINE_SURFACE_WITH_KNOTS('',3,1,((#5739,#5740),(#5741,#5742),(#5743,
#5744),(#5745,#5746),(#5747,#5748)),.UNSPECIFIED.,.F.,.F.,.F.,(4,1,4),(2,
2),(0.,0.0119159557735041,0.0213338922350229),(-0.01,0.),.UNSPECIFIED.);
#68=B_SPLINE_SURFACE_WITH_KNOTS('',3,1,((#5756,#5757),(#5758,#5759),(#5760,
#5761),(#5762,#5763),(#5764,#5765)),.UNSPECIFIED.,.F.,.F.,.F.,(4,1,4),(2,
2),(0.,0.00794801894870844,0.0153547677585421),(-0.01,0.),.UNSPECIFIED.);
#69=B_SPLINE_SURFACE_WITH_KNOTS('',3,1,((#5773,#5774),(#5775,#5776),(#5777,
#5778),(#5779,#5780),(#5781,#5782)),.UNSPECIFIED.,.F.,.F.,.F.,(4,1,4),(2,
2),(0.,0.010976789063158,0.029307292505278),(-0.01,0.),.UNSPECIFIED.);
#70=B_SPLINE_SURFACE_WITH_KNOTS('',3,1,((#5834,#5835),(#5836,#5837),(#5838,
#5839),(#5840,#5841),(#5842,#5843)),.UNSPECIFIED.,.F.,.F.,.F.,(4,1,4),(2,
2),(0.,0.00863436304728602,0.0135978091434818),(-0.01,0.),.UNSPECIFIED.);
#71=B_SPLINE_SURFACE_WITH_KNOTS('',3,1,((#5851,#5852),(#5853,#5854),(#5855,
#5856),(#5857,#5858),(#5859,#5860)),.UNSPECIFIED.,.F.,.F.,.F.,(4,1,4),(2,
2),(0.,0.00320708503150287,0.00645167480583705),(-0.01,0.),
 .UNSPECIFIED.);
#72=B_SPLINE_SURFACE_WITH_KNOTS('',3,1,((#5868,#5869),(#5870,#5871),(#5872,
#5873),(#5874,#5875),(#5876,#5877)),.UNSPECIFIED.,.F.,.F.,.F.,(4,1,4),(2,
2),(0.,0.00385219039988738,0.00871556097460252),(-0.01,0.),
 .UNSPECIFIED.);
#73=B_SPLINE_CURVE_WITH_KNOTS('',3,(#4680,#4681,#4682,#4683,#4684),
 .UNSPECIFIED.,.F.,.F.,(4,1,4),(0.,0.0151483505945373,0.0257359284016429),
 .UNSPECIFIED.);
#74=B_SPLINE_CURVE_WITH_KNOTS('',3,(#4686,#4687,#4688,#4689,#4690),
 .UNSPECIFIED.,.F.,.F.,(4,1,4),(0.,0.0084201310290062,0.0167646510340522),
 .UNSPECIFIED.);
#75=B_SPLINE_CURVE_WITH_KNOTS('',3,(#4692,#4693,#4694,#4695,#4696),
 .UNSPECIFIED.,.F.,.F.,(4,1,4),(0.,0.0126723236255138,0.0267102127844365),
 .UNSPECIFIED.);
#76=B_SPLINE_CURVE_WITH_KNOTS('',3,(#4700,#4701,#4702,#4703,#4704),
 .UNSPECIFIED.,.F.,.F.,(4,1,4),(0.,0.00984875462643334,0.0189505880188624),
 .UNSPECIFIED.);
#77=B_SPLINE_CURVE_WITH_KNOTS('',3,(#4706,#4707,#4708,#4709,#4710),
 .UNSPECIFIED.,.F.,.F.,(4,1,4),(0.,0.00773780654515677,0.0154900692657921),
 .UNSPECIFIED.);
#78=B_SPLINE_CURVE_WITH_KNOTS('',3,(#4712,#4713,#4714,#4715,#4716),
 .UNSPECIFIED.,.F.,.F.,(4,1,4),(0.,0.0079362345719222,0.0164029710452401),
 .UNSPECIFIED.);
#79=B_SPLINE_CURVE_WITH_KNOTS('',3,(#4717,#4718,#4719,#4720,#4721),
 .UNSPECIFIED.,.F.,.F.,(4,1,4),(0.,0.0140501601485768,0.0290237516289585),
 .UNSPECIFIED.);
#80=B_SPLINE_CURVE_WITH_KNOTS('',3,(#4724,#4725,#4726,#4727,#4728),
 .UNSPECIFIED.,.F.,.F.,(4,1,4),(0.,0.0279526542949987,0.0541460468703717),
 .UNSPECIFIED.);
#81=B_SPLINE_CURVE_WITH_KNOTS('',3,(#4730,#4731,#4732,#4733,#4734),
 .UNSPECIFIED.,.F.,.F.,(4,1,4),(0.,0.0276267012919842,0.0603629797642711),
 .UNSPECIFIED.);
#82=B_SPLINE_CURVE_WITH_KNOTS('',3,(#4736,#4737,#4738,#4739,#4740),
 .UNSPECIFIED.,.F.,.F.,(4,1,4),(0.,0.0354711128151807,0.065241628469085),
 .UNSPECIFIED.);
#83=B_SPLINE_CURVE_WITH_KNOTS('',3,(#4742,#4743,#4744,#4745,#4746),
 .UNSPECIFIED.,.F.,.F.,(4,1,4),(0.,0.0239954974779894,0.0491490566062573),
 .UNSPECIFIED.);
#84=B_SPLINE_CURVE_WITH_KNOTS('',3,(#4748,#4749,#4750,#4751,#4752),
 .UNSPECIFIED.,.F.,.F.,(4,1,4),(0.,0.0275893837463137,0.0538118713491378),
 .UNSPECIFIED.);
#85=B_SPLINE_CURVE_WITH_KNOTS('',3,(#4754,#4755,#4756,#4757,#4758),
 .UNSPECIFIED.,.F.,.F.,(4,1,4),(0.,0.0272641045769424,0.0583912161308643),
 .UNSPECIFIED.);
#86=B_SPLINE_CURVE_WITH_KNOTS('',3,(#4760,#4761,#4762,#4763,#4764),
 .UNSPECIFIED.,.F.,.F.,(4,1,4),(0.,0.0250893114280778,0.0451824397103103),
 .UNSPECIFIED.);
#87=B_SPLINE_CURVE_WITH_KNOTS('',3,(#4766,#4767,#4768,#4769,#4770),
 .UNSPECIFIED.,.F.,.F.,(4,1,4),(0.,0.0175128428825144,0.0352209058477236),
 .UNSPECIFIED.);
#88=B_SPLINE_CURVE_WITH_KNOTS('',3,(#4771,#4772,#4773,#4774,#4775),
 .UNSPECIFIED.,.F.,.F.,(4,1,4),(0.,0.0179868198402086,0.0363340461316099),
 .UNSPECIFIED.);
#89=B_SPLINE_CURVE_WITH_KNOTS('',3,(#4808,#4809,#4810,#4811,#4812),
 .UNSPECIFIED.,.F.,.F.,(4,1,4),(0.,0.0264805456898912,0.0537448681201392),
 .UNSPECIFIED.);
#90=B_SPLINE_CURVE_WITH_KNOTS('',3,(#4814,#4815,#4816,#4817,#4818),
 .UNSPECIFIED.,.F.,.F.,(4,1,4),(0.,0.012607828049509,0.0246140624375386),
 .UNSPECIFIED.);
#91=B_SPLINE_CURVE_WITH_KNOTS('',3,(#4820,#4821,#4822,#4823,#4824),
 .UNSPECIFIED.,.F.,.F.,(4,1,4),(0.,0.0110545560899796,0.0207735651723353),
 .UNSPECIFIED.);
#92=B_SPLINE_CURVE_WITH_KNOTS('',3,(#4826,#4827,#4828,#4829,#4830),
 .UNSPECIFIED.,.F.,.F.,(4,1,4),(0.,0.00955727941011537,0.0197955541797882),
 .UNSPECIFIED.);
#93=B_SPLINE_CURVE_WITH_KNOTS('',3,(#4832,#4833,#4834,#4835,#4836),
 .UNSPECIFIED.,.F.,.F.,(4,1,4),(0.,0.00943489810158246,0.0239341662758665),
 .UNSPECIFIED.);
#94=B_SPLINE_CURVE_WITH_KNOTS('',3,(#4844,#4845,#4846,#4847,#4848),
 .UNSPECIFIED.,.F.,.F.,(4,1,4),(0.,0.0131164375236199,0.0226389936301424),
 .UNSPECIFIED.);
#95=B_SPLINE_CURVE_WITH_KNOTS('',3,(#4850,#4851,#4852,#4853,#4854),
 .UNSPECIFIED.,.F.,.F.,(4,1,4),(0.,0.00781456681366264,0.0159065623777298),
 .UNSPECIFIED.);
#96=B_SPLINE_CURVE_WITH_KNOTS('',3,(#4856,#4857,#4858,#4859,#4860),
 .UNSPECIFIED.,.F.,.F.,(4,1,4),(0.,0.00857159658988499,0.0178149617298782),
 .UNSPECIFIED.);
#97=B_SPLINE_CURVE_WITH_KNOTS('',3,(#4862,#4863,#4864,#4865,#4866),
 .UNSPECIFIED.,.F.,.F.,(4,1,4),(0.,0.0148420698357983,0.0294182511866701),
 .UNSPECIFIED.);
#98=B_SPLINE_CURVE_WITH_KNOTS('',3,(#4867,#4868,#4869,#4870,#4871),
 .UNSPECIFIED.,.F.,.F.,(4,1,4),(0.,0.0167409842087226,0.0402747410883953),
 .UNSPECIFIED.);
#99=B_SPLINE_CURVE_WITH_KNOTS('',3,(#4874,#4875,#4876,#4877,#4878),
 .UNSPECIFIED.,.F.,.F.,(4,1,4),(0.,0.00385219039988738,0.00871556097460252),
 .UNSPECIFIED.);
#100=B_SPLINE_CURVE_WITH_KNOTS('',3,(#4880,#4881,#4882,#4883,#4884),
 .UNSPECIFIED.,.F.,.F.,(4,1,4),(0.,0.00474684051457709,0.0108259435371892),
 .UNSPECIFIED.);
#101=B_SPLINE_CURVE_WITH_KNOTS('',3,(#4888,#4889,#4890,#4891,#4892),
 .UNSPECIFIED.,.F.,.F.,(4,1,4),(0.,0.00995822506220937,0.018706387279138),
 .UNSPECIFIED.);
#102=B_SPLINE_CURVE_WITH_KNOTS('',3,(#4894,#4895,#4896,#4897,#4898),
 .UNSPECIFIED.,.F.,.F.,(4,1,4),(0.,0.0119159557735041,0.0213338922350229),
 .UNSPECIFIED.);
#103=B_SPLINE_CURVE_WITH_KNOTS('',3,(#4900,#4901,#4902,#4903,#4904),
 .UNSPECIFIED.,.F.,.F.,(4,1,4),(0.,0.00794801894870844,0.0153547677585421),
 .UNSPECIFIED.);
#104=B_SPLINE_CURVE_WITH_KNOTS('',3,(#4906,#4907,#4908,#4909,#4910),
 .UNSPECIFIED.,.F.,.F.,(4,1,4),(0.,0.010976789063158,0.029307292505278),
 .UNSPECIFIED.);
#105=B_SPLINE_CURVE_WITH_KNOTS('',3,(#4934,#4935,#4936,#4937,#4938),
 .UNSPECIFIED.,.F.,.F.,(4,1,4),(0.,0.00863436304728602,0.0135978091434818),
 .UNSPECIFIED.);
#106=B_SPLINE_CURVE_WITH_KNOTS('',3,(#4939,#4940,#4941,#4942,#4943),
 .UNSPECIFIED.,.F.,.F.,(4,1,4),(0.,0.00320708503150287,0.00645167480583705),
 .UNSPECIFIED.);
#107=B_SPLINE_CURVE_WITH_KNOTS('',3,(#4975,#4976,#4977,#4978,#4979),
 .UNSPECIFIED.,.F.,.F.,(4,1,4),(0.,0.0171972238887625,0.0343664145174794),
 .UNSPECIFIED.);
#108=B_SPLINE_CURVE_WITH_KNOTS('',3,(#4981,#4982,#4983,#4984,#4985),
 .UNSPECIFIED.,.F.,.F.,(4,1,4),(0.,0.0195432460364258,0.0440498197702933),
 .UNSPECIFIED.);
#109=B_SPLINE_CURVE_WITH_KNOTS('',3,(#4987,#4988,#4989,#4990,#4991),
 .UNSPECIFIED.,.F.,.F.,(4,1,4),(0.,0.0245404054139149,0.0441742085463582),
 .UNSPECIFIED.);
#110=B_SPLINE_CURVE_WITH_KNOTS('',3,(#4993,#4994,#4995,#4996,#4997),
 .UNSPECIFIED.,.F.,.F.,(4,1,4),(0.,0.0171693217017001,0.0343664228275415),
 .UNSPECIFIED.);
#111=B_SPLINE_CURVE_WITH_KNOTS('',3,(#4999,#5000,#5001,#5002,#5003),
 .UNSPECIFIED.,.F.,.F.,(4,1,4),(0.,0.0171038188396836,0.0343076508037584),
 .UNSPECIFIED.);
#112=B_SPLINE_CURVE_WITH_KNOTS('',3,(#5005,#5006,#5007,#5008,#5009),
 .UNSPECIFIED.,.F.,.F.,(4,1,4),(0.,0.0197850914038888,0.0448332939972045),
 .UNSPECIFIED.);
#113=B_SPLINE_CURVE_WITH_KNOTS('',3,(#5011,#5012,#5013,#5014,#5015),
 .UNSPECIFIED.,.F.,.F.,(4,1,4),(0.,0.0238003741629684,0.0431810592854688),
 .UNSPECIFIED.);
#114=B_SPLINE_CURVE_WITH_KNOTS('',3,(#5016,#5017,#5018,#5019,#5020),
 .UNSPECIFIED.,.F.,.F.,(4,1,4),(0.,0.0171767587065922,0.0341803300971433),
 .UNSPECIFIED.);
#115=B_SPLINE_CURVE_WITH_KNOTS('',3,(#5050,#5051,#5052,#5053,#5054),
 .UNSPECIFIED.,.F.,.F.,(4,1,4),(0.,0.0151483505945373,0.0257359284016429),
 .UNSPECIFIED.);
#116=B_SPLINE_CURVE_WITH_KNOTS('',3,(#5067,#5068,#5069,#5070,#5071),
 .UNSPECIFIED.,.F.,.F.,(4,1,4),(0.,0.0084201310290062,0.0167646510340522),
 .UNSPECIFIED.);
#117=B_SPLINE_CURVE_WITH_KNOTS('',3,(#5084,#5085,#5086,#5087,#5088),
 .UNSPECIFIED.,.F.,.F.,(4,1,4),(0.,0.0126723236255138,0.0267102127844365),
 .UNSPECIFIED.);
#118=B_SPLINE_CURVE_WITH_KNOTS('',3,(#5105,#5106,#5107,#5108,#5109),
 .UNSPECIFIED.,.F.,.F.,(4,1,4),(0.,0.00984875462643334,0.0189505880188624),
 .UNSPECIFIED.);
#119=B_SPLINE_CURVE_WITH_KNOTS('',3,(#5122,#5123,#5124,#5125,#5126),
 .UNSPECIFIED.,.F.,.F.,(4,1,4),(0.,0.00773780654515677,0.0154900692657921),
 .UNSPECIFIED.);
#120=B_SPLINE_CURVE_WITH_KNOTS('',3,(#5139,#5140,#5141,#5142,#5143),
 .UNSPECIFIED.,.F.,.F.,(4,1,4),(0.,0.0079362345719222,0.0164029710452401),
 .UNSPECIFIED.);
#121=B_SPLINE_CURVE_WITH_KNOTS('',3,(#5156,#5157,#5158,#5159,#5160),
 .UNSPECIFIED.,.F.,.F.,(4,1,4),(0.,0.0140501601485768,0.0290237516289585),
 .UNSPECIFIED.);
#122=B_SPLINE_CURVE_WITH_KNOTS('',3,(#5177,#5178,#5179,#5180,#5181),
 .UNSPECIFIED.,.F.,.F.,(4,1,4),(0.,0.0195432460364258,0.0440498197702933),
 .UNSPECIFIED.);
#123=B_SPLINE_CURVE_WITH_KNOTS('',3,(#5195,#5196,#5197,#5198,#5199),
 .UNSPECIFIED.,.F.,.F.,(4,1,4),(0.,0.0245404054139149,0.0441742085463582),
 .UNSPECIFIED.);
#124=B_SPLINE_CURVE_WITH_KNOTS('',3,(#5212,#5213,#5214,#5215,#5216),
 .UNSPECIFIED.,.F.,.F.,(4,1,4),(0.,0.0171693217017001,0.0343664228275415),
 .UNSPECIFIED.);
#125=B_SPLINE_CURVE_WITH_KNOTS('',3,(#5229,#5230,#5231,#5232,#5233),
 .UNSPECIFIED.,.F.,.F.,(4,1,4),(0.,0.0171038188396836,0.0343076508037584),
 .UNSPECIFIED.);
#126=B_SPLINE_CURVE_WITH_KNOTS('',3,(#5246,#5247,#5248,#5249,#5250),
 .UNSPECIFIED.,.F.,.F.,(4,1,4),(0.,0.0197850914038888,0.0448332939972045),
 .UNSPECIFIED.);
#127=B_SPLINE_CURVE_WITH_KNOTS('',3,(#5263,#5264,#5265,#5266,#5267),
 .UNSPECIFIED.,.F.,.F.,(4,1,4),(0.,0.0238003741629684,0.0431810592854688),
 .UNSPECIFIED.);
#128=B_SPLINE_CURVE_WITH_KNOTS('',3,(#5280,#5281,#5282,#5283,#5284),
 .UNSPECIFIED.,.F.,.F.,(4,1,4),(0.,0.0171767587065922,0.0341803300971433),
 .UNSPECIFIED.);
#129=B_SPLINE_CURVE_WITH_KNOTS('',3,(#5296,#5297,#5298,#5299,#5300),
 .UNSPECIFIED.,.F.,.F.,(4,1,4),(0.,0.0171972238887625,0.0343664145174794),
 .UNSPECIFIED.);
#130=B_SPLINE_CURVE_WITH_KNOTS('',3,(#5313,#5314,#5315,#5316,#5317),
 .UNSPECIFIED.,.F.,.F.,(4,1,4),(0.,0.0276267012919842,0.0603629797642711),
 .UNSPECIFIED.);
#131=B_SPLINE_CURVE_WITH_KNOTS('',3,(#5331,#5332,#5333,#5334,#5335),
 .UNSPECIFIED.,.F.,.F.,(4,1,4),(0.,0.0354711128151807,0.065241628469085),
 .UNSPECIFIED.);
#132=B_SPLINE_CURVE_WITH_KNOTS('',3,(#5348,#5349,#5350,#5351,#5352),
 .UNSPECIFIED.,.F.,.F.,(4,1,4),(0.,0.0239954974779894,0.0491490566062573),
 .UNSPECIFIED.);
#133=B_SPLINE_CURVE_WITH_KNOTS('',3,(#5365,#5366,#5367,#5368,#5369),
 .UNSPECIFIED.,.F.,.F.,(4,1,4),(0.,0.0275893837463137,0.0538118713491378),
 .UNSPECIFIED.);
#134=B_SPLINE_CURVE_WITH_KNOTS('',3,(#5382,#5383,#5384,#5385,#5386),
 .UNSPECIFIED.,.F.,.F.,(4,1,4),(0.,0.0272641045769424,0.0583912161308643),
 .UNSPECIFIED.);
#135=B_SPLINE_CURVE_WITH_KNOTS('',3,(#5399,#5400,#5401,#5402,#5403),
 .UNSPECIFIED.,.F.,.F.,(4,1,4),(0.,0.0250893114280778,0.0451824397103103),
 .UNSPECIFIED.);
#136=B_SPLINE_CURVE_WITH_KNOTS('',3,(#5416,#5417,#5418,#5419,#5420),
 .UNSPECIFIED.,.F.,.F.,(4,1,4),(0.,0.0175128428825144,0.0352209058477236),
 .UNSPECIFIED.);
#137=B_SPLINE_CURVE_WITH_KNOTS('',3,(#5433,#5434,#5435,#5436,#5437),
 .UNSPECIFIED.,.F.,.F.,(4,1,4),(0.,0.0179868198402086,0.0363340461316099),
 .UNSPECIFIED.);
#138=B_SPLINE_CURVE_WITH_KNOTS('',3,(#5449,#5450,#5451,#5452,#5453),
 .UNSPECIFIED.,.F.,.F.,(4,1,4),(0.,0.0279526542949987,0.0541460468703717),
 .UNSPECIFIED.);
#139=B_SPLINE_CURVE_WITH_KNOTS('',3,(#5525,#5526,#5527,#5528,#5529),
 .UNSPECIFIED.,.F.,.F.,(4,1,4),(0.,0.0264805456898912,0.0537448681201392),
 .UNSPECIFIED.);
#140=B_SPLINE_CURVE_WITH_KNOTS('',3,(#5542,#5543,#5544,#5545,#5546),
 .UNSPECIFIED.,.F.,.F.,(4,1,4),(0.,0.012607828049509,0.0246140624375386),
 .UNSPECIFIED.);
#141=B_SPLINE_CURVE_WITH_KNOTS('',3,(#5559,#5560,#5561,#5562,#5563),
 .UNSPECIFIED.,.F.,.F.,(4,1,4),(0.,0.0110545560899796,0.0207735651723353),
 .UNSPECIFIED.);
#142=B_SPLINE_CURVE_WITH_KNOTS('',3,(#5576,#5577,#5578,#5579,#5580),
 .UNSPECIFIED.,.F.,.F.,(4,1,4),(0.,0.00955727941011537,0.0197955541797882),
 .UNSPECIFIED.);
#143=B_SPLINE_CURVE_WITH_KNOTS('',3,(#5593,#5594,#5595,#5596,#5597),
 .UNSPECIFIED.,.F.,.F.,(4,1,4),(0.,0.00943489810158246,0.0239341662758665),
 .UNSPECIFIED.);
#144=B_SPLINE_CURVE_WITH_KNOTS('',3,(#5622,#5623,#5624,#5625,#5626),
 .UNSPECIFIED.,.F.,.F.,(4,1,4),(0.,0.0131164375236199,0.0226389936301424),
 .UNSPECIFIED.);
#145=B_SPLINE_CURVE_WITH_KNOTS('',3,(#5639,#5640,#5641,#5642,#5643),
 .UNSPECIFIED.,.F.,.F.,(4,1,4),(0.,0.00781456681366264,0.0159065623777298),
 .UNSPECIFIED.);
#146=B_SPLINE_CURVE_WITH_KNOTS('',3,(#5656,#5657,#5658,#5659,#5660),
 .UNSPECIFIED.,.F.,.F.,(4,1,4),(0.,0.00857159658988499,0.0178149617298782),
 .UNSPECIFIED.);
#147=B_SPLINE_CURVE_WITH_KNOTS('',3,(#5673,#5674,#5675,#5676,#5677),
 .UNSPECIFIED.,.F.,.F.,(4,1,4),(0.,0.0148420698357983,0.0294182511866701),
 .UNSPECIFIED.);
#148=B_SPLINE_CURVE_WITH_KNOTS('',3,(#5690,#5691,#5692,#5693,#5694),
 .UNSPECIFIED.,.F.,.F.,(4,1,4),(0.,0.0167409842087226,0.0402747410883953),
 .UNSPECIFIED.);
#149=B_SPLINE_CURVE_WITH_KNOTS('',3,(#5711,#5712,#5713,#5714,#5715),
 .UNSPECIFIED.,.F.,.F.,(4,1,4),(0.,0.00474684051457709,0.0108259435371892),
 .UNSPECIFIED.);
#150=B_SPLINE_CURVE_WITH_KNOTS('',3,(#5733,#5734,#5735,#5736,#5737),
 .UNSPECIFIED.,.F.,.F.,(4,1,4),(0.,0.00995822506220937,0.018706387279138),
 .UNSPECIFIED.);
#151=B_SPLINE_CURVE_WITH_KNOTS('',3,(#5750,#5751,#5752,#5753,#5754),
 .UNSPECIFIED.,.F.,.F.,(4,1,4),(0.,0.0119159557735041,0.0213338922350229),
 .UNSPECIFIED.);
#152=B_SPLINE_CURVE_WITH_KNOTS('',3,(#5767,#5768,#5769,#5770,#5771),
 .UNSPECIFIED.,.F.,.F.,(4,1,4),(0.,0.00794801894870844,0.0153547677585421),
 .UNSPECIFIED.);
#153=B_SPLINE_CURVE_WITH_KNOTS('',3,(#5784,#5785,#5786,#5787,#5788),
 .UNSPECIFIED.,.F.,.F.,(4,1,4),(0.,0.010976789063158,0.029307292505278),
 .UNSPECIFIED.);
#154=B_SPLINE_CURVE_WITH_KNOTS('',3,(#5845,#5846,#5847,#5848,#5849),
 .UNSPECIFIED.,.F.,.F.,(4,1,4),(0.,0.00863436304728602,0.0135978091434818),
 .UNSPECIFIED.);
#155=B_SPLINE_CURVE_WITH_KNOTS('',3,(#5862,#5863,#5864,#5865,#5866),
 .UNSPECIFIED.,.F.,.F.,(4,1,4),(0.,0.00320708503150287,0.00645167480583705),
 .UNSPECIFIED.);
#156=B_SPLINE_CURVE_WITH_KNOTS('',3,(#5878,#5879,#5880,#5881,#5882),
 .UNSPECIFIED.,.F.,.F.,(4,1,4),(0.,0.00385219039988738,0.00871556097460252),
 .UNSPECIFIED.);
#157=STYLED_ITEM('',(#6305),#168);
#158=STYLED_ITEM('',(#6305),#169);
#159=STYLED_ITEM('',(#6305),#170);
#160=STYLED_ITEM('',(#6305),#171);
#161=STYLED_ITEM('',(#6305),#172);
#162=STYLED_ITEM('',(#6305),#173);
#163=STYLED_ITEM('',(#6305),#174);
#164=STYLED_ITEM('',(#6305),#175);
#165=STYLED_ITEM('',(#6305),#176);
#166=STYLED_ITEM('',(#6305),#177);
#167=STYLED_ITEM('',(#6305),#178);
#168=MANIFOLD_SOLID_BREP('Body5',#3439);
#169=MANIFOLD_SOLID_BREP('Body5',#3440);
#170=MANIFOLD_SOLID_BREP('Body5',#3441);
#171=MANIFOLD_SOLID_BREP('Body5',#3442);
#172=MANIFOLD_SOLID_BREP('Body5',#3443);
#173=MANIFOLD_SOLID_BREP('Body1',#3444);
#174=MANIFOLD_SOLID_BREP('Body16',#3445);
#175=MANIFOLD_SOLID_BREP('Body18',#3446);
#176=MANIFOLD_SOLID_BREP('Body10',#3447);
#177=MANIFOLD_SOLID_BREP('Body11',#3448);
#178=MANIFOLD_SOLID_BREP('Body14',#3449);
#179=FACE_BOUND('',#524,.T.);
#180=FACE_BOUND('',#526,.T.);
#181=FACE_BOUND('',#530,.T.);
#182=FACE_BOUND('',#532,.T.);
#183=FACE_BOUND('',#534,.T.);
#184=FACE_BOUND('',#536,.T.);
#185=FACE_BOUND('',#542,.T.);
#186=FACE_BOUND('',#544,.T.);
#187=FACE_BOUND('',#546,.T.);
#188=FACE_BOUND('',#547,.T.);
#189=FACE_BOUND('',#548,.T.);
#190=FACE_BOUND('',#549,.T.);
#191=FACE_BOUND('',#550,.T.);
#192=FACE_BOUND('',#551,.T.);
#193=FACE_BOUND('',#552,.T.);
#194=FACE_BOUND('',#554,.T.);
#195=FACE_BOUND('',#555,.T.);
#196=FACE_BOUND('',#556,.T.);
#197=FACE_BOUND('',#557,.T.);
#198=FACE_BOUND('',#558,.T.);
#199=FACE_BOUND('',#559,.T.);
#200=FACE_BOUND('',#560,.T.);
#201=FACE_BOUND('',#561,.T.);
#202=FACE_BOUND('',#562,.T.);
#203=FACE_BOUND('',#563,.T.);
#204=FACE_BOUND('',#564,.T.);
#205=FACE_BOUND('',#565,.T.);
#206=FACE_BOUND('',#605,.T.);
#207=FACE_BOUND('',#680,.T.);
#208=FACE_BOUND('',#685,.T.);
#209=FACE_BOUND('',#686,.T.);
#210=FACE_BOUND('',#692,.T.);
#211=FACE_BOUND('',#699,.T.);
#212=FACE_BOUND('',#700,.T.);
#213=FACE_BOUND('',#701,.T.);
#214=FACE_BOUND('',#702,.T.);
#215=FACE_BOUND('',#703,.T.);
#216=FACE_BOUND('',#704,.T.);
#217=FACE_BOUND('',#705,.T.);
#218=FACE_BOUND('',#716,.T.);
#219=FACE_BOUND('',#721,.T.);
#220=FACE_BOUND('',#735,.T.);
#221=FACE_BOUND('',#739,.T.);
#222=FACE_BOUND('',#741,.T.);
#223=FACE_BOUND('',#745,.T.);
#224=FACE_BOUND('',#747,.T.);
#225=FACE_BOUND('',#751,.T.);
#226=FACE_BOUND('',#755,.T.);
#227=FACE_BOUND('',#757,.T.);
#228=PLANE('',#3495);
#229=PLANE('',#3496);
#230=PLANE('',#3503);
#231=PLANE('',#3504);
#232=PLANE('',#3505);
#233=PLANE('',#3508);
#234=PLANE('',#3519);
#235=PLANE('',#3520);
#236=PLANE('',#3521);
#237=PLANE('',#3530);
#238=PLANE('',#3540);
#239=PLANE('',#3542);
#240=PLANE('',#3545);
#241=PLANE('',#3546);
#242=PLANE('',#3547);
#243=PLANE('',#3548);
#244=PLANE('',#3549);
#245=PLANE('',#3550);
#246=PLANE('',#3551);
#247=PLANE('',#3552);
#248=PLANE('',#3553);
#249=PLANE('',#3554);
#250=PLANE('',#3555);
#251=PLANE('',#3556);
#252=PLANE('',#3557);
#253=PLANE('',#3558);
#254=PLANE('',#3559);
#255=PLANE('',#3560);
#256=PLANE('',#3561);
#257=PLANE('',#3562);
#258=PLANE('',#3563);
#259=PLANE('',#3564);
#260=PLANE('',#3565);
#261=PLANE('',#3566);
#262=PLANE('',#3567);
#263=PLANE('',#3568);
#264=PLANE('',#3569);
#265=PLANE('',#3570);
#266=PLANE('',#3571);
#267=PLANE('',#3572);
#268=PLANE('',#3573);
#269=PLANE('',#3574);
#270=PLANE('',#3575);
#271=PLANE('',#3576);
#272=PLANE('',#3577);
#273=PLANE('',#3578);
#274=PLANE('',#3579);
#275=PLANE('',#3580);
#276=PLANE('',#3581);
#277=PLANE('',#3582);
#278=PLANE('',#3583);
#279=PLANE('',#3584);
#280=PLANE('',#3585);
#281=PLANE('',#3586);
#282=PLANE('',#3591);
#283=PLANE('',#3592);
#284=PLANE('',#3593);
#285=PLANE('',#3594);
#286=PLANE('',#3595);
#287=PLANE('',#3596);
#288=PLANE('',#3597);
#289=PLANE('',#3598);
#290=PLANE('',#3606);
#291=PLANE('',#3610);
#292=PLANE('',#3614);
#293=PLANE('',#3615);
#294=PLANE('',#3616);
#295=PLANE('',#3617);
#296=PLANE('',#3618);
#297=PLANE('',#3620);
#298=PLANE('',#3621);
#299=PLANE('',#3624);
#300=PLANE('',#3625);
#301=PLANE('',#3634);
#302=PLANE('',#3637);
#303=PLANE('',#3638);
#304=PLANE('',#3657);
#305=PLANE('',#3659);
#306=PLANE('',#3664);
#307=PLANE('',#3667);
#308=PLANE('',#3671);
#309=PLANE('',#3675);
#310=PLANE('',#3679);
#311=PLANE('',#3682);
#312=PLANE('',#3683);
#313=PLANE('',#3684);
#314=PLANE('',#3685);
#315=PLANE('',#3686);
#316=PLANE('',#3691);
#317=PLANE('',#3697);
#318=PLANE('',#3698);
#319=PLANE('',#3702);
#320=PLANE('',#3703);
#321=PLANE('',#3709);
#322=PLANE('',#3710);
#323=PLANE('',#3711);
#324=PLANE('',#3712);
#325=PLANE('',#3713);
#326=PLANE('',#3720);
#327=PLANE('',#3721);
#328=PLANE('',#3728);
#329=PLANE('',#3735);
#330=PLANE('',#3736);
#331=FACE_OUTER_BOUND('',#520,.T.);
#332=FACE_OUTER_BOUND('',#521,.T.);
#333=FACE_OUTER_BOUND('',#522,.T.);
#334=FACE_OUTER_BOUND('',#523,.T.);
#335=FACE_OUTER_BOUND('',#525,.T.);
#336=FACE_OUTER_BOUND('',#527,.T.);
#337=FACE_OUTER_BOUND('',#528,.T.);
#338=FACE_OUTER_BOUND('',#529,.T.);
#339=FACE_OUTER_BOUND('',#531,.T.);
#340=FACE_OUTER_BOUND('',#533,.T.);
#341=FACE_OUTER_BOUND('',#535,.T.);
#342=FACE_OUTER_BOUND('',#537,.T.);
#343=FACE_OUTER_BOUND('',#538,.T.);
#344=FACE_OUTER_BOUND('',#539,.T.);
#345=FACE_OUTER_BOUND('',#540,.T.);
#346=FACE_OUTER_BOUND('',#541,.T.);
#347=FACE_OUTER_BOUND('',#543,.T.);
#348=FACE_OUTER_BOUND('',#545,.T.);
#349=FACE_OUTER_BOUND('',#553,.T.);
#350=FACE_OUTER_BOUND('',#566,.T.);
#351=FACE_OUTER_BOUND('',#567,.T.);
#352=FACE_OUTER_BOUND('',#568,.T.);
#353=FACE_OUTER_BOUND('',#569,.T.);
#354=FACE_OUTER_BOUND('',#570,.T.);
#355=FACE_OUTER_BOUND('',#571,.T.);
#356=FACE_OUTER_BOUND('',#572,.T.);
#357=FACE_OUTER_BOUND('',#573,.T.);
#358=FACE_OUTER_BOUND('',#574,.T.);
#359=FACE_OUTER_BOUND('',#575,.T.);
#360=FACE_OUTER_BOUND('',#576,.T.);
#361=FACE_OUTER_BOUND('',#577,.T.);
#362=FACE_OUTER_BOUND('',#578,.T.);
#363=FACE_OUTER_BOUND('',#579,.T.);
#364=FACE_OUTER_BOUND('',#580,.T.);
#365=FACE_OUTER_BOUND('',#581,.T.);
#366=FACE_OUTER_BOUND('',#582,.T.);
#367=FACE_OUTER_BOUND('',#583,.T.);
#368=FACE_OUTER_BOUND('',#584,.T.);
#369=FACE_OUTER_BOUND('',#585,.T.);
#370=FACE_OUTER_BOUND('',#586,.T.);
#371=FACE_OUTER_BOUND('',#587,.T.);
#372=FACE_OUTER_BOUND('',#588,.T.);
#373=FACE_OUTER_BOUND('',#589,.T.);
#374=FACE_OUTER_BOUND('',#590,.T.);
#375=FACE_OUTER_BOUND('',#591,.T.);
#376=FACE_OUTER_BOUND('',#592,.T.);
#377=FACE_OUTER_BOUND('',#593,.T.);
#378=FACE_OUTER_BOUND('',#594,.T.);
#379=FACE_OUTER_BOUND('',#595,.T.);
#380=FACE_OUTER_BOUND('',#596,.T.);
#381=FACE_OUTER_BOUND('',#597,.T.);
#382=FACE_OUTER_BOUND('',#598,.T.);
#383=FACE_OUTER_BOUND('',#599,.T.);
#384=FACE_OUTER_BOUND('',#600,.T.);
#385=FACE_OUTER_BOUND('',#601,.T.);
#386=FACE_OUTER_BOUND('',#602,.T.);
#387=FACE_OUTER_BOUND('',#603,.T.);
#388=FACE_OUTER_BOUND('',#604,.T.);
#389=FACE_OUTER_BOUND('',#606,.T.);
#390=FACE_OUTER_BOUND('',#607,.T.);
#391=FACE_OUTER_BOUND('',#608,.T.);
#392=FACE_OUTER_BOUND('',#609,.T.);
#393=FACE_OUTER_BOUND('',#610,.T.);
#394=FACE_OUTER_BOUND('',#611,.T.);
#395=FACE_OUTER_BOUND('',#612,.T.);
#396=FACE_OUTER_BOUND('',#613,.T.);
#397=FACE_OUTER_BOUND('',#614,.T.);
#398=FACE_OUTER_BOUND('',#615,.T.);
#399=FACE_OUTER_BOUND('',#616,.T.);
#400=FACE_OUTER_BOUND('',#617,.T.);
#401=FACE_OUTER_BOUND('',#618,.T.);
#402=FACE_OUTER_BOUND('',#619,.T.);
#403=FACE_OUTER_BOUND('',#620,.T.);
#404=FACE_OUTER_BOUND('',#621,.T.);
#405=FACE_OUTER_BOUND('',#622,.T.);
#406=FACE_OUTER_BOUND('',#623,.T.);
#407=FACE_OUTER_BOUND('',#624,.T.);
#408=FACE_OUTER_BOUND('',#625,.T.);
#409=FACE_OUTER_BOUND('',#626,.T.);
#410=FACE_OUTER_BOUND('',#627,.T.);
#411=FACE_OUTER_BOUND('',#628,.T.);
#412=FACE_OUTER_BOUND('',#629,.T.);
#413=FACE_OUTER_BOUND('',#630,.T.);
#414=FACE_OUTER_BOUND('',#631,.T.);
#415=FACE_OUTER_BOUND('',#632,.T.);
#416=FACE_OUTER_BOUND('',#633,.T.);
#417=FACE_OUTER_BOUND('',#634,.T.);
#418=FACE_OUTER_BOUND('',#635,.T.);
#419=FACE_OUTER_BOUND('',#636,.T.);
#420=FACE_OUTER_BOUND('',#637,.T.);
#421=FACE_OUTER_BOUND('',#638,.T.);
#422=FACE_OUTER_BOUND('',#639,.T.);
#423=FACE_OUTER_BOUND('',#640,.T.);
#424=FACE_OUTER_BOUND('',#641,.T.);
#425=FACE_OUTER_BOUND('',#642,.T.);
#426=FACE_OUTER_BOUND('',#643,.T.);
#427=FACE_OUTER_BOUND('',#644,.T.);
#428=FACE_OUTER_BOUND('',#645,.T.);
#429=FACE_OUTER_BOUND('',#646,.T.);
#430=FACE_OUTER_BOUND('',#647,.T.);
#431=FACE_OUTER_BOUND('',#648,.T.);
#432=FACE_OUTER_BOUND('',#649,.T.);
#433=FACE_OUTER_BOUND('',#650,.T.);
#434=FACE_OUTER_BOUND('',#651,.T.);
#435=FACE_OUTER_BOUND('',#652,.T.);
#436=FACE_OUTER_BOUND('',#653,.T.);
#437=FACE_OUTER_BOUND('',#654,.T.);
#438=FACE_OUTER_BOUND('',#655,.T.);
#439=FACE_OUTER_BOUND('',#656,.T.);
#440=FACE_OUTER_BOUND('',#657,.T.);
#441=FACE_OUTER_BOUND('',#658,.T.);
#442=FACE_OUTER_BOUND('',#659,.T.);
#443=FACE_OUTER_BOUND('',#660,.T.);
#444=FACE_OUTER_BOUND('',#661,.T.);
#445=FACE_OUTER_BOUND('',#662,.T.);
#446=FACE_OUTER_BOUND('',#663,.T.);
#447=FACE_OUTER_BOUND('',#664,.T.);
#448=FACE_OUTER_BOUND('',#665,.T.);
#449=FACE_OUTER_BOUND('',#666,.T.);
#450=FACE_OUTER_BOUND('',#667,.T.);
#451=FACE_OUTER_BOUND('',#668,.T.);
#452=FACE_OUTER_BOUND('',#669,.T.);
#453=FACE_OUTER_BOUND('',#670,.T.);
#454=FACE_OUTER_BOUND('',#671,.T.);
#455=FACE_OUTER_BOUND('',#672,.T.);
#456=FACE_OUTER_BOUND('',#673,.T.);
#457=FACE_OUTER_BOUND('',#674,.T.);
#458=FACE_OUTER_BOUND('',#675,.T.);
#459=FACE_OUTER_BOUND('',#676,.T.);
#460=FACE_OUTER_BOUND('',#677,.T.);
#461=FACE_OUTER_BOUND('',#678,.T.);
#462=FACE_OUTER_BOUND('',#679,.T.);
#463=FACE_OUTER_BOUND('',#681,.T.);
#464=FACE_OUTER_BOUND('',#682,.T.);
#465=FACE_OUTER_BOUND('',#683,.T.);
#466=FACE_OUTER_BOUND('',#684,.T.);
#467=FACE_OUTER_BOUND('',#687,.T.);
#468=FACE_OUTER_BOUND('',#688,.T.);
#469=FACE_OUTER_BOUND('',#689,.T.);
#470=FACE_OUTER_BOUND('',#690,.T.);
#471=FACE_OUTER_BOUND('',#691,.T.);
#472=FACE_OUTER_BOUND('',#693,.T.);
#473=FACE_OUTER_BOUND('',#694,.T.);
#474=FACE_OUTER_BOUND('',#695,.T.);
#475=FACE_OUTER_BOUND('',#696,.T.);
#476=FACE_OUTER_BOUND('',#697,.T.);
#477=FACE_OUTER_BOUND('',#698,.T.);
#478=FACE_OUTER_BOUND('',#706,.T.);
#479=FACE_OUTER_BOUND('',#707,.T.);
#480=FACE_OUTER_BOUND('',#708,.T.);
#481=FACE_OUTER_BOUND('',#709,.T.);
#482=FACE_OUTER_BOUND('',#710,.T.);
#483=FACE_OUTER_BOUND('',#711,.T.);
#484=FACE_OUTER_BOUND('',#712,.T.);
#485=FACE_OUTER_BOUND('',#713,.T.);
#486=FACE_OUTER_BOUND('',#714,.T.);
#487=FACE_OUTER_BOUND('',#715,.T.);
#488=FACE_OUTER_BOUND('',#717,.T.);
#489=FACE_OUTER_BOUND('',#718,.T.);
#490=FACE_OUTER_BOUND('',#719,.T.);
#491=FACE_OUTER_BOUND('',#720,.T.);
#492=FACE_OUTER_BOUND('',#722,.T.);
#493=FACE_OUTER_BOUND('',#723,.T.);
#494=FACE_OUTER_BOUND('',#724,.T.);
#495=FACE_OUTER_BOUND('',#725,.T.);
#496=FACE_OUTER_BOUND('',#726,.T.);
#497=FACE_OUTER_BOUND('',#727,.T.);
#498=FACE_OUTER_BOUND('',#728,.T.);
#499=FACE_OUTER_BOUND('',#729,.T.);
#500=FACE_OUTER_BOUND('',#730,.T.);
#501=FACE_OUTER_BOUND('',#731,.T.);
#502=FACE_OUTER_BOUND('',#732,.T.);
#503=FACE_OUTER_BOUND('',#733,.T.);
#504=FACE_OUTER_BOUND('',#734,.T.);
#505=FACE_OUTER_BOUND('',#736,.T.);
#506=FACE_OUTER_BOUND('',#737,.T.);
#507=FACE_OUTER_BOUND('',#738,.T.);
#508=FACE_OUTER_BOUND('',#740,.T.);
#509=FACE_OUTER_BOUND('',#742,.T.);
#510=FACE_OUTER_BOUND('',#743,.T.);
#511=FACE_OUTER_BOUND('',#744,.T.);
#512=FACE_OUTER_BOUND('',#746,.T.);
#513=FACE_OUTER_BOUND('',#748,.T.);
#514=FACE_OUTER_BOUND('',#749,.T.);
#515=FACE_OUTER_BOUND('',#750,.T.);
#516=FACE_OUTER_BOUND('',#752,.T.);
#517=FACE_OUTER_BOUND('',#753,.T.);
#518=FACE_OUTER_BOUND('',#754,.T.);
#519=FACE_OUTER_BOUND('',#756,.T.);
#520=EDGE_LOOP('',(#2248,#2249,#2250,#2251));
#521=EDGE_LOOP('',(#2252,#2253,#2254,#2255));
#522=EDGE_LOOP('',(#2256,#2257,#2258,#2259));
#523=EDGE_LOOP('',(#2260,#2261));
#524=EDGE_LOOP('',(#2262));
#525=EDGE_LOOP('',(#2263,#2264));
#526=EDGE_LOOP('',(#2265));
#527=EDGE_LOOP('',(#2266,#2267,#2268,#2269));
#528=EDGE_LOOP('',(#2270,#2271,#2272,#2273));
#529=EDGE_LOOP('',(#2274));
#530=EDGE_LOOP('',(#2275));
#531=EDGE_LOOP('',(#2276));
#532=EDGE_LOOP('',(#2277));
#533=EDGE_LOOP('',(#2278));
#534=EDGE_LOOP('',(#2279));
#535=EDGE_LOOP('',(#2280));
#536=EDGE_LOOP('',(#2281));
#537=EDGE_LOOP('',(#2282,#2283,#2284,#2285));
#538=EDGE_LOOP('',(#2286,#2287,#2288,#2289));
#539=EDGE_LOOP('',(#2290,#2291,#2292,#2293));
#540=EDGE_LOOP('',(#2294,#2295,#2296,#2297));
#541=EDGE_LOOP('',(#2298));
#542=EDGE_LOOP('',(#2299));
#543=EDGE_LOOP('',(#2300));
#544=EDGE_LOOP('',(#2301));
#545=EDGE_LOOP('',(#2302,#2303,#2304,#2305));
#546=EDGE_LOOP('',(#2306));
#547=EDGE_LOOP('',(#2307));
#548=EDGE_LOOP('',(#2308));
#549=EDGE_LOOP('',(#2309));
#550=EDGE_LOOP('',(#2310));
#551=EDGE_LOOP('',(#2311));
#552=EDGE_LOOP('',(#2312,#2313,#2314,#2315,#2316,#2317,#2318,#2319));
#553=EDGE_LOOP('',(#2320,#2321,#2322,#2323));
#554=EDGE_LOOP('',(#2324));
#555=EDGE_LOOP('',(#2325));
#556=EDGE_LOOP('',(#2326));
#557=EDGE_LOOP('',(#2327));
#558=EDGE_LOOP('',(#2328));
#559=EDGE_LOOP('',(#2329));
#560=EDGE_LOOP('',(#2330,#2331,#2332,#2333,#2334,#2335,#2336,#2337,#2338,
#2339,#2340,#2341,#2342));
#561=EDGE_LOOP('',(#2343,#2344,#2345,#2346,#2347,#2348,#2349,#2350,#2351));
#562=EDGE_LOOP('',(#2352,#2353,#2354,#2355,#2356,#2357,#2358,#2359,#2360,
#2361));
#563=EDGE_LOOP('',(#2362,#2363,#2364,#2365,#2366,#2367,#2368,#2369,#2370,
#2371,#2372,#2373,#2374,#2375,#2376,#2377,#2378,#2379));
#564=EDGE_LOOP('',(#2380,#2381,#2382,#2383,#2384,#2385,#2386,#2387,#2388,
#2389,#2390,#2391,#2392,#2393,#2394,#2395,#2396,#2397,#2398,#2399));
#565=EDGE_LOOP('',(#2400,#2401,#2402,#2403,#2404,#2405,#2406,#2407));
#566=EDGE_LOOP('',(#2408,#2409,#2410,#2411));
#567=EDGE_LOOP('',(#2412,#2413,#2414,#2415));
#568=EDGE_LOOP('',(#2416,#2417,#2418,#2419));
#569=EDGE_LOOP('',(#2420,#2421,#2422,#2423));
#570=EDGE_LOOP('',(#2424,#2425,#2426,#2427));
#571=EDGE_LOOP('',(#2428,#2429,#2430,#2431));
#572=EDGE_LOOP('',(#2432,#2433,#2434,#2435,#2436,#2437,#2438,#2439));
#573=EDGE_LOOP('',(#2440,#2441,#2442,#2443));
#574=EDGE_LOOP('',(#2444,#2445,#2446,#2447));
#575=EDGE_LOOP('',(#2448,#2449,#2450,#2451));
#576=EDGE_LOOP('',(#2452,#2453,#2454,#2455));
#577=EDGE_LOOP('',(#2456,#2457,#2458,#2459));
#578=EDGE_LOOP('',(#2460,#2461,#2462,#2463));
#579=EDGE_LOOP('',(#2464,#2465,#2466,#2467));
#580=EDGE_LOOP('',(#2468,#2469,#2470,#2471));
#581=EDGE_LOOP('',(#2472,#2473,#2474,#2475));
#582=EDGE_LOOP('',(#2476,#2477,#2478,#2479));
#583=EDGE_LOOP('',(#2480,#2481,#2482,#2483));
#584=EDGE_LOOP('',(#2484,#2485,#2486,#2487));
#585=EDGE_LOOP('',(#2488,#2489,#2490,#2491));
#586=EDGE_LOOP('',(#2492,#2493,#2494,#2495,#2496,#2497,#2498,#2499,#2500,
#2501,#2502,#2503,#2504));
#587=EDGE_LOOP('',(#2505,#2506,#2507,#2508));
#588=EDGE_LOOP('',(#2509,#2510,#2511,#2512));
#589=EDGE_LOOP('',(#2513,#2514,#2515,#2516));
#590=EDGE_LOOP('',(#2517,#2518,#2519,#2520));
#591=EDGE_LOOP('',(#2521,#2522,#2523,#2524));
#592=EDGE_LOOP('',(#2525,#2526,#2527,#2528));
#593=EDGE_LOOP('',(#2529,#2530,#2531,#2532));
#594=EDGE_LOOP('',(#2533,#2534,#2535,#2536));
#595=EDGE_LOOP('',(#2537,#2538,#2539,#2540));
#596=EDGE_LOOP('',(#2541,#2542,#2543,#2544));
#597=EDGE_LOOP('',(#2545,#2546,#2547,#2548));
#598=EDGE_LOOP('',(#2549,#2550,#2551,#2552));
#599=EDGE_LOOP('',(#2553,#2554,#2555,#2556));
#600=EDGE_LOOP('',(#2557,#2558,#2559,#2560));
#601=EDGE_LOOP('',(#2561,#2562,#2563,#2564));
#602=EDGE_LOOP('',(#2565,#2566,#2567,#2568));
#603=EDGE_LOOP('',(#2569,#2570,#2571,#2572));
#604=EDGE_LOOP('',(#2573,#2574,#2575,#2576,#2577,#2578,#2579,#2580,#2581));
#605=EDGE_LOOP('',(#2582,#2583,#2584,#2585,#2586,#2587,#2588,#2589));
#606=EDGE_LOOP('',(#2590,#2591,#2592,#2593));
#607=EDGE_LOOP('',(#2594,#2595,#2596,#2597));
#608=EDGE_LOOP('',(#2598,#2599,#2600,#2601));
#609=EDGE_LOOP('',(#2602,#2603,#2604,#2605));
#610=EDGE_LOOP('',(#2606,#2607,#2608,#2609));
#611=EDGE_LOOP('',(#2610,#2611,#2612,#2613));
#612=EDGE_LOOP('',(#2614,#2615,#2616,#2617));
#613=EDGE_LOOP('',(#2618,#2619,#2620,#2621));
#614=EDGE_LOOP('',(#2622,#2623,#2624,#2625));
#615=EDGE_LOOP('',(#2626,#2627,#2628,#2629));
#616=EDGE_LOOP('',(#2630,#2631,#2632,#2633,#2634,#2635,#2636,#2637,#2638,
#2639));
#617=EDGE_LOOP('',(#2640,#2641,#2642,#2643));
#618=EDGE_LOOP('',(#2644,#2645,#2646,#2647));
#619=EDGE_LOOP('',(#2648,#2649,#2650,#2651));
#620=EDGE_LOOP('',(#2652,#2653,#2654,#2655));
#621=EDGE_LOOP('',(#2656,#2657,#2658,#2659));
#622=EDGE_LOOP('',(#2660,#2661,#2662,#2663));
#623=EDGE_LOOP('',(#2664,#2665,#2666,#2667));
#624=EDGE_LOOP('',(#2668,#2669,#2670,#2671));
#625=EDGE_LOOP('',(#2672,#2673,#2674,#2675));
#626=EDGE_LOOP('',(#2676,#2677,#2678,#2679));
#627=EDGE_LOOP('',(#2680,#2681,#2682,#2683));
#628=EDGE_LOOP('',(#2684,#2685,#2686,#2687));
#629=EDGE_LOOP('',(#2688,#2689,#2690,#2691));
#630=EDGE_LOOP('',(#2692,#2693,#2694,#2695));
#631=EDGE_LOOP('',(#2696,#2697,#2698,#2699));
#632=EDGE_LOOP('',(#2700,#2701,#2702,#2703));
#633=EDGE_LOOP('',(#2704,#2705,#2706,#2707));
#634=EDGE_LOOP('',(#2708,#2709,#2710,#2711));
#635=EDGE_LOOP('',(#2712,#2713,#2714,#2715,#2716,#2717,#2718,#2719,#2720,
#2721,#2722,#2723,#2724,#2725,#2726,#2727,#2728,#2729));
#636=EDGE_LOOP('',(#2730,#2731,#2732,#2733));
#637=EDGE_LOOP('',(#2734,#2735,#2736,#2737));
#638=EDGE_LOOP('',(#2738,#2739,#2740,#2741));
#639=EDGE_LOOP('',(#2742,#2743,#2744,#2745));
#640=EDGE_LOOP('',(#2746,#2747,#2748,#2749));
#641=EDGE_LOOP('',(#2750,#2751,#2752,#2753));
#642=EDGE_LOOP('',(#2754,#2755,#2756,#2757));
#643=EDGE_LOOP('',(#2758,#2759,#2760,#2761));
#644=EDGE_LOOP('',(#2762,#2763,#2764,#2765));
#645=EDGE_LOOP('',(#2766,#2767,#2768,#2769));
#646=EDGE_LOOP('',(#2770,#2771,#2772,#2773));
#647=EDGE_LOOP('',(#2774,#2775,#2776,#2777));
#648=EDGE_LOOP('',(#2778,#2779,#2780,#2781));
#649=EDGE_LOOP('',(#2782,#2783,#2784,#2785));
#650=EDGE_LOOP('',(#2786,#2787,#2788,#2789));
#651=EDGE_LOOP('',(#2790,#2791,#2792,#2793));
#652=EDGE_LOOP('',(#2794,#2795,#2796,#2797));
#653=EDGE_LOOP('',(#2798,#2799,#2800,#2801));
#654=EDGE_LOOP('',(#2802,#2803,#2804,#2805));
#655=EDGE_LOOP('',(#2806,#2807,#2808,#2809));
#656=EDGE_LOOP('',(#2810,#2811,#2812,#2813,#2814,#2815,#2816,#2817,#2818,
#2819,#2820,#2821,#2822,#2823,#2824,#2825,#2826,#2827,#2828,#2829));
#657=EDGE_LOOP('',(#2830,#2831,#2832,#2833));
#658=EDGE_LOOP('',(#2834,#2835,#2836,#2837));
#659=EDGE_LOOP('',(#2838,#2839,#2840,#2841));
#660=EDGE_LOOP('',(#2842,#2843,#2844,#2845));
#661=EDGE_LOOP('',(#2846,#2847,#2848,#2849));
#662=EDGE_LOOP('',(#2850,#2851,#2852,#2853));
#663=EDGE_LOOP('',(#2854,#2855,#2856,#2857));
#664=EDGE_LOOP('',(#2858,#2859,#2860,#2861));
#665=EDGE_LOOP('',(#2862,#2863,#2864,#2865));
#666=EDGE_LOOP('',(#2866,#2867,#2868,#2869));
#667=EDGE_LOOP('',(#2870,#2871,#2872,#2873));
#668=EDGE_LOOP('',(#2874,#2875,#2876,#2877));
#669=EDGE_LOOP('',(#2878,#2879,#2880,#2881));
#670=EDGE_LOOP('',(#2882,#2883,#2884,#2885));
#671=EDGE_LOOP('',(#2886));
#672=EDGE_LOOP('',(#2887,#2888,#2889,#2890));
#673=EDGE_LOOP('',(#2891));
#674=EDGE_LOOP('',(#2892,#2893,#2894,#2895));
#675=EDGE_LOOP('',(#2896,#2897,#2898,#2899));
#676=EDGE_LOOP('',(#2900,#2901,#2902,#2903));
#677=EDGE_LOOP('',(#2904,#2905,#2906,#2907));
#678=EDGE_LOOP('',(#2908,#2909,#2910,#2911));
#679=EDGE_LOOP('',(#2912,#2913,#2914,#2915));
#680=EDGE_LOOP('',(#2916));
#681=EDGE_LOOP('',(#2917,#2918,#2919,#2920));
#682=EDGE_LOOP('',(#2921,#2922,#2923,#2924));
#683=EDGE_LOOP('',(#2925,#2926,#2927,#2928));
#684=EDGE_LOOP('',(#2929,#2930,#2931,#2932));
#685=EDGE_LOOP('',(#2933));
#686=EDGE_LOOP('',(#2934));
#687=EDGE_LOOP('',(#2935,#2936,#2937,#2938,#2939,#2940,#2941,#2942,#2943,
#2944,#2945,#2946,#2947));
#688=EDGE_LOOP('',(#2948,#2949,#2950,#2951));
#689=EDGE_LOOP('',(#2952,#2953,#2954,#2955));
#690=EDGE_LOOP('',(#2956,#2957,#2958,#2959));
#691=EDGE_LOOP('',(#2960,#2961,#2962,#2963,#2964));
#692=EDGE_LOOP('',(#2965));
#693=EDGE_LOOP('',(#2966,#2967,#2968,#2969,#2970,#2971,#2972,#2973,#2974,
#2975,#2976,#2977,#2978));
#694=EDGE_LOOP('',(#2979,#2980,#2981,#2982,#2983,#2984));
#695=EDGE_LOOP('',(#2985,#2986,#2987,#2988,#2989));
#696=EDGE_LOOP('',(#2990,#2991,#2992,#2993,#2994,#2995));
#697=EDGE_LOOP('',(#2996,#2997,#2998,#2999,#3000));
#698=EDGE_LOOP('',(#3001,#3002,#3003,#3004,#3005));
#699=EDGE_LOOP('',(#3006));
#700=EDGE_LOOP('',(#3007));
#701=EDGE_LOOP('',(#3008,#3009,#3010,#3011));
#702=EDGE_LOOP('',(#3012));
#703=EDGE_LOOP('',(#3013));
#704=EDGE_LOOP('',(#3014));
#705=EDGE_LOOP('',(#3015));
#706=EDGE_LOOP('',(#3016,#3017,#3018,#3019,#3020,#3021,#3022,#3023));
#707=EDGE_LOOP('',(#3024,#3025,#3026,#3027));
#708=EDGE_LOOP('',(#3028,#3029,#3030,#3031));
#709=EDGE_LOOP('',(#3032,#3033,#3034,#3035));
#710=EDGE_LOOP('',(#3036,#3037,#3038,#3039,#3040,#3041));
#711=EDGE_LOOP('',(#3042,#3043,#3044,#3045,#3046,#3047,#3048,#3049));
#712=EDGE_LOOP('',(#3050,#3051,#3052,#3053));
#713=EDGE_LOOP('',(#3054,#3055,#3056,#3057));
#714=EDGE_LOOP('',(#3058,#3059,#3060,#3061,#3062,#3063));
#715=EDGE_LOOP('',(#3064,#3065,#3066,#3067,#3068));
#716=EDGE_LOOP('',(#3069));
#717=EDGE_LOOP('',(#3070,#3071,#3072,#3073));
#718=EDGE_LOOP('',(#3074,#3075,#3076,#3077));
#719=EDGE_LOOP('',(#3078,#3079,#3080,#3081));
#720=EDGE_LOOP('',(#3082,#3083,#3084,#3085,#3086));
#721=EDGE_LOOP('',(#3087));
#722=EDGE_LOOP('',(#3088,#3089,#3090,#3091,#3092,#3093));
#723=EDGE_LOOP('',(#3094,#3095,#3096,#3097,#3098,#3099,#3100,#3101));
#724=EDGE_LOOP('',(#3102,#3103,#3104,#3105));
#725=EDGE_LOOP('',(#3106,#3107,#3108,#3109,#3110,#3111));
#726=EDGE_LOOP('',(#3112,#3113,#3114,#3115));
#727=EDGE_LOOP('',(#3116,#3117,#3118,#3119));
#728=EDGE_LOOP('',(#3120,#3121,#3122,#3123,#3124,#3125,#3126,#3127));
#729=EDGE_LOOP('',(#3128,#3129,#3130,#3131));
#730=EDGE_LOOP('',(#3132,#3133,#3134,#3135));
#731=EDGE_LOOP('',(#3136,#3137,#3138,#3139));
#732=EDGE_LOOP('',(#3140,#3141,#3142,#3143));
#733=EDGE_LOOP('',(#3144,#3145,#3146,#3147,#3148,#3149));
#734=EDGE_LOOP('',(#3150,#3151,#3152,#3153,#3154));
#735=EDGE_LOOP('',(#3155));
#736=EDGE_LOOP('',(#3156,#3157,#3158,#3159,#3160,#3161));
#737=EDGE_LOOP('',(#3162,#3163,#3164,#3165));
#738=EDGE_LOOP('',(#3166,#3167,#3168,#3169,#3170));
#739=EDGE_LOOP('',(#3171));
#740=EDGE_LOOP('',(#3172));
#741=EDGE_LOOP('',(#3173));
#742=EDGE_LOOP('',(#3174,#3175,#3176,#3177));
#743=EDGE_LOOP('',(#3178,#3179,#3180,#3181));
#744=EDGE_LOOP('',(#3182));
#745=EDGE_LOOP('',(#3183));
#746=EDGE_LOOP('',(#3184));
#747=EDGE_LOOP('',(#3185));
#748=EDGE_LOOP('',(#3186,#3187,#3188,#3189));
#749=EDGE_LOOP('',(#3190,#3191,#3192,#3193));
#750=EDGE_LOOP('',(#3194));
#751=EDGE_LOOP('',(#3195));
#752=EDGE_LOOP('',(#3196,#3197,#3198,#3199));
#753=EDGE_LOOP('',(#3200,#3201,#3202,#3203));
#754=EDGE_LOOP('',(#3204));
#755=EDGE_LOOP('',(#3205));
#756=EDGE_LOOP('',(#3206));
#757=EDGE_LOOP('',(#3207));
#758=CIRCLE('',#3487,1.5);
#759=CIRCLE('',#3488,1.5);
#760=CIRCLE('',#3490,0.875);
#761=CIRCLE('',#3491,0.875);
#762=CIRCLE('',#3493,1.5);
#763=CIRCLE('',#3494,1.5);
#764=CIRCLE('',#3498,0.875);
#765=CIRCLE('',#3499,0.875);
#766=CIRCLE('',#3501,1.5);
#767=CIRCLE('',#3502,1.5);
#768=CIRCLE('',#3506,1.5);
#769=CIRCLE('',#3507,0.875);
#770=CIRCLE('',#3509,1.5);
#771=CIRCLE('',#3510,0.875);
#772=CIRCLE('',#3514,0.875);
#773=CIRCLE('',#3515,0.875);
#774=CIRCLE('',#3517,1.5);
#775=CIRCLE('',#3518,1.5);
#776=CIRCLE('',#3522,27.5);
#777=CIRCLE('',#3523,27.5);
#778=CIRCLE('',#3524,1.5);
#779=CIRCLE('',#3525,1.5);
#780=CIRCLE('',#3526,1.5);
#781=CIRCLE('',#3527,1.5);
#782=CIRCLE('',#3528,15.75);
#783=CIRCLE('',#3529,16.5);
#784=CIRCLE('',#3531,27.5);
#785=CIRCLE('',#3532,27.5);
#786=CIRCLE('',#3533,1.5);
#787=CIRCLE('',#3534,1.5);
#788=CIRCLE('',#3535,1.5);
#789=CIRCLE('',#3536,1.5);
#790=CIRCLE('',#3537,16.5);
#791=CIRCLE('',#3538,15.75);
#792=CIRCLE('',#3601,1.);
#793=CIRCLE('',#3602,1.);
#794=CIRCLE('',#3604,1.);
#795=CIRCLE('',#3605,1.);
#796=CIRCLE('',#3608,1.);
#797=CIRCLE('',#3609,1.);
#798=CIRCLE('',#3612,1.);
#799=CIRCLE('',#3613,1.);
#800=CIRCLE('',#3619,4.5);
#801=CIRCLE('',#3622,17.);
#802=CIRCLE('',#3623,21.75);
#803=CIRCLE('',#3626,17.);
#804=CIRCLE('',#3627,21.75);
#805=CIRCLE('',#3629,21.75);
#806=CIRCLE('',#3630,21.75);
#807=CIRCLE('',#3631,21.75);
#808=CIRCLE('',#3632,21.75);
#809=CIRCLE('',#3633,21.75);
#810=CIRCLE('',#3636,4.5);
#811=CIRCLE('',#3639,17.);
#812=CIRCLE('',#3640,17.);
#813=CIRCLE('',#3642,17.);
#814=CIRCLE('',#3643,17.);
#815=CIRCLE('',#3644,17.);
#816=CIRCLE('',#3646,15.75);
#817=CIRCLE('',#3647,15.75);
#818=CIRCLE('',#3648,0.625);
#819=CIRCLE('',#3650,15.75);
#820=CIRCLE('',#3652,20.5);
#821=CIRCLE('',#3653,20.5);
#822=CIRCLE('',#3654,0.625);
#823=CIRCLE('',#3656,20.5);
#824=CIRCLE('',#3660,19.);
#825=CIRCLE('',#3661,20.);
#826=CIRCLE('',#3662,2.5);
#827=CIRCLE('',#3663,3.5);
#828=CIRCLE('',#3666,3.5);
#829=CIRCLE('',#3669,20.);
#830=CIRCLE('',#3670,20.);
#831=CIRCLE('',#3673,13.);
#832=CIRCLE('',#3674,13.);
#833=CIRCLE('',#3677,19.);
#834=CIRCLE('',#3678,19.);
#835=CIRCLE('',#3681,2.5);
#836=CIRCLE('',#3687,20.);
#837=CIRCLE('',#3688,19.);
#838=CIRCLE('',#3689,3.5);
#839=CIRCLE('',#3690,2.5);
#840=CIRCLE('',#3693,20.);
#841=CIRCLE('',#3694,20.);
#842=CIRCLE('',#3696,2.5);
#843=CIRCLE('',#3700,13.);
#844=CIRCLE('',#3701,13.);
#845=CIRCLE('',#3705,3.5);
#846=CIRCLE('',#3707,19.);
#847=CIRCLE('',#3708,19.);
#848=CIRCLE('',#3714,3.);
#849=CIRCLE('',#3715,1.);
#850=CIRCLE('',#3717,1.);
#851=CIRCLE('',#3719,3.);
#852=CIRCLE('',#3722,3.);
#853=CIRCLE('',#3723,1.);
#854=CIRCLE('',#3725,1.);
#855=CIRCLE('',#3727,3.);
#856=CIRCLE('',#3730,1.);
#857=CIRCLE('',#3731,1.);
#858=CIRCLE('',#3733,3.);
#859=CIRCLE('',#3734,3.);
#860=LINE('',#4551,#1154);
#861=LINE('',#4555,#1155);
#862=LINE('',#4561,#1156);
#863=LINE('',#4572,#1157);
#864=LINE('',#4578,#1158);
#865=LINE('',#4593,#1159);
#866=LINE('',#4595,#1160);
#867=LINE('',#4600,#1161);
#868=LINE('',#4606,#1162);
#869=LINE('',#4615,#1163);
#870=LINE('',#4618,#1164);
#871=LINE('',#4633,#1165);
#872=LINE('',#4635,#1166);
#873=LINE('',#4637,#1167);
#874=LINE('',#4639,#1168);
#875=LINE('',#4641,#1169);
#876=LINE('',#4643,#1170);
#877=LINE('',#4645,#1171);
#878=LINE('',#4646,#1172);
#879=LINE('',#4652,#1173);
#880=LINE('',#4655,#1174);
#881=LINE('',#4670,#1175);
#882=LINE('',#4672,#1176);
#883=LINE('',#4674,#1177);
#884=LINE('',#4676,#1178);
#885=LINE('',#4678,#1179);
#886=LINE('',#4698,#1180);
#887=LINE('',#4778,#1181);
#888=LINE('',#4780,#1182);
#889=LINE('',#4782,#1183);
#890=LINE('',#4784,#1184);
#891=LINE('',#4786,#1185);
#892=LINE('',#4788,#1186);
#893=LINE('',#4790,#1187);
#894=LINE('',#4792,#1188);
#895=LINE('',#4794,#1189);
#896=LINE('',#4795,#1190);
#897=LINE('',#4798,#1191);
#898=LINE('',#4800,#1192);
#899=LINE('',#4802,#1193);
#900=LINE('',#4804,#1194);
#901=LINE('',#4806,#1195);
#902=LINE('',#4838,#1196);
#903=LINE('',#4840,#1197);
#904=LINE('',#4842,#1198);
#905=LINE('',#4886,#1199);
#906=LINE('',#4912,#1200);
#907=LINE('',#4914,#1201);
#908=LINE('',#4916,#1202);
#909=LINE('',#4918,#1203);
#910=LINE('',#4920,#1204);
#911=LINE('',#4922,#1205);
#912=LINE('',#4924,#1206);
#913=LINE('',#4926,#1207);
#914=LINE('',#4928,#1208);
#915=LINE('',#4930,#1209);
#916=LINE('',#4932,#1210);
#917=LINE('',#4946,#1211);
#918=LINE('',#4948,#1212);
#919=LINE('',#4950,#1213);
#920=LINE('',#4952,#1214);
#921=LINE('',#4954,#1215);
#922=LINE('',#4956,#1216);
#923=LINE('',#4958,#1217);
#924=LINE('',#4959,#1218);
#925=LINE('',#4961,#1219);
#926=LINE('',#4962,#1220);
#927=LINE('',#4964,#1221);
#928=LINE('',#4966,#1222);
#929=LINE('',#4969,#1223);
#930=LINE('',#4971,#1224);
#931=LINE('',#5024,#1225);
#932=LINE('',#5025,#1226);
#933=LINE('',#5026,#1227);
#934=LINE('',#5029,#1228);
#935=LINE('',#5030,#1229);
#936=LINE('',#5033,#1230);
#937=LINE('',#5034,#1231);
#938=LINE('',#5037,#1232);
#939=LINE('',#5038,#1233);
#940=LINE('',#5055,#1234);
#941=LINE('',#5072,#1235);
#942=LINE('',#5089,#1236);
#943=LINE('',#5092,#1237);
#944=LINE('',#5093,#1238);
#945=LINE('',#5110,#1239);
#946=LINE('',#5127,#1240);
#947=LINE('',#5144,#1241);
#948=LINE('',#5161,#1242);
#949=LINE('',#5163,#1243);
#950=LINE('',#5182,#1244);
#951=LINE('',#5183,#1245);
#952=LINE('',#5200,#1246);
#953=LINE('',#5217,#1247);
#954=LINE('',#5234,#1248);
#955=LINE('',#5251,#1249);
#956=LINE('',#5268,#1250);
#957=LINE('',#5285,#1251);
#958=LINE('',#5318,#1252);
#959=LINE('',#5319,#1253);
#960=LINE('',#5336,#1254);
#961=LINE('',#5353,#1255);
#962=LINE('',#5370,#1256);
#963=LINE('',#5387,#1257);
#964=LINE('',#5404,#1258);
#965=LINE('',#5421,#1259);
#966=LINE('',#5438,#1260);
#967=LINE('',#5458,#1261);
#968=LINE('',#5459,#1262);
#969=LINE('',#5460,#1263);
#970=LINE('',#5463,#1264);
#971=LINE('',#5464,#1265);
#972=LINE('',#5467,#1266);
#973=LINE('',#5468,#1267);
#974=LINE('',#5471,#1268);
#975=LINE('',#5472,#1269);
#976=LINE('',#5475,#1270);
#977=LINE('',#5476,#1271);
#978=LINE('',#5479,#1272);
#979=LINE('',#5480,#1273);
#980=LINE('',#5483,#1274);
#981=LINE('',#5484,#1275);
#982=LINE('',#5487,#1276);
#983=LINE('',#5488,#1277);
#984=LINE('',#5491,#1278);
#985=LINE('',#5492,#1279);
#986=LINE('',#5494,#1280);
#987=LINE('',#5499,#1281);
#988=LINE('',#5500,#1282);
#989=LINE('',#5501,#1283);
#990=LINE('',#5504,#1284);
#991=LINE('',#5505,#1285);
#992=LINE('',#5508,#1286);
#993=LINE('',#5509,#1287);
#994=LINE('',#5512,#1288);
#995=LINE('',#5513,#1289);
#996=LINE('',#5530,#1290);
#997=LINE('',#5547,#1291);
#998=LINE('',#5564,#1292);
#999=LINE('',#5581,#1293);
#1000=LINE('',#5598,#1294);
#1001=LINE('',#5601,#1295);
#1002=LINE('',#5602,#1296);
#1003=LINE('',#5605,#1297);
#1004=LINE('',#5606,#1298);
#1005=LINE('',#5609,#1299);
#1006=LINE('',#5610,#1300);
#1007=LINE('',#5627,#1301);
#1008=LINE('',#5644,#1302);
#1009=LINE('',#5661,#1303);
#1010=LINE('',#5678,#1304);
#1011=LINE('',#5695,#1305);
#1012=LINE('',#5697,#1306);
#1013=LINE('',#5716,#1307);
#1014=LINE('',#5717,#1308);
#1015=LINE('',#5720,#1309);
#1016=LINE('',#5721,#1310);
#1017=LINE('',#5738,#1311);
#1018=LINE('',#5755,#1312);
#1019=LINE('',#5772,#1313);
#1020=LINE('',#5789,#1314);
#1021=LINE('',#5792,#1315);
#1022=LINE('',#5793,#1316);
#1023=LINE('',#5796,#1317);
#1024=LINE('',#5797,#1318);
#1025=LINE('',#5800,#1319);
#1026=LINE('',#5801,#1320);
#1027=LINE('',#5804,#1321);
#1028=LINE('',#5805,#1322);
#1029=LINE('',#5808,#1323);
#1030=LINE('',#5809,#1324);
#1031=LINE('',#5812,#1325);
#1032=LINE('',#5813,#1326);
#1033=LINE('',#5816,#1327);
#1034=LINE('',#5817,#1328);
#1035=LINE('',#5820,#1329);
#1036=LINE('',#5821,#1330);
#1037=LINE('',#5824,#1331);
#1038=LINE('',#5825,#1332);
#1039=LINE('',#5828,#1333);
#1040=LINE('',#5829,#1334);
#1041=LINE('',#5832,#1335);
#1042=LINE('',#5833,#1336);
#1043=LINE('',#5850,#1337);
#1044=LINE('',#5867,#1338);
#1045=LINE('',#5885,#1339);
#1046=LINE('',#5887,#1340);
#1047=LINE('',#5889,#1341);
#1048=LINE('',#5891,#1342);
#1049=LINE('',#5893,#1343);
#1050=LINE('',#5894,#1344);
#1051=LINE('',#5896,#1345);
#1052=LINE('',#5898,#1346);
#1053=LINE('',#5900,#1347);
#1054=LINE('',#5902,#1348);
#1055=LINE('',#5904,#1349);
#1056=LINE('',#5906,#1350);
#1057=LINE('',#5913,#1351);
#1058=LINE('',#5919,#1352);
#1059=LINE('',#5926,#1353);
#1060=LINE('',#5933,#1354);
#1061=LINE('',#5938,#1355);
#1062=LINE('',#5940,#1356);
#1063=LINE('',#5942,#1357);
#1064=LINE('',#5943,#1358);
#1065=LINE('',#5946,#1359);
#1066=LINE('',#5948,#1360);
#1067=LINE('',#5949,#1361);
#1068=LINE('',#5952,#1362);
#1069=LINE('',#5954,#1363);
#1070=LINE('',#5955,#1364);
#1071=LINE('',#5957,#1365);
#1072=LINE('',#5958,#1366);
#1073=LINE('',#5965,#1367);
#1074=LINE('',#5967,#1368);
#1075=LINE('',#5969,#1369);
#1076=LINE('',#5970,#1370);
#1077=LINE('',#5976,#1371);
#1078=LINE('',#5980,#1372);
#1079=LINE('',#5982,#1373);
#1080=LINE('',#5984,#1374);
#1081=LINE('',#5985,#1375);
#1082=LINE('',#5990,#1376);
#1083=LINE('',#5998,#1377);
#1084=LINE('',#6001,#1378);
#1085=LINE('',#6004,#1379);
#1086=LINE('',#6008,#1380);
#1087=LINE('',#6009,#1381);
#1088=LINE('',#6013,#1382);
#1089=LINE('',#6016,#1383);
#1090=LINE('',#6017,#1384);
#1091=LINE('',#6027,#1385);
#1092=LINE('',#6037,#1386);
#1093=LINE('',#6047,#1387);
#1094=LINE('',#6056,#1388);
#1095=LINE('',#6062,#1389);
#1096=LINE('',#6064,#1390);
#1097=LINE('',#6066,#1391);
#1098=LINE('',#6070,#1392);
#1099=LINE('',#6072,#1393);
#1100=LINE('',#6073,#1394);
#1101=LINE('',#6076,#1395);
#1102=LINE('',#6079,#1396);
#1103=LINE('',#6082,#1397);
#1104=LINE('',#6083,#1398);
#1105=LINE('',#6088,#1399);
#1106=LINE('',#6091,#1400);
#1107=LINE('',#6094,#1401);
#1108=LINE('',#6096,#1402);
#1109=LINE('',#6098,#1403);
#1110=LINE('',#6100,#1404);
#1111=LINE('',#6102,#1405);
#1112=LINE('',#6103,#1406);
#1113=LINE('',#6108,#1407);
#1114=LINE('',#6112,#1408);
#1115=LINE('',#6114,#1409);
#1116=LINE('',#6115,#1410);
#1117=LINE('',#6123,#1411);
#1118=LINE('',#6125,#1412);
#1119=LINE('',#6127,#1413);
#1120=LINE('',#6128,#1414);
#1121=LINE('',#6136,#1415);
#1122=LINE('',#6142,#1416);
#1123=LINE('',#6144,#1417);
#1124=LINE('',#6146,#1418);
#1125=LINE('',#6150,#1419);
#1126=LINE('',#6152,#1420);
#1127=LINE('',#6153,#1421);
#1128=LINE('',#6156,#1422);
#1129=LINE('',#6160,#1423);
#1130=LINE('',#6164,#1424);
#1131=LINE('',#6168,#1425);
#1132=LINE('',#6169,#1426);
#1133=LINE('',#6172,#1427);
#1134=LINE('',#6174,#1428);
#1135=LINE('',#6176,#1429);
#1136=LINE('',#6178,#1430);
#1137=LINE('',#6180,#1431);
#1138=LINE('',#6181,#1432);
#1139=LINE('',#6186,#1433);
#1140=LINE('',#6190,#1434);
#1141=LINE('',#6192,#1435);
#1142=LINE('',#6193,#1436);
#1143=LINE('',#6196,#1437);
#1144=LINE('',#6197,#1438);
#1145=LINE('',#6200,#1439);
#1146=LINE('',#6207,#1440);
#1147=LINE('',#6209,#1441);
#1148=LINE('',#6218,#1442);
#1149=LINE('',#6223,#1443);
#1150=LINE('',#6232,#1444);
#1151=LINE('',#6237,#1445);
#1152=LINE('',#6243,#1446);
#1153=LINE('',#6249,#1447);
#1154=VECTOR('',#3746,1.5);
#1155=VECTOR('',#3749,10.);
#1156=VECTOR('',#3756,0.875);
#1157=VECTOR('',#3773,0.875);
#1158=VECTOR('',#3780,10.);
#1159=VECTOR('',#3801,10.);
#1160=VECTOR('',#3804,0.875);
#1161=VECTOR('',#3809,0.875);
#1162=VECTOR('',#3816,10.);
#1163=VECTOR('',#3827,10.);
#1164=VECTOR('',#3830,10.);
#1165=VECTOR('',#3843,10.);
#1166=VECTOR('',#3844,10.);
#1167=VECTOR('',#3845,10.);
#1168=VECTOR('',#3846,10.);
#1169=VECTOR('',#3847,10.);
#1170=VECTOR('',#3848,10.);
#1171=VECTOR('',#3849,10.);
#1172=VECTOR('',#3850,10.);
#1173=VECTOR('',#3855,10.);
#1174=VECTOR('',#3858,10.);
#1175=VECTOR('',#3871,10.);
#1176=VECTOR('',#3872,10.);
#1177=VECTOR('',#3873,10.);
#1178=VECTOR('',#3874,10.);
#1179=VECTOR('',#3875,10.);
#1180=VECTOR('',#3876,10.);
#1181=VECTOR('',#3877,10.);
#1182=VECTOR('',#3878,10.);
#1183=VECTOR('',#3879,10.);
#1184=VECTOR('',#3880,10.);
#1185=VECTOR('',#3881,10.);
#1186=VECTOR('',#3882,10.);
#1187=VECTOR('',#3883,10.);
#1188=VECTOR('',#3884,10.);
#1189=VECTOR('',#3885,10.);
#1190=VECTOR('',#3886,10.);
#1191=VECTOR('',#3887,10.);
#1192=VECTOR('',#3888,10.);
#1193=VECTOR('',#3889,10.);
#1194=VECTOR('',#3890,10.);
#1195=VECTOR('',#3891,10.);
#1196=VECTOR('',#3892,10.);
#1197=VECTOR('',#3893,10.);
#1198=VECTOR('',#3894,10.);
#1199=VECTOR('',#3895,10.);
#1200=VECTOR('',#3896,10.);
#1201=VECTOR('',#3897,10.);
#1202=VECTOR('',#3898,10.);
#1203=VECTOR('',#3899,10.);
#1204=VECTOR('',#3900,10.);
#1205=VECTOR('',#3901,10.);
#1206=VECTOR('',#3902,10.);
#1207=VECTOR('',#3903,10.);
#1208=VECTOR('',#3904,10.);
#1209=VECTOR('',#3905,10.);
#1210=VECTOR('',#3906,10.);
#1211=VECTOR('',#3907,10.);
#1212=VECTOR('',#3908,10.);
#1213=VECTOR('',#3909,10.);
#1214=VECTOR('',#3910,10.);
#1215=VECTOR('',#3911,10.);
#1216=VECTOR('',#3912,10.);
#1217=VECTOR('',#3913,10.);
#1218=VECTOR('',#3914,10.);
#1219=VECTOR('',#3917,10.);
#1220=VECTOR('',#3918,10.);
#1221=VECTOR('',#3921,10.);
#1222=VECTOR('',#3924,10.);
#1223=VECTOR('',#3929,15.75);
#1224=VECTOR('',#3932,16.5);
#1225=VECTOR('',#3937,10.);
#1226=VECTOR('',#3938,10.);
#1227=VECTOR('',#3939,10.);
#1228=VECTOR('',#3942,10.);
#1229=VECTOR('',#3943,10.);
#1230=VECTOR('',#3946,10.);
#1231=VECTOR('',#3947,10.);
#1232=VECTOR('',#3950,10.);
#1233=VECTOR('',#3951,10.);
#1234=VECTOR('',#3952,10.);
#1235=VECTOR('',#3953,10.);
#1236=VECTOR('',#3954,10.);
#1237=VECTOR('',#3957,10.);
#1238=VECTOR('',#3958,10.);
#1239=VECTOR('',#3959,10.);
#1240=VECTOR('',#3960,10.);
#1241=VECTOR('',#3961,10.);
#1242=VECTOR('',#3962,10.);
#1243=VECTOR('',#3965,10.);
#1244=VECTOR('',#3968,10.);
#1245=VECTOR('',#3969,10.);
#1246=VECTOR('',#3970,10.);
#1247=VECTOR('',#3971,10.);
#1248=VECTOR('',#3972,10.);
#1249=VECTOR('',#3973,10.);
#1250=VECTOR('',#3974,10.);
#1251=VECTOR('',#3975,10.);
#1252=VECTOR('',#3976,10.);
#1253=VECTOR('',#3977,10.);
#1254=VECTOR('',#3978,10.);
#1255=VECTOR('',#3979,10.);
#1256=VECTOR('',#3980,10.);
#1257=VECTOR('',#3981,10.);
#1258=VECTOR('',#3982,10.);
#1259=VECTOR('',#3983,10.);
#1260=VECTOR('',#3984,10.);
#1261=VECTOR('',#3989,10.);
#1262=VECTOR('',#3990,10.);
#1263=VECTOR('',#3991,10.);
#1264=VECTOR('',#3994,10.);
#1265=VECTOR('',#3995,10.);
#1266=VECTOR('',#3998,10.);
#1267=VECTOR('',#3999,10.);
#1268=VECTOR('',#4002,10.);
#1269=VECTOR('',#4003,10.);
#1270=VECTOR('',#4006,10.);
#1271=VECTOR('',#4007,10.);
#1272=VECTOR('',#4010,10.);
#1273=VECTOR('',#4011,10.);
#1274=VECTOR('',#4014,10.);
#1275=VECTOR('',#4015,10.);
#1276=VECTOR('',#4018,10.);
#1277=VECTOR('',#4019,10.);
#1278=VECTOR('',#4022,10.);
#1279=VECTOR('',#4023,10.);
#1280=VECTOR('',#4026,10.);
#1281=VECTOR('',#4031,10.);
#1282=VECTOR('',#4032,10.);
#1283=VECTOR('',#4033,10.);
#1284=VECTOR('',#4036,10.);
#1285=VECTOR('',#4037,10.);
#1286=VECTOR('',#4040,10.);
#1287=VECTOR('',#4041,10.);
#1288=VECTOR('',#4044,10.);
#1289=VECTOR('',#4045,10.);
#1290=VECTOR('',#4046,10.);
#1291=VECTOR('',#4047,10.);
#1292=VECTOR('',#4048,10.);
#1293=VECTOR('',#4049,10.);
#1294=VECTOR('',#4050,10.);
#1295=VECTOR('',#4053,10.);
#1296=VECTOR('',#4054,10.);
#1297=VECTOR('',#4057,10.);
#1298=VECTOR('',#4058,10.);
#1299=VECTOR('',#4061,10.);
#1300=VECTOR('',#4062,10.);
#1301=VECTOR('',#4063,10.);
#1302=VECTOR('',#4064,10.);
#1303=VECTOR('',#4065,10.);
#1304=VECTOR('',#4066,10.);
#1305=VECTOR('',#4067,10.);
#1306=VECTOR('',#4070,10.);
#1307=VECTOR('',#4073,10.);
#1308=VECTOR('',#4074,10.);
#1309=VECTOR('',#4077,10.);
#1310=VECTOR('',#4078,10.);
#1311=VECTOR('',#4079,10.);
#1312=VECTOR('',#4080,10.);
#1313=VECTOR('',#4081,10.);
#1314=VECTOR('',#4082,10.);
#1315=VECTOR('',#4085,10.);
#1316=VECTOR('',#4086,10.);
#1317=VECTOR('',#4089,10.);
#1318=VECTOR('',#4090,10.);
#1319=VECTOR('',#4093,10.);
#1320=VECTOR('',#4094,10.);
#1321=VECTOR('',#4097,10.);
#1322=VECTOR('',#4098,10.);
#1323=VECTOR('',#4101,10.);
#1324=VECTOR('',#4102,10.);
#1325=VECTOR('',#4105,10.);
#1326=VECTOR('',#4106,10.);
#1327=VECTOR('',#4109,10.);
#1328=VECTOR('',#4110,10.);
#1329=VECTOR('',#4113,10.);
#1330=VECTOR('',#4114,10.);
#1331=VECTOR('',#4117,10.);
#1332=VECTOR('',#4118,10.);
#1333=VECTOR('',#4121,10.);
#1334=VECTOR('',#4122,10.);
#1335=VECTOR('',#4125,10.);
#1336=VECTOR('',#4126,10.);
#1337=VECTOR('',#4127,10.);
#1338=VECTOR('',#4128,10.);
#1339=VECTOR('',#4133,1.5);
#1340=VECTOR('',#4136,1.5);
#1341=VECTOR('',#4139,1.5);
#1342=VECTOR('',#4142,1.5);
#1343=VECTOR('',#4145,10.);
#1344=VECTOR('',#4146,10.);
#1345=VECTOR('',#4149,10.);
#1346=VECTOR('',#4152,10.);
#1347=VECTOR('',#4155,10.);
#1348=VECTOR('',#4158,10.);
#1349=VECTOR('',#4161,10.);
#1350=VECTOR('',#4164,10.);
#1351=VECTOR('',#4173,1.);
#1352=VECTOR('',#4180,1.);
#1353=VECTOR('',#4189,1.);
#1354=VECTOR('',#4198,1.);
#1355=VECTOR('',#4203,10.);
#1356=VECTOR('',#4204,10.);
#1357=VECTOR('',#4205,10.);
#1358=VECTOR('',#4206,10.);
#1359=VECTOR('',#4209,10.);
#1360=VECTOR('',#4210,10.);
#1361=VECTOR('',#4211,10.);
#1362=VECTOR('',#4214,10.);
#1363=VECTOR('',#4215,10.);
#1364=VECTOR('',#4216,10.);
#1365=VECTOR('',#4219,10.);
#1366=VECTOR('',#4220,10.);
#1367=VECTOR('',#4227,10.);
#1368=VECTOR('',#4228,10.);
#1369=VECTOR('',#4229,10.);
#1370=VECTOR('',#4230,10.);
#1371=VECTOR('',#4237,10.);
#1372=VECTOR('',#4240,10.);
#1373=VECTOR('',#4241,10.);
#1374=VECTOR('',#4242,10.);
#1375=VECTOR('',#4243,10.);
#1376=VECTOR('',#4248,10.);
#1377=VECTOR('',#4257,21.75);
#1378=VECTOR('',#4260,10.);
#1379=VECTOR('',#4263,10.);
#1380=VECTOR('',#4268,10.);
#1381=VECTOR('',#4269,10.);
#1382=VECTOR('',#4274,4.5);
#1383=VECTOR('',#4277,10.);
#1384=VECTOR('',#4278,10.);
#1385=VECTOR('',#4291,17.);
#1386=VECTOR('',#4304,15.75);
#1387=VECTOR('',#4317,20.5);
#1388=VECTOR('',#4328,10.);
#1389=VECTOR('',#4333,10.);
#1390=VECTOR('',#4334,10.);
#1391=VECTOR('',#4335,10.);
#1392=VECTOR('',#4340,10.);
#1393=VECTOR('',#4341,10.);
#1394=VECTOR('',#4342,10.);
#1395=VECTOR('',#4345,10.);
#1396=VECTOR('',#4348,10.);
#1397=VECTOR('',#4351,10.);
#1398=VECTOR('',#4352,10.);
#1399=VECTOR('',#4357,10.);
#1400=VECTOR('',#4360,10.);
#1401=VECTOR('',#4363,10.);
#1402=VECTOR('',#4364,10.);
#1403=VECTOR('',#4365,10.);
#1404=VECTOR('',#4366,10.);
#1405=VECTOR('',#4367,10.);
#1406=VECTOR('',#4368,10.);
#1407=VECTOR('',#4373,13.);
#1408=VECTOR('',#4378,10.);
#1409=VECTOR('',#4379,10.);
#1410=VECTOR('',#4380,10.);
#1411=VECTOR('',#4393,10.);
#1412=VECTOR('',#4396,10.);
#1413=VECTOR('',#4399,10.);
#1414=VECTOR('',#4400,10.);
#1415=VECTOR('',#4409,10.);
#1416=VECTOR('',#4414,10.);
#1417=VECTOR('',#4415,10.);
#1418=VECTOR('',#4416,10.);
#1419=VECTOR('',#4421,10.);
#1420=VECTOR('',#4422,10.);
#1421=VECTOR('',#4423,10.);
#1422=VECTOR('',#4426,10.);
#1423=VECTOR('',#4429,10.);
#1424=VECTOR('',#4434,10.);
#1425=VECTOR('',#4439,10.);
#1426=VECTOR('',#4440,10.);
#1427=VECTOR('',#4443,10.);
#1428=VECTOR('',#4444,10.);
#1429=VECTOR('',#4445,10.);
#1430=VECTOR('',#4446,10.);
#1431=VECTOR('',#4447,10.);
#1432=VECTOR('',#4448,10.);
#1433=VECTOR('',#4453,13.);
#1434=VECTOR('',#4458,10.);
#1435=VECTOR('',#4459,10.);
#1436=VECTOR('',#4460,10.);
#1437=VECTOR('',#4463,10.);
#1438=VECTOR('',#4464,10.);
#1439=VECTOR('',#4467,10.);
#1440=VECTOR('',#4480,10.);
#1441=VECTOR('',#4483,10.);
#1442=VECTOR('',#4494,1.);
#1443=VECTOR('',#4501,3.);
#1444=VECTOR('',#4512,1.);
#1445=VECTOR('',#4519,3.);
#1446=VECTOR('',#4526,1.);
#1447=VECTOR('',#4533,3.);
#1448=VERTEX_POINT('',#4549);
#1449=VERTEX_POINT('',#4550);
#1450=VERTEX_POINT('',#4552);
#1451=VERTEX_POINT('',#4554);
#1452=VERTEX_POINT('',#4558);
#1453=VERTEX_POINT('',#4560);
#1454=VERTEX_POINT('',#4569);
#1455=VERTEX_POINT('',#4571);
#1456=VERTEX_POINT('',#4575);
#1457=VERTEX_POINT('',#4577);
#1458=VERTEX_POINT('',#4583);
#1459=VERTEX_POINT('',#4585);
#1460=VERTEX_POINT('',#4588);
#1461=VERTEX_POINT('',#4590);
#1462=VERTEX_POINT('',#4597);
#1463=VERTEX_POINT('',#4599);
#1464=VERTEX_POINT('',#4603);
#1465=VERTEX_POINT('',#4605);
#1466=VERTEX_POINT('',#4611);
#1467=VERTEX_POINT('',#4612);
#1468=VERTEX_POINT('',#4614);
#1469=VERTEX_POINT('',#4616);
#1470=VERTEX_POINT('',#4619);
#1471=VERTEX_POINT('',#4621);
#1472=VERTEX_POINT('',#4623);
#1473=VERTEX_POINT('',#4625);
#1474=VERTEX_POINT('',#4627);
#1475=VERTEX_POINT('',#4629);
#1476=VERTEX_POINT('',#4631);
#1477=VERTEX_POINT('',#4632);
#1478=VERTEX_POINT('',#4634);
#1479=VERTEX_POINT('',#4636);
#1480=VERTEX_POINT('',#4638);
#1481=VERTEX_POINT('',#4640);
#1482=VERTEX_POINT('',#4642);
#1483=VERTEX_POINT('',#4644);
#1484=VERTEX_POINT('',#4648);
#1485=VERTEX_POINT('',#4649);
#1486=VERTEX_POINT('',#4651);
#1487=VERTEX_POINT('',#4653);
#1488=VERTEX_POINT('',#4656);
#1489=VERTEX_POINT('',#4658);
#1490=VERTEX_POINT('',#4660);
#1491=VERTEX_POINT('',#4662);
#1492=VERTEX_POINT('',#4664);
#1493=VERTEX_POINT('',#4666);
#1494=VERTEX_POINT('',#4668);
#1495=VERTEX_POINT('',#4669);
#1496=VERTEX_POINT('',#4671);
#1497=VERTEX_POINT('',#4673);
#1498=VERTEX_POINT('',#4675);
#1499=VERTEX_POINT('',#4677);
#1500=VERTEX_POINT('',#4679);
#1501=VERTEX_POINT('',#4685);
#1502=VERTEX_POINT('',#4691);
#1503=VERTEX_POINT('',#4697);
#1504=VERTEX_POINT('',#4699);
#1505=VERTEX_POINT('',#4705);
#1506=VERTEX_POINT('',#4711);
#1507=VERTEX_POINT('',#4722);
#1508=VERTEX_POINT('',#4723);
#1509=VERTEX_POINT('',#4729);
#1510=VERTEX_POINT('',#4735);
#1511=VERTEX_POINT('',#4741);
#1512=VERTEX_POINT('',#4747);
#1513=VERTEX_POINT('',#4753);
#1514=VERTEX_POINT('',#4759);
#1515=VERTEX_POINT('',#4765);
#1516=VERTEX_POINT('',#4776);
#1517=VERTEX_POINT('',#4777);
#1518=VERTEX_POINT('',#4779);
#1519=VERTEX_POINT('',#4781);
#1520=VERTEX_POINT('',#4783);
#1521=VERTEX_POINT('',#4785);
#1522=VERTEX_POINT('',#4787);
#1523=VERTEX_POINT('',#4789);
#1524=VERTEX_POINT('',#4791);
#1525=VERTEX_POINT('',#4793);
#1526=VERTEX_POINT('',#4796);
#1527=VERTEX_POINT('',#4797);
#1528=VERTEX_POINT('',#4799);
#1529=VERTEX_POINT('',#4801);
#1530=VERTEX_POINT('',#4803);
#1531=VERTEX_POINT('',#4805);
#1532=VERTEX_POINT('',#4807);
#1533=VERTEX_POINT('',#4813);
#1534=VERTEX_POINT('',#4819);
#1535=VERTEX_POINT('',#4825);
#1536=VERTEX_POINT('',#4831);
#1537=VERTEX_POINT('',#4837);
#1538=VERTEX_POINT('',#4839);
#1539=VERTEX_POINT('',#4841);
#1540=VERTEX_POINT('',#4843);
#1541=VERTEX_POINT('',#4849);
#1542=VERTEX_POINT('',#4855);
#1543=VERTEX_POINT('',#4861);
#1544=VERTEX_POINT('',#4872);
#1545=VERTEX_POINT('',#4873);
#1546=VERTEX_POINT('',#4879);
#1547=VERTEX_POINT('',#4885);
#1548=VERTEX_POINT('',#4887);
#1549=VERTEX_POINT('',#4893);
#1550=VERTEX_POINT('',#4899);
#1551=VERTEX_POINT('',#4905);
#1552=VERTEX_POINT('',#4911);
#1553=VERTEX_POINT('',#4913);
#1554=VERTEX_POINT('',#4915);
#1555=VERTEX_POINT('',#4917);
#1556=VERTEX_POINT('',#4919);
#1557=VERTEX_POINT('',#4921);
#1558=VERTEX_POINT('',#4923);
#1559=VERTEX_POINT('',#4925);
#1560=VERTEX_POINT('',#4927);
#1561=VERTEX_POINT('',#4929);
#1562=VERTEX_POINT('',#4931);
#1563=VERTEX_POINT('',#4933);
#1564=VERTEX_POINT('',#4944);
#1565=VERTEX_POINT('',#4945);
#1566=VERTEX_POINT('',#4947);
#1567=VERTEX_POINT('',#4949);
#1568=VERTEX_POINT('',#4951);
#1569=VERTEX_POINT('',#4953);
#1570=VERTEX_POINT('',#4955);
#1571=VERTEX_POINT('',#4957);
#1572=VERTEX_POINT('',#4973);
#1573=VERTEX_POINT('',#4974);
#1574=VERTEX_POINT('',#4980);
#1575=VERTEX_POINT('',#4986);
#1576=VERTEX_POINT('',#4992);
#1577=VERTEX_POINT('',#4998);
#1578=VERTEX_POINT('',#5004);
#1579=VERTEX_POINT('',#5010);
#1580=VERTEX_POINT('',#5022);
#1581=VERTEX_POINT('',#5023);
#1582=VERTEX_POINT('',#5028);
#1583=VERTEX_POINT('',#5032);
#1584=VERTEX_POINT('',#5036);
#1585=VERTEX_POINT('',#5049);
#1586=VERTEX_POINT('',#5066);
#1587=VERTEX_POINT('',#5083);
#1588=VERTEX_POINT('',#5091);
#1589=VERTEX_POINT('',#5104);
#1590=VERTEX_POINT('',#5121);
#1591=VERTEX_POINT('',#5138);
#1592=VERTEX_POINT('',#5155);
#1593=VERTEX_POINT('',#5175);
#1594=VERTEX_POINT('',#5176);
#1595=VERTEX_POINT('',#5194);
#1596=VERTEX_POINT('',#5211);
#1597=VERTEX_POINT('',#5228);
#1598=VERTEX_POINT('',#5245);
#1599=VERTEX_POINT('',#5262);
#1600=VERTEX_POINT('',#5279);
#1601=VERTEX_POINT('',#5311);
#1602=VERTEX_POINT('',#5312);
#1603=VERTEX_POINT('',#5330);
#1604=VERTEX_POINT('',#5347);
#1605=VERTEX_POINT('',#5364);
#1606=VERTEX_POINT('',#5381);
#1607=VERTEX_POINT('',#5398);
#1608=VERTEX_POINT('',#5415);
#1609=VERTEX_POINT('',#5432);
#1610=VERTEX_POINT('',#5456);
#1611=VERTEX_POINT('',#5457);
#1612=VERTEX_POINT('',#5462);
#1613=VERTEX_POINT('',#5466);
#1614=VERTEX_POINT('',#5470);
#1615=VERTEX_POINT('',#5474);
#1616=VERTEX_POINT('',#5478);
#1617=VERTEX_POINT('',#5482);
#1618=VERTEX_POINT('',#5486);
#1619=VERTEX_POINT('',#5490);
#1620=VERTEX_POINT('',#5497);
#1621=VERTEX_POINT('',#5498);
#1622=VERTEX_POINT('',#5503);
#1623=VERTEX_POINT('',#5507);
#1624=VERTEX_POINT('',#5511);
#1625=VERTEX_POINT('',#5524);
#1626=VERTEX_POINT('',#5541);
#1627=VERTEX_POINT('',#5558);
#1628=VERTEX_POINT('',#5575);
#1629=VERTEX_POINT('',#5592);
#1630=VERTEX_POINT('',#5600);
#1631=VERTEX_POINT('',#5604);
#1632=VERTEX_POINT('',#5608);
#1633=VERTEX_POINT('',#5621);
#1634=VERTEX_POINT('',#5638);
#1635=VERTEX_POINT('',#5655);
#1636=VERTEX_POINT('',#5672);
#1637=VERTEX_POINT('',#5689);
#1638=VERTEX_POINT('',#5709);
#1639=VERTEX_POINT('',#5710);
#1640=VERTEX_POINT('',#5719);
#1641=VERTEX_POINT('',#5732);
#1642=VERTEX_POINT('',#5749);
#1643=VERTEX_POINT('',#5766);
#1644=VERTEX_POINT('',#5783);
#1645=VERTEX_POINT('',#5791);
#1646=VERTEX_POINT('',#5795);
#1647=VERTEX_POINT('',#5799);
#1648=VERTEX_POINT('',#5803);
#1649=VERTEX_POINT('',#5807);
#1650=VERTEX_POINT('',#5811);
#1651=VERTEX_POINT('',#5815);
#1652=VERTEX_POINT('',#5819);
#1653=VERTEX_POINT('',#5823);
#1654=VERTEX_POINT('',#5827);
#1655=VERTEX_POINT('',#5831);
#1656=VERTEX_POINT('',#5844);
#1657=VERTEX_POINT('',#5861);
#1658=VERTEX_POINT('',#5910);
#1659=VERTEX_POINT('',#5912);
#1660=VERTEX_POINT('',#5916);
#1661=VERTEX_POINT('',#5918);
#1662=VERTEX_POINT('',#5923);
#1663=VERTEX_POINT('',#5925);
#1664=VERTEX_POINT('',#5930);
#1665=VERTEX_POINT('',#5932);
#1666=VERTEX_POINT('',#5936);
#1667=VERTEX_POINT('',#5937);
#1668=VERTEX_POINT('',#5939);
#1669=VERTEX_POINT('',#5941);
#1670=VERTEX_POINT('',#5945);
#1671=VERTEX_POINT('',#5947);
#1672=VERTEX_POINT('',#5951);
#1673=VERTEX_POINT('',#5953);
#1674=VERTEX_POINT('',#5960);
#1675=VERTEX_POINT('',#5963);
#1676=VERTEX_POINT('',#5964);
#1677=VERTEX_POINT('',#5966);
#1678=VERTEX_POINT('',#5968);
#1679=VERTEX_POINT('',#5972);
#1680=VERTEX_POINT('',#5974);
#1681=VERTEX_POINT('',#5978);
#1682=VERTEX_POINT('',#5979);
#1683=VERTEX_POINT('',#5981);
#1684=VERTEX_POINT('',#5983);
#1685=VERTEX_POINT('',#5987);
#1686=VERTEX_POINT('',#5989);
#1687=VERTEX_POINT('',#5993);
#1688=VERTEX_POINT('',#5994);
#1689=VERTEX_POINT('',#5997);
#1690=VERTEX_POINT('',#6000);
#1691=VERTEX_POINT('',#6002);
#1692=VERTEX_POINT('',#6007);
#1693=VERTEX_POINT('',#6011);
#1694=VERTEX_POINT('',#6015);
#1695=VERTEX_POINT('',#6019);
#1696=VERTEX_POINT('',#6023);
#1697=VERTEX_POINT('',#6024);
#1698=VERTEX_POINT('',#6030);
#1699=VERTEX_POINT('',#6031);
#1700=VERTEX_POINT('',#6036);
#1701=VERTEX_POINT('',#6040);
#1702=VERTEX_POINT('',#6041);
#1703=VERTEX_POINT('',#6046);
#1704=VERTEX_POINT('',#6052);
#1705=VERTEX_POINT('',#6053);
#1706=VERTEX_POINT('',#6055);
#1707=VERTEX_POINT('',#6057);
#1708=VERTEX_POINT('',#6059);
#1709=VERTEX_POINT('',#6061);
#1710=VERTEX_POINT('',#6063);
#1711=VERTEX_POINT('',#6065);
#1712=VERTEX_POINT('',#6069);
#1713=VERTEX_POINT('',#6071);
#1714=VERTEX_POINT('',#6075);
#1715=VERTEX_POINT('',#6077);
#1716=VERTEX_POINT('',#6081);
#1717=VERTEX_POINT('',#6085);
#1718=VERTEX_POINT('',#6087);
#1719=VERTEX_POINT('',#6089);
#1720=VERTEX_POINT('',#6093);
#1721=VERTEX_POINT('',#6095);
#1722=VERTEX_POINT('',#6097);
#1723=VERTEX_POINT('',#6099);
#1724=VERTEX_POINT('',#6101);
#1725=VERTEX_POINT('',#6105);
#1726=VERTEX_POINT('',#6107);
#1727=VERTEX_POINT('',#6111);
#1728=VERTEX_POINT('',#6113);
#1729=VERTEX_POINT('',#6121);
#1730=VERTEX_POINT('',#6132);
#1731=VERTEX_POINT('',#6133);
#1732=VERTEX_POINT('',#6135);
#1733=VERTEX_POINT('',#6137);
#1734=VERTEX_POINT('',#6139);
#1735=VERTEX_POINT('',#6141);
#1736=VERTEX_POINT('',#6143);
#1737=VERTEX_POINT('',#6145);
#1738=VERTEX_POINT('',#6149);
#1739=VERTEX_POINT('',#6151);
#1740=VERTEX_POINT('',#6155);
#1741=VERTEX_POINT('',#6157);
#1742=VERTEX_POINT('',#6159);
#1743=VERTEX_POINT('',#6163);
#1744=VERTEX_POINT('',#6167);
#1745=VERTEX_POINT('',#6171);
#1746=VERTEX_POINT('',#6173);
#1747=VERTEX_POINT('',#6175);
#1748=VERTEX_POINT('',#6177);
#1749=VERTEX_POINT('',#6179);
#1750=VERTEX_POINT('',#6183);
#1751=VERTEX_POINT('',#6185);
#1752=VERTEX_POINT('',#6189);
#1753=VERTEX_POINT('',#6191);
#1754=VERTEX_POINT('',#6195);
#1755=VERTEX_POINT('',#6199);
#1756=VERTEX_POINT('',#6212);
#1757=VERTEX_POINT('',#6214);
#1758=VERTEX_POINT('',#6217);
#1759=VERTEX_POINT('',#6221);
#1760=VERTEX_POINT('',#6226);
#1761=VERTEX_POINT('',#6228);
#1762=VERTEX_POINT('',#6231);
#1763=VERTEX_POINT('',#6235);
#1764=VERTEX_POINT('',#6240);
#1765=VERTEX_POINT('',#6242);
#1766=VERTEX_POINT('',#6246);
#1767=VERTEX_POINT('',#6248);
#1768=EDGE_CURVE('',#1448,#1449,#860,.T.);
#1769=EDGE_CURVE('',#1450,#1448,#758,.T.);
#1770=EDGE_CURVE('',#1450,#1451,#861,.T.);
#1771=EDGE_CURVE('',#1449,#1451,#759,.T.);
#1772=EDGE_CURVE('',#1452,#1452,#760,.T.);
#1773=EDGE_CURVE('',#1452,#1453,#862,.T.);
#1774=EDGE_CURVE('',#1453,#1453,#761,.T.);
#1775=EDGE_CURVE('',#1451,#1449,#762,.T.);
#1776=EDGE_CURVE('',#1448,#1450,#763,.T.);
#1777=EDGE_CURVE('',#1454,#1454,#764,.T.);
#1778=EDGE_CURVE('',#1454,#1455,#863,.T.);
#1779=EDGE_CURVE('',#1455,#1455,#765,.T.);
#1780=EDGE_CURVE('',#1456,#1456,#766,.T.);
#1781=EDGE_CURVE('',#1456,#1457,#864,.T.);
#1782=EDGE_CURVE('',#1457,#1457,#767,.T.);
#1783=EDGE_CURVE('',#1458,#1458,#768,.T.);
#1784=EDGE_CURVE('',#1459,#1459,#769,.T.);
#1785=EDGE_CURVE('',#1460,#1460,#770,.T.);
#1786=EDGE_CURVE('',#1461,#1461,#771,.T.);
#1787=EDGE_CURVE('',#1458,#1460,#865,.T.);
#1788=EDGE_CURVE('',#1459,#1461,#866,.T.);
#1789=EDGE_CURVE('',#1462,#1462,#772,.T.);
#1790=EDGE_CURVE('',#1462,#1463,#867,.T.);
#1791=EDGE_CURVE('',#1463,#1463,#773,.T.);
#1792=EDGE_CURVE('',#1464,#1464,#774,.T.);
#1793=EDGE_CURVE('',#1464,#1465,#868,.T.);
#1794=EDGE_CURVE('',#1465,#1465,#775,.T.);
#1795=EDGE_CURVE('',#1466,#1467,#776,.T.);
#1796=EDGE_CURVE('',#1468,#1466,#869,.T.);
#1797=EDGE_CURVE('',#1469,#1468,#777,.T.);
#1798=EDGE_CURVE('',#1467,#1469,#870,.T.);
#1799=EDGE_CURVE('',#1470,#1470,#778,.T.);
#1800=EDGE_CURVE('',#1471,#1471,#779,.T.);
#1801=EDGE_CURVE('',#1472,#1472,#780,.T.);
#1802=EDGE_CURVE('',#1473,#1473,#781,.T.);
#1803=EDGE_CURVE('',#1474,#1474,#782,.T.);
#1804=EDGE_CURVE('',#1475,#1475,#783,.T.);
#1805=EDGE_CURVE('',#1476,#1477,#871,.T.);
#1806=EDGE_CURVE('',#1477,#1478,#872,.T.);
#1807=EDGE_CURVE('',#1478,#1479,#873,.T.);
#1808=EDGE_CURVE('',#1479,#1480,#874,.T.);
#1809=EDGE_CURVE('',#1480,#1481,#875,.T.);
#1810=EDGE_CURVE('',#1481,#1482,#876,.T.);
#1811=EDGE_CURVE('',#1482,#1483,#877,.T.);
#1812=EDGE_CURVE('',#1483,#1476,#878,.T.);
#1813=EDGE_CURVE('',#1484,#1485,#784,.T.);
#1814=EDGE_CURVE('',#1485,#1486,#879,.T.);
#1815=EDGE_CURVE('',#1486,#1487,#785,.T.);
#1816=EDGE_CURVE('',#1487,#1484,#880,.T.);
#1817=EDGE_CURVE('',#1488,#1488,#786,.T.);
#1818=EDGE_CURVE('',#1489,#1489,#787,.T.);
#1819=EDGE_CURVE('',#1490,#1490,#788,.T.);
#1820=EDGE_CURVE('',#1491,#1491,#789,.T.);
#1821=EDGE_CURVE('',#1492,#1492,#790,.T.);
#1822=EDGE_CURVE('',#1493,#1493,#791,.T.);
#1823=EDGE_CURVE('',#1494,#1495,#881,.T.);
#1824=EDGE_CURVE('',#1495,#1496,#882,.T.);
#1825=EDGE_CURVE('',#1496,#1497,#883,.T.);
#1826=EDGE_CURVE('',#1497,#1498,#884,.T.);
#1827=EDGE_CURVE('',#1498,#1499,#885,.T.);
#1828=EDGE_CURVE('',#1499,#1500,#73,.T.);
#1829=EDGE_CURVE('',#1500,#1501,#74,.T.);
#1830=EDGE_CURVE('',#1501,#1502,#75,.T.);
#1831=EDGE_CURVE('',#1502,#1503,#886,.T.);
#1832=EDGE_CURVE('',#1503,#1504,#76,.T.);
#1833=EDGE_CURVE('',#1504,#1505,#77,.T.);
#1834=EDGE_CURVE('',#1505,#1506,#78,.T.);
#1835=EDGE_CURVE('',#1506,#1494,#79,.T.);
#1836=EDGE_CURVE('',#1507,#1508,#80,.T.);
#1837=EDGE_CURVE('',#1508,#1509,#81,.T.);
#1838=EDGE_CURVE('',#1509,#1510,#82,.T.);
#1839=EDGE_CURVE('',#1510,#1511,#83,.T.);
#1840=EDGE_CURVE('',#1511,#1512,#84,.T.);
#1841=EDGE_CURVE('',#1512,#1513,#85,.T.);
#1842=EDGE_CURVE('',#1513,#1514,#86,.T.);
#1843=EDGE_CURVE('',#1514,#1515,#87,.T.);
#1844=EDGE_CURVE('',#1515,#1507,#88,.T.);
#1845=EDGE_CURVE('',#1516,#1517,#887,.T.);
#1846=EDGE_CURVE('',#1517,#1518,#888,.T.);
#1847=EDGE_CURVE('',#1518,#1519,#889,.T.);
#1848=EDGE_CURVE('',#1519,#1520,#890,.T.);
#1849=EDGE_CURVE('',#1520,#1521,#891,.T.);
#1850=EDGE_CURVE('',#1521,#1522,#892,.T.);
#1851=EDGE_CURVE('',#1522,#1523,#893,.T.);
#1852=EDGE_CURVE('',#1523,#1524,#894,.T.);
#1853=EDGE_CURVE('',#1524,#1525,#895,.T.);
#1854=EDGE_CURVE('',#1525,#1516,#896,.T.);
#1855=EDGE_CURVE('',#1526,#1527,#897,.T.);
#1856=EDGE_CURVE('',#1527,#1528,#898,.T.);
#1857=EDGE_CURVE('',#1528,#1529,#899,.T.);
#1858=EDGE_CURVE('',#1529,#1530,#900,.T.);
#1859=EDGE_CURVE('',#1530,#1531,#901,.T.);
#1860=EDGE_CURVE('',#1531,#1532,#89,.T.);
#1861=EDGE_CURVE('',#1532,#1533,#90,.T.);
#1862=EDGE_CURVE('',#1533,#1534,#91,.T.);
#1863=EDGE_CURVE('',#1534,#1535,#92,.T.);
#1864=EDGE_CURVE('',#1535,#1536,#93,.T.);
#1865=EDGE_CURVE('',#1536,#1537,#902,.T.);
#1866=EDGE_CURVE('',#1537,#1538,#903,.T.);
#1867=EDGE_CURVE('',#1538,#1539,#904,.T.);
#1868=EDGE_CURVE('',#1539,#1540,#94,.T.);
#1869=EDGE_CURVE('',#1540,#1541,#95,.T.);
#1870=EDGE_CURVE('',#1541,#1542,#96,.T.);
#1871=EDGE_CURVE('',#1542,#1543,#97,.T.);
#1872=EDGE_CURVE('',#1543,#1526,#98,.T.);
#1873=EDGE_CURVE('',#1544,#1545,#99,.T.);
#1874=EDGE_CURVE('',#1545,#1546,#100,.T.);
#1875=EDGE_CURVE('',#1546,#1547,#905,.T.);
#1876=EDGE_CURVE('',#1547,#1548,#101,.T.);
#1877=EDGE_CURVE('',#1548,#1549,#102,.T.);
#1878=EDGE_CURVE('',#1549,#1550,#103,.T.);
#1879=EDGE_CURVE('',#1550,#1551,#104,.T.);
#1880=EDGE_CURVE('',#1551,#1552,#906,.T.);
#1881=EDGE_CURVE('',#1552,#1553,#907,.T.);
#1882=EDGE_CURVE('',#1553,#1554,#908,.T.);
#1883=EDGE_CURVE('',#1554,#1555,#909,.T.);
#1884=EDGE_CURVE('',#1555,#1556,#910,.T.);
#1885=EDGE_CURVE('',#1556,#1557,#911,.T.);
#1886=EDGE_CURVE('',#1557,#1558,#912,.T.);
#1887=EDGE_CURVE('',#1558,#1559,#913,.T.);
#1888=EDGE_CURVE('',#1559,#1560,#914,.T.);
#1889=EDGE_CURVE('',#1560,#1561,#915,.T.);
#1890=EDGE_CURVE('',#1561,#1562,#916,.T.);
#1891=EDGE_CURVE('',#1562,#1563,#105,.T.);
#1892=EDGE_CURVE('',#1563,#1544,#106,.T.);
#1893=EDGE_CURVE('',#1564,#1565,#917,.T.);
#1894=EDGE_CURVE('',#1565,#1566,#918,.T.);
#1895=EDGE_CURVE('',#1566,#1567,#919,.T.);
#1896=EDGE_CURVE('',#1567,#1568,#920,.T.);
#1897=EDGE_CURVE('',#1568,#1569,#921,.T.);
#1898=EDGE_CURVE('',#1569,#1570,#922,.T.);
#1899=EDGE_CURVE('',#1570,#1571,#923,.T.);
#1900=EDGE_CURVE('',#1571,#1564,#924,.T.);
#1901=EDGE_CURVE('',#1467,#1485,#925,.T.);
#1902=EDGE_CURVE('',#1466,#1484,#926,.T.);
#1903=EDGE_CURVE('',#1469,#1486,#927,.T.);
#1904=EDGE_CURVE('',#1468,#1487,#928,.T.);
#1905=EDGE_CURVE('',#1493,#1474,#929,.T.);
#1906=EDGE_CURVE('',#1492,#1475,#930,.T.);
#1907=EDGE_CURVE('',#1572,#1573,#107,.T.);
#1908=EDGE_CURVE('',#1573,#1574,#108,.T.);
#1909=EDGE_CURVE('',#1574,#1575,#109,.T.);
#1910=EDGE_CURVE('',#1575,#1576,#110,.T.);
#1911=EDGE_CURVE('',#1576,#1577,#111,.T.);
#1912=EDGE_CURVE('',#1577,#1578,#112,.T.);
#1913=EDGE_CURVE('',#1578,#1579,#113,.T.);
#1914=EDGE_CURVE('',#1579,#1572,#114,.T.);
#1915=EDGE_CURVE('',#1580,#1581,#931,.T.);
#1916=EDGE_CURVE('',#1581,#1496,#932,.T.);
#1917=EDGE_CURVE('',#1580,#1495,#933,.T.);
#1918=EDGE_CURVE('',#1581,#1582,#934,.T.);
#1919=EDGE_CURVE('',#1582,#1497,#935,.T.);
#1920=EDGE_CURVE('',#1582,#1583,#936,.T.);
#1921=EDGE_CURVE('',#1583,#1498,#937,.T.);
#1922=EDGE_CURVE('',#1583,#1584,#938,.T.);
#1923=EDGE_CURVE('',#1584,#1499,#939,.T.);
#1924=EDGE_CURVE('',#1584,#1585,#115,.T.);
#1925=EDGE_CURVE('',#1585,#1500,#940,.T.);
#1926=EDGE_CURVE('',#1585,#1586,#116,.T.);
#1927=EDGE_CURVE('',#1586,#1501,#941,.T.);
#1928=EDGE_CURVE('',#1586,#1587,#117,.T.);
#1929=EDGE_CURVE('',#1587,#1502,#942,.T.);
#1930=EDGE_CURVE('',#1587,#1588,#943,.T.);
#1931=EDGE_CURVE('',#1588,#1503,#944,.T.);
#1932=EDGE_CURVE('',#1588,#1589,#118,.T.);
#1933=EDGE_CURVE('',#1589,#1504,#945,.T.);
#1934=EDGE_CURVE('',#1589,#1590,#119,.T.);
#1935=EDGE_CURVE('',#1590,#1505,#946,.T.);
#1936=EDGE_CURVE('',#1590,#1591,#120,.T.);
#1937=EDGE_CURVE('',#1591,#1506,#947,.T.);
#1938=EDGE_CURVE('',#1591,#1592,#121,.T.);
#1939=EDGE_CURVE('',#1592,#1494,#948,.T.);
#1940=EDGE_CURVE('',#1592,#1580,#949,.T.);
#1941=EDGE_CURVE('',#1593,#1594,#122,.T.);
#1942=EDGE_CURVE('',#1594,#1574,#950,.T.);
#1943=EDGE_CURVE('',#1593,#1573,#951,.T.);
#1944=EDGE_CURVE('',#1594,#1595,#123,.T.);
#1945=EDGE_CURVE('',#1595,#1575,#952,.T.);
#1946=EDGE_CURVE('',#1595,#1596,#124,.T.);
#1947=EDGE_CURVE('',#1596,#1576,#953,.T.);
#1948=EDGE_CURVE('',#1596,#1597,#125,.T.);
#1949=EDGE_CURVE('',#1597,#1577,#954,.T.);
#1950=EDGE_CURVE('',#1597,#1598,#126,.T.);
#1951=EDGE_CURVE('',#1598,#1578,#955,.T.);
#1952=EDGE_CURVE('',#1598,#1599,#127,.T.);
#1953=EDGE_CURVE('',#1599,#1579,#956,.T.);
#1954=EDGE_CURVE('',#1599,#1600,#128,.T.);
#1955=EDGE_CURVE('',#1600,#1572,#957,.T.);
#1956=EDGE_CURVE('',#1600,#1593,#129,.T.);
#1957=EDGE_CURVE('',#1601,#1602,#130,.T.);
#1958=EDGE_CURVE('',#1602,#1509,#958,.T.);
#1959=EDGE_CURVE('',#1601,#1508,#959,.T.);
#1960=EDGE_CURVE('',#1602,#1603,#131,.T.);
#1961=EDGE_CURVE('',#1603,#1510,#960,.T.);
#1962=EDGE_CURVE('',#1603,#1604,#132,.T.);
#1963=EDGE_CURVE('',#1604,#1511,#961,.T.);
#1964=EDGE_CURVE('',#1604,#1605,#133,.T.);
#1965=EDGE_CURVE('',#1605,#1512,#962,.T.);
#1966=EDGE_CURVE('',#1605,#1606,#134,.T.);
#1967=EDGE_CURVE('',#1606,#1513,#963,.T.);
#1968=EDGE_CURVE('',#1606,#1607,#135,.T.);
#1969=EDGE_CURVE('',#1607,#1514,#964,.T.);
#1970=EDGE_CURVE('',#1607,#1608,#136,.T.);
#1971=EDGE_CURVE('',#1608,#1515,#965,.T.);
#1972=EDGE_CURVE('',#1608,#1609,#137,.T.);
#1973=EDGE_CURVE('',#1609,#1507,#966,.T.);
#1974=EDGE_CURVE('',#1609,#1601,#138,.T.);
#1975=EDGE_CURVE('',#1610,#1611,#967,.T.);
#1976=EDGE_CURVE('',#1611,#1518,#968,.T.);
#1977=EDGE_CURVE('',#1610,#1517,#969,.T.);
#1978=EDGE_CURVE('',#1611,#1612,#970,.T.);
#1979=EDGE_CURVE('',#1612,#1519,#971,.T.);
#1980=EDGE_CURVE('',#1612,#1613,#972,.T.);
#1981=EDGE_CURVE('',#1613,#1520,#973,.T.);
#1982=EDGE_CURVE('',#1613,#1614,#974,.T.);
#1983=EDGE_CURVE('',#1614,#1521,#975,.T.);
#1984=EDGE_CURVE('',#1614,#1615,#976,.T.);
#1985=EDGE_CURVE('',#1615,#1522,#977,.T.);
#1986=EDGE_CURVE('',#1615,#1616,#978,.T.);
#1987=EDGE_CURVE('',#1616,#1523,#979,.T.);
#1988=EDGE_CURVE('',#1616,#1617,#980,.T.);
#1989=EDGE_CURVE('',#1617,#1524,#981,.T.);
#1990=EDGE_CURVE('',#1617,#1618,#982,.T.);
#1991=EDGE_CURVE('',#1618,#1525,#983,.T.);
#1992=EDGE_CURVE('',#1618,#1619,#984,.T.);
#1993=EDGE_CURVE('',#1619,#1516,#985,.T.);
#1994=EDGE_CURVE('',#1619,#1610,#986,.T.);
#1995=EDGE_CURVE('',#1620,#1621,#987,.T.);
#1996=EDGE_CURVE('',#1621,#1528,#988,.T.);
#1997=EDGE_CURVE('',#1620,#1527,#989,.T.);
#1998=EDGE_CURVE('',#1621,#1622,#990,.T.);
#1999=EDGE_CURVE('',#1622,#1529,#991,.T.);
#2000=EDGE_CURVE('',#1622,#1623,#992,.T.);
#2001=EDGE_CURVE('',#1623,#1530,#993,.T.);
#2002=EDGE_CURVE('',#1623,#1624,#994,.T.);
#2003=EDGE_CURVE('',#1624,#1531,#995,.T.);
#2004=EDGE_CURVE('',#1624,#1625,#139,.T.);
#2005=EDGE_CURVE('',#1625,#1532,#996,.T.);
#2006=EDGE_CURVE('',#1625,#1626,#140,.T.);
#2007=EDGE_CURVE('',#1626,#1533,#997,.T.);
#2008=EDGE_CURVE('',#1626,#1627,#141,.T.);
#2009=EDGE_CURVE('',#1627,#1534,#998,.T.);
#2010=EDGE_CURVE('',#1627,#1628,#142,.T.);
#2011=EDGE_CURVE('',#1628,#1535,#999,.T.);
#2012=EDGE_CURVE('',#1628,#1629,#143,.T.);
#2013=EDGE_CURVE('',#1629,#1536,#1000,.T.);
#2014=EDGE_CURVE('',#1629,#1630,#1001,.T.);
#2015=EDGE_CURVE('',#1630,#1537,#1002,.T.);
#2016=EDGE_CURVE('',#1630,#1631,#1003,.T.);
#2017=EDGE_CURVE('',#1631,#1538,#1004,.T.);
#2018=EDGE_CURVE('',#1631,#1632,#1005,.T.);
#2019=EDGE_CURVE('',#1632,#1539,#1006,.T.);
#2020=EDGE_CURVE('',#1632,#1633,#144,.T.);
#2021=EDGE_CURVE('',#1633,#1540,#1007,.T.);
#2022=EDGE_CURVE('',#1633,#1634,#145,.T.);
#2023=EDGE_CURVE('',#1634,#1541,#1008,.T.);
#2024=EDGE_CURVE('',#1634,#1635,#146,.T.);
#2025=EDGE_CURVE('',#1635,#1542,#1009,.T.);
#2026=EDGE_CURVE('',#1635,#1636,#147,.T.);
#2027=EDGE_CURVE('',#1636,#1543,#1010,.T.);
#2028=EDGE_CURVE('',#1636,#1637,#148,.T.);
#2029=EDGE_CURVE('',#1637,#1526,#1011,.T.);
#2030=EDGE_CURVE('',#1637,#1620,#1012,.T.);
#2031=EDGE_CURVE('',#1638,#1639,#149,.T.);
#2032=EDGE_CURVE('',#1639,#1546,#1013,.T.);
#2033=EDGE_CURVE('',#1638,#1545,#1014,.T.);
#2034=EDGE_CURVE('',#1639,#1640,#1015,.T.);
#2035=EDGE_CURVE('',#1640,#1547,#1016,.T.);
#2036=EDGE_CURVE('',#1640,#1641,#150,.T.);
#2037=EDGE_CURVE('',#1641,#1548,#1017,.T.);
#2038=EDGE_CURVE('',#1641,#1642,#151,.T.);
#2039=EDGE_CURVE('',#1642,#1549,#1018,.T.);
#2040=EDGE_CURVE('',#1642,#1643,#152,.T.);
#2041=EDGE_CURVE('',#1643,#1550,#1019,.T.);
#2042=EDGE_CURVE('',#1643,#1644,#153,.T.);
#2043=EDGE_CURVE('',#1644,#1551,#1020,.T.);
#2044=EDGE_CURVE('',#1644,#1645,#1021,.T.);
#2045=EDGE_CURVE('',#1645,#1552,#1022,.T.);
#2046=EDGE_CURVE('',#1645,#1646,#1023,.T.);
#2047=EDGE_CURVE('',#1646,#1553,#1024,.T.);
#2048=EDGE_CURVE('',#1646,#1647,#1025,.T.);
#2049=EDGE_CURVE('',#1647,#1554,#1026,.T.);
#2050=EDGE_CURVE('',#1647,#1648,#1027,.T.);
#2051=EDGE_CURVE('',#1648,#1555,#1028,.T.);
#2052=EDGE_CURVE('',#1648,#1649,#1029,.T.);
#2053=EDGE_CURVE('',#1649,#1556,#1030,.T.);
#2054=EDGE_CURVE('',#1649,#1650,#1031,.T.);
#2055=EDGE_CURVE('',#1650,#1557,#1032,.T.);
#2056=EDGE_CURVE('',#1650,#1651,#1033,.T.);
#2057=EDGE_CURVE('',#1651,#1558,#1034,.T.);
#2058=EDGE_CURVE('',#1651,#1652,#1035,.T.);
#2059=EDGE_CURVE('',#1652,#1559,#1036,.T.);
#2060=EDGE_CURVE('',#1652,#1653,#1037,.T.);
#2061=EDGE_CURVE('',#1653,#1560,#1038,.T.);
#2062=EDGE_CURVE('',#1653,#1654,#1039,.T.);
#2063=EDGE_CURVE('',#1654,#1561,#1040,.T.);
#2064=EDGE_CURVE('',#1654,#1655,#1041,.T.);
#2065=EDGE_CURVE('',#1655,#1562,#1042,.T.);
#2066=EDGE_CURVE('',#1655,#1656,#154,.T.);
#2067=EDGE_CURVE('',#1656,#1563,#1043,.T.);
#2068=EDGE_CURVE('',#1656,#1657,#155,.T.);
#2069=EDGE_CURVE('',#1657,#1544,#1044,.T.);
#2070=EDGE_CURVE('',#1657,#1638,#156,.T.);
#2071=EDGE_CURVE('',#1473,#1491,#1045,.T.);
#2072=EDGE_CURVE('',#1472,#1490,#1046,.T.);
#2073=EDGE_CURVE('',#1471,#1489,#1047,.T.);
#2074=EDGE_CURVE('',#1470,#1488,#1048,.T.);
#2075=EDGE_CURVE('',#1477,#1564,#1049,.T.);
#2076=EDGE_CURVE('',#1478,#1571,#1050,.T.);
#2077=EDGE_CURVE('',#1479,#1570,#1051,.T.);
#2078=EDGE_CURVE('',#1480,#1569,#1052,.T.);
#2079=EDGE_CURVE('',#1481,#1568,#1053,.T.);
#2080=EDGE_CURVE('',#1482,#1567,#1054,.T.);
#2081=EDGE_CURVE('',#1483,#1566,#1055,.T.);
#2082=EDGE_CURVE('',#1476,#1565,#1056,.T.);
#2083=EDGE_CURVE('',#1658,#1658,#792,.T.);
#2084=EDGE_CURVE('',#1658,#1659,#1057,.T.);
#2085=EDGE_CURVE('',#1659,#1659,#793,.T.);
#2086=EDGE_CURVE('',#1660,#1660,#794,.T.);
#2087=EDGE_CURVE('',#1660,#1661,#1058,.T.);
#2088=EDGE_CURVE('',#1661,#1661,#795,.T.);
#2089=EDGE_CURVE('',#1662,#1662,#796,.T.);
#2090=EDGE_CURVE('',#1662,#1663,#1059,.T.);
#2091=EDGE_CURVE('',#1663,#1663,#797,.T.);
#2092=EDGE_CURVE('',#1664,#1664,#798,.T.);
#2093=EDGE_CURVE('',#1664,#1665,#1060,.T.);
#2094=EDGE_CURVE('',#1665,#1665,#799,.T.);
#2095=EDGE_CURVE('',#1666,#1667,#1061,.T.);
#2096=EDGE_CURVE('',#1666,#1668,#1062,.T.);
#2097=EDGE_CURVE('',#1668,#1669,#1063,.T.);
#2098=EDGE_CURVE('',#1667,#1669,#1064,.T.);
#2099=EDGE_CURVE('',#1670,#1666,#1065,.T.);
#2100=EDGE_CURVE('',#1670,#1671,#1066,.T.);
#2101=EDGE_CURVE('',#1671,#1668,#1067,.T.);
#2102=EDGE_CURVE('',#1672,#1670,#1068,.T.);
#2103=EDGE_CURVE('',#1672,#1673,#1069,.T.);
#2104=EDGE_CURVE('',#1673,#1671,#1070,.T.);
#2105=EDGE_CURVE('',#1667,#1672,#1071,.T.);
#2106=EDGE_CURVE('',#1669,#1673,#1072,.T.);
#2107=EDGE_CURVE('',#1674,#1674,#800,.T.);
#2108=EDGE_CURVE('',#1675,#1676,#1073,.T.);
#2109=EDGE_CURVE('',#1677,#1676,#1074,.T.);
#2110=EDGE_CURVE('',#1678,#1677,#1075,.T.);
#2111=EDGE_CURVE('',#1675,#1678,#1076,.T.);
#2112=EDGE_CURVE('',#1678,#1679,#801,.T.);
#2113=EDGE_CURVE('',#1680,#1677,#802,.T.);
#2114=EDGE_CURVE('',#1679,#1680,#1077,.T.);
#2115=EDGE_CURVE('',#1681,#1682,#1078,.T.);
#2116=EDGE_CURVE('',#1682,#1683,#1079,.T.);
#2117=EDGE_CURVE('',#1684,#1683,#1080,.T.);
#2118=EDGE_CURVE('',#1681,#1684,#1081,.T.);
#2119=EDGE_CURVE('',#1685,#1683,#803,.T.);
#2120=EDGE_CURVE('',#1686,#1685,#1082,.T.);
#2121=EDGE_CURVE('',#1684,#1686,#804,.T.);
#2122=EDGE_CURVE('',#1687,#1688,#805,.T.);
#2123=EDGE_CURVE('',#1688,#1687,#806,.T.);
#2124=EDGE_CURVE('',#1688,#1689,#1083,.T.);
#2125=EDGE_CURVE('',#1689,#1681,#807,.T.);
#2126=EDGE_CURVE('',#1686,#1690,#1084,.T.);
#2127=EDGE_CURVE('',#1690,#1691,#808,.T.);
#2128=EDGE_CURVE('',#1691,#1680,#1085,.T.);
#2129=EDGE_CURVE('',#1676,#1689,#809,.T.);
#2130=EDGE_CURVE('',#1692,#1685,#1086,.T.);
#2131=EDGE_CURVE('',#1690,#1692,#1087,.T.);
#2132=EDGE_CURVE('',#1693,#1693,#810,.T.);
#2133=EDGE_CURVE('',#1693,#1674,#1088,.T.);
#2134=EDGE_CURVE('',#1694,#1691,#1089,.T.);
#2135=EDGE_CURVE('',#1679,#1694,#1090,.T.);
#2136=EDGE_CURVE('',#1695,#1692,#811,.T.);
#2137=EDGE_CURVE('',#1694,#1695,#812,.T.);
#2138=EDGE_CURVE('',#1696,#1697,#813,.T.);
#2139=EDGE_CURVE('',#1697,#1696,#814,.T.);
#2140=EDGE_CURVE('',#1697,#1695,#1091,.T.);
#2141=EDGE_CURVE('',#1682,#1675,#815,.T.);
#2142=EDGE_CURVE('',#1698,#1699,#816,.T.);
#2143=EDGE_CURVE('',#1699,#1698,#817,.T.);
#2144=EDGE_CURVE('',#1698,#1696,#818,.T.);
#2145=EDGE_CURVE('',#1699,#1700,#1092,.T.);
#2146=EDGE_CURVE('',#1700,#1700,#819,.T.);
#2147=EDGE_CURVE('',#1701,#1702,#820,.T.);
#2148=EDGE_CURVE('',#1702,#1701,#821,.T.);
#2149=EDGE_CURVE('',#1701,#1687,#822,.T.);
#2150=EDGE_CURVE('',#1702,#1703,#1093,.T.);
#2151=EDGE_CURVE('',#1703,#1703,#823,.T.);
#2152=EDGE_CURVE('',#1704,#1705,#824,.T.);
#2153=EDGE_CURVE('',#1706,#1704,#1094,.T.);
#2154=EDGE_CURVE('',#1707,#1706,#825,.T.);
#2155=EDGE_CURVE('',#1708,#1707,#826,.T.);
#2156=EDGE_CURVE('',#1709,#1708,#1095,.T.);
#2157=EDGE_CURVE('',#1710,#1709,#1096,.T.);
#2158=EDGE_CURVE('',#1711,#1710,#1097,.T.);
#2159=EDGE_CURVE('',#1705,#1711,#827,.T.);
#2160=EDGE_CURVE('',#1712,#1704,#1098,.T.);
#2161=EDGE_CURVE('',#1713,#1712,#1099,.T.);
#2162=EDGE_CURVE('',#1706,#1713,#1100,.T.);
#2163=EDGE_CURVE('',#1711,#1714,#1101,.F.);
#2164=EDGE_CURVE('',#1714,#1715,#828,.F.);
#2165=EDGE_CURVE('',#1705,#1715,#1102,.F.);
#2166=EDGE_CURVE('',#1716,#1710,#1103,.T.);
#2167=EDGE_CURVE('',#1716,#1714,#1104,.F.);
#2168=EDGE_CURVE('',#1713,#1717,#829,.T.);
#2169=EDGE_CURVE('',#1717,#1718,#1105,.T.);
#2170=EDGE_CURVE('',#1719,#1718,#830,.T.);
#2171=EDGE_CURVE('',#1707,#1719,#1106,.T.);
#2172=EDGE_CURVE('',#1709,#1720,#1107,.T.);
#2173=EDGE_CURVE('',#1721,#1720,#1108,.T.);
#2174=EDGE_CURVE('',#1722,#1721,#1109,.T.);
#2175=EDGE_CURVE('',#1723,#1722,#1110,.T.);
#2176=EDGE_CURVE('',#1723,#1724,#1111,.T.);
#2177=EDGE_CURVE('',#1724,#1716,#1112,.T.);
#2178=EDGE_CURVE('',#1725,#1725,#831,.T.);
#2179=EDGE_CURVE('',#1725,#1726,#1113,.T.);
#2180=EDGE_CURVE('',#1726,#1726,#832,.T.);
#2181=EDGE_CURVE('',#1727,#1723,#1114,.T.);
#2182=EDGE_CURVE('',#1727,#1728,#1115,.T.);
#2183=EDGE_CURVE('',#1728,#1724,#1116,.F.);
#2184=EDGE_CURVE('',#1715,#1728,#833,.F.);
#2185=EDGE_CURVE('',#1712,#1727,#834,.T.);
#2186=EDGE_CURVE('',#1729,#1719,#835,.T.);
#2187=EDGE_CURVE('',#1708,#1729,#1117,.T.);
#2188=EDGE_CURVE('',#1720,#1729,#1118,.T.);
#2189=EDGE_CURVE('',#1722,#1717,#1119,.T.);
#2190=EDGE_CURVE('',#1718,#1721,#1120,.T.);
#2191=EDGE_CURVE('',#1730,#1731,#836,.T.);
#2192=EDGE_CURVE('',#1732,#1730,#1121,.T.);
#2193=EDGE_CURVE('',#1733,#1732,#837,.T.);
#2194=EDGE_CURVE('',#1734,#1733,#838,.T.);
#2195=EDGE_CURVE('',#1735,#1734,#1122,.T.);
#2196=EDGE_CURVE('',#1736,#1735,#1123,.T.);
#2197=EDGE_CURVE('',#1737,#1736,#1124,.T.);
#2198=EDGE_CURVE('',#1731,#1737,#839,.T.);
#2199=EDGE_CURVE('',#1738,#1730,#1125,.T.);
#2200=EDGE_CURVE('',#1739,#1738,#1126,.T.);
#2201=EDGE_CURVE('',#1732,#1739,#1127,.T.);
#2202=EDGE_CURVE('',#1731,#1740,#1128,.T.);
#2203=EDGE_CURVE('',#1741,#1740,#840,.T.);
#2204=EDGE_CURVE('',#1742,#1741,#1129,.T.);
#2205=EDGE_CURVE('',#1742,#1738,#841,.T.);
#2206=EDGE_CURVE('',#1737,#1743,#1130,.T.);
#2207=EDGE_CURVE('',#1740,#1743,#842,.T.);
#2208=EDGE_CURVE('',#1736,#1744,#1131,.T.);
#2209=EDGE_CURVE('',#1743,#1744,#1132,.T.);
#2210=EDGE_CURVE('',#1735,#1745,#1133,.T.);
#2211=EDGE_CURVE('',#1745,#1746,#1134,.T.);
#2212=EDGE_CURVE('',#1746,#1747,#1135,.T.);
#2213=EDGE_CURVE('',#1748,#1747,#1136,.T.);
#2214=EDGE_CURVE('',#1748,#1749,#1137,.T.);
#2215=EDGE_CURVE('',#1744,#1749,#1138,.T.);
#2216=EDGE_CURVE('',#1750,#1750,#843,.T.);
#2217=EDGE_CURVE('',#1750,#1751,#1139,.T.);
#2218=EDGE_CURVE('',#1751,#1751,#844,.T.);
#2219=EDGE_CURVE('',#1747,#1752,#1140,.T.);
#2220=EDGE_CURVE('',#1746,#1753,#1141,.F.);
#2221=EDGE_CURVE('',#1752,#1753,#1142,.T.);
#2222=EDGE_CURVE('',#1734,#1754,#1143,.F.);
#2223=EDGE_CURVE('',#1754,#1745,#1144,.F.);
#2224=EDGE_CURVE('',#1733,#1755,#1145,.T.);
#2225=EDGE_CURVE('',#1755,#1754,#845,.F.);
#2226=EDGE_CURVE('',#1752,#1739,#846,.T.);
#2227=EDGE_CURVE('',#1753,#1755,#847,.F.);
#2228=EDGE_CURVE('',#1742,#1748,#1146,.T.);
#2229=EDGE_CURVE('',#1749,#1741,#1147,.T.);
#2230=EDGE_CURVE('',#1756,#1756,#848,.T.);
#2231=EDGE_CURVE('',#1757,#1757,#849,.T.);
#2232=EDGE_CURVE('',#1757,#1758,#1148,.T.);
#2233=EDGE_CURVE('',#1758,#1758,#850,.T.);
#2234=EDGE_CURVE('',#1759,#1759,#851,.T.);
#2235=EDGE_CURVE('',#1759,#1756,#1149,.T.);
#2236=EDGE_CURVE('',#1760,#1760,#852,.T.);
#2237=EDGE_CURVE('',#1761,#1761,#853,.T.);
#2238=EDGE_CURVE('',#1761,#1762,#1150,.T.);
#2239=EDGE_CURVE('',#1762,#1762,#854,.T.);
#2240=EDGE_CURVE('',#1763,#1763,#855,.T.);
#2241=EDGE_CURVE('',#1763,#1760,#1151,.T.);
#2242=EDGE_CURVE('',#1764,#1764,#856,.T.);
#2243=EDGE_CURVE('',#1764,#1765,#1152,.T.);
#2244=EDGE_CURVE('',#1765,#1765,#857,.T.);
#2245=EDGE_CURVE('',#1766,#1766,#858,.T.);
#2246=EDGE_CURVE('',#1766,#1767,#1153,.T.);
#2247=EDGE_CURVE('',#1767,#1767,#859,.T.);
#2248=ORIENTED_EDGE('',*,*,#1768,.F.);
#2249=ORIENTED_EDGE('',*,*,#1769,.F.);
#2250=ORIENTED_EDGE('',*,*,#1770,.T.);
#2251=ORIENTED_EDGE('',*,*,#1771,.F.);
#2252=ORIENTED_EDGE('',*,*,#1772,.F.);
#2253=ORIENTED_EDGE('',*,*,#1773,.T.);
#2254=ORIENTED_EDGE('',*,*,#1774,.F.);
#2255=ORIENTED_EDGE('',*,*,#1773,.F.);
#2256=ORIENTED_EDGE('',*,*,#1768,.T.);
#2257=ORIENTED_EDGE('',*,*,#1775,.F.);
#2258=ORIENTED_EDGE('',*,*,#1770,.F.);
#2259=ORIENTED_EDGE('',*,*,#1776,.F.);
#2260=ORIENTED_EDGE('',*,*,#1775,.T.);
#2261=ORIENTED_EDGE('',*,*,#1771,.T.);
#2262=ORIENTED_EDGE('',*,*,#1774,.T.);
#2263=ORIENTED_EDGE('',*,*,#1769,.T.);
#2264=ORIENTED_EDGE('',*,*,#1776,.T.);
#2265=ORIENTED_EDGE('',*,*,#1772,.T.);
#2266=ORIENTED_EDGE('',*,*,#1777,.F.);
#2267=ORIENTED_EDGE('',*,*,#1778,.T.);
#2268=ORIENTED_EDGE('',*,*,#1779,.F.);
#2269=ORIENTED_EDGE('',*,*,#1778,.F.);
#2270=ORIENTED_EDGE('',*,*,#1780,.F.);
#2271=ORIENTED_EDGE('',*,*,#1781,.T.);
#2272=ORIENTED_EDGE('',*,*,#1782,.F.);
#2273=ORIENTED_EDGE('',*,*,#1781,.F.);
#2274=ORIENTED_EDGE('',*,*,#1782,.T.);
#2275=ORIENTED_EDGE('',*,*,#1779,.T.);
#2276=ORIENTED_EDGE('',*,*,#1780,.T.);
#2277=ORIENTED_EDGE('',*,*,#1777,.T.);
#2278=ORIENTED_EDGE('',*,*,#1783,.T.);
#2279=ORIENTED_EDGE('',*,*,#1784,.T.);
#2280=ORIENTED_EDGE('',*,*,#1785,.T.);
#2281=ORIENTED_EDGE('',*,*,#1786,.T.);
#2282=ORIENTED_EDGE('',*,*,#1783,.F.);
#2283=ORIENTED_EDGE('',*,*,#1787,.T.);
#2284=ORIENTED_EDGE('',*,*,#1785,.F.);
#2285=ORIENTED_EDGE('',*,*,#1787,.F.);
#2286=ORIENTED_EDGE('',*,*,#1784,.F.);
#2287=ORIENTED_EDGE('',*,*,#1788,.T.);
#2288=ORIENTED_EDGE('',*,*,#1786,.F.);
#2289=ORIENTED_EDGE('',*,*,#1788,.F.);
#2290=ORIENTED_EDGE('',*,*,#1789,.F.);
#2291=ORIENTED_EDGE('',*,*,#1790,.T.);
#2292=ORIENTED_EDGE('',*,*,#1791,.F.);
#2293=ORIENTED_EDGE('',*,*,#1790,.F.);
#2294=ORIENTED_EDGE('',*,*,#1792,.F.);
#2295=ORIENTED_EDGE('',*,*,#1793,.T.);
#2296=ORIENTED_EDGE('',*,*,#1794,.F.);
#2297=ORIENTED_EDGE('',*,*,#1793,.F.);
#2298=ORIENTED_EDGE('',*,*,#1794,.T.);
#2299=ORIENTED_EDGE('',*,*,#1791,.T.);
#2300=ORIENTED_EDGE('',*,*,#1792,.T.);
#2301=ORIENTED_EDGE('',*,*,#1789,.T.);
#2302=ORIENTED_EDGE('',*,*,#1795,.F.);
#2303=ORIENTED_EDGE('',*,*,#1796,.F.);
#2304=ORIENTED_EDGE('',*,*,#1797,.F.);
#2305=ORIENTED_EDGE('',*,*,#1798,.F.);
#2306=ORIENTED_EDGE('',*,*,#1799,.T.);
#2307=ORIENTED_EDGE('',*,*,#1800,.T.);
#2308=ORIENTED_EDGE('',*,*,#1801,.T.);
#2309=ORIENTED_EDGE('',*,*,#1802,.T.);
#2310=ORIENTED_EDGE('',*,*,#1803,.F.);
#2311=ORIENTED_EDGE('',*,*,#1804,.F.);
#2312=ORIENTED_EDGE('',*,*,#1805,.T.);
#2313=ORIENTED_EDGE('',*,*,#1806,.T.);
#2314=ORIENTED_EDGE('',*,*,#1807,.T.);
#2315=ORIENTED_EDGE('',*,*,#1808,.T.);
#2316=ORIENTED_EDGE('',*,*,#1809,.T.);
#2317=ORIENTED_EDGE('',*,*,#1810,.T.);
#2318=ORIENTED_EDGE('',*,*,#1811,.T.);
#2319=ORIENTED_EDGE('',*,*,#1812,.T.);
#2320=ORIENTED_EDGE('',*,*,#1813,.T.);
#2321=ORIENTED_EDGE('',*,*,#1814,.T.);
#2322=ORIENTED_EDGE('',*,*,#1815,.T.);
#2323=ORIENTED_EDGE('',*,*,#1816,.T.);
#2324=ORIENTED_EDGE('',*,*,#1817,.T.);
#2325=ORIENTED_EDGE('',*,*,#1818,.T.);
#2326=ORIENTED_EDGE('',*,*,#1819,.T.);
#2327=ORIENTED_EDGE('',*,*,#1820,.T.);
#2328=ORIENTED_EDGE('',*,*,#1821,.T.);
#2329=ORIENTED_EDGE('',*,*,#1822,.T.);
#2330=ORIENTED_EDGE('',*,*,#1823,.T.);
#2331=ORIENTED_EDGE('',*,*,#1824,.T.);
#2332=ORIENTED_EDGE('',*,*,#1825,.T.);
#2333=ORIENTED_EDGE('',*,*,#1826,.T.);
#2334=ORIENTED_EDGE('',*,*,#1827,.T.);
#2335=ORIENTED_EDGE('',*,*,#1828,.T.);
#2336=ORIENTED_EDGE('',*,*,#1829,.T.);
#2337=ORIENTED_EDGE('',*,*,#1830,.T.);
#2338=ORIENTED_EDGE('',*,*,#1831,.T.);
#2339=ORIENTED_EDGE('',*,*,#1832,.T.);
#2340=ORIENTED_EDGE('',*,*,#1833,.T.);
#2341=ORIENTED_EDGE('',*,*,#1834,.T.);
#2342=ORIENTED_EDGE('',*,*,#1835,.T.);
#2343=ORIENTED_EDGE('',*,*,#1836,.T.);
#2344=ORIENTED_EDGE('',*,*,#1837,.T.);
#2345=ORIENTED_EDGE('',*,*,#1838,.T.);
#2346=ORIENTED_EDGE('',*,*,#1839,.T.);
#2347=ORIENTED_EDGE('',*,*,#1840,.T.);
#2348=ORIENTED_EDGE('',*,*,#1841,.T.);
#2349=ORIENTED_EDGE('',*,*,#1842,.T.);
#2350=ORIENTED_EDGE('',*,*,#1843,.T.);
#2351=ORIENTED_EDGE('',*,*,#1844,.T.);
#2352=ORIENTED_EDGE('',*,*,#1845,.T.);
#2353=ORIENTED_EDGE('',*,*,#1846,.T.);
#2354=ORIENTED_EDGE('',*,*,#1847,.T.);
#2355=ORIENTED_EDGE('',*,*,#1848,.T.);
#2356=ORIENTED_EDGE('',*,*,#1849,.T.);
#2357=ORIENTED_EDGE('',*,*,#1850,.T.);
#2358=ORIENTED_EDGE('',*,*,#1851,.T.);
#2359=ORIENTED_EDGE('',*,*,#1852,.T.);
#2360=ORIENTED_EDGE('',*,*,#1853,.T.);
#2361=ORIENTED_EDGE('',*,*,#1854,.T.);
#2362=ORIENTED_EDGE('',*,*,#1855,.T.);
#2363=ORIENTED_EDGE('',*,*,#1856,.T.);
#2364=ORIENTED_EDGE('',*,*,#1857,.T.);
#2365=ORIENTED_EDGE('',*,*,#1858,.T.);
#2366=ORIENTED_EDGE('',*,*,#1859,.T.);
#2367=ORIENTED_EDGE('',*,*,#1860,.T.);
#2368=ORIENTED_EDGE('',*,*,#1861,.T.);
#2369=ORIENTED_EDGE('',*,*,#1862,.T.);
#2370=ORIENTED_EDGE('',*,*,#1863,.T.);
#2371=ORIENTED_EDGE('',*,*,#1864,.T.);
#2372=ORIENTED_EDGE('',*,*,#1865,.T.);
#2373=ORIENTED_EDGE('',*,*,#1866,.T.);
#2374=ORIENTED_EDGE('',*,*,#1867,.T.);
#2375=ORIENTED_EDGE('',*,*,#1868,.T.);
#2376=ORIENTED_EDGE('',*,*,#1869,.T.);
#2377=ORIENTED_EDGE('',*,*,#1870,.T.);
#2378=ORIENTED_EDGE('',*,*,#1871,.T.);
#2379=ORIENTED_EDGE('',*,*,#1872,.T.);
#2380=ORIENTED_EDGE('',*,*,#1873,.T.);
#2381=ORIENTED_EDGE('',*,*,#1874,.T.);
#2382=ORIENTED_EDGE('',*,*,#1875,.T.);
#2383=ORIENTED_EDGE('',*,*,#1876,.T.);
#2384=ORIENTED_EDGE('',*,*,#1877,.T.);
#2385=ORIENTED_EDGE('',*,*,#1878,.T.);
#2386=ORIENTED_EDGE('',*,*,#1879,.T.);
#2387=ORIENTED_EDGE('',*,*,#1880,.T.);
#2388=ORIENTED_EDGE('',*,*,#1881,.T.);
#2389=ORIENTED_EDGE('',*,*,#1882,.T.);
#2390=ORIENTED_EDGE('',*,*,#1883,.T.);
#2391=ORIENTED_EDGE('',*,*,#1884,.T.);
#2392=ORIENTED_EDGE('',*,*,#1885,.T.);
#2393=ORIENTED_EDGE('',*,*,#1886,.T.);
#2394=ORIENTED_EDGE('',*,*,#1887,.T.);
#2395=ORIENTED_EDGE('',*,*,#1888,.T.);
#2396=ORIENTED_EDGE('',*,*,#1889,.T.);
#2397=ORIENTED_EDGE('',*,*,#1890,.T.);
#2398=ORIENTED_EDGE('',*,*,#1891,.T.);
#2399=ORIENTED_EDGE('',*,*,#1892,.T.);
#2400=ORIENTED_EDGE('',*,*,#1893,.T.);
#2401=ORIENTED_EDGE('',*,*,#1894,.T.);
#2402=ORIENTED_EDGE('',*,*,#1895,.T.);
#2403=ORIENTED_EDGE('',*,*,#1896,.T.);
#2404=ORIENTED_EDGE('',*,*,#1897,.T.);
#2405=ORIENTED_EDGE('',*,*,#1898,.T.);
#2406=ORIENTED_EDGE('',*,*,#1899,.T.);
#2407=ORIENTED_EDGE('',*,*,#1900,.T.);
#2408=ORIENTED_EDGE('',*,*,#1795,.T.);
#2409=ORIENTED_EDGE('',*,*,#1901,.T.);
#2410=ORIENTED_EDGE('',*,*,#1813,.F.);
#2411=ORIENTED_EDGE('',*,*,#1902,.F.);
#2412=ORIENTED_EDGE('',*,*,#1798,.T.);
#2413=ORIENTED_EDGE('',*,*,#1903,.T.);
#2414=ORIENTED_EDGE('',*,*,#1814,.F.);
#2415=ORIENTED_EDGE('',*,*,#1901,.F.);
#2416=ORIENTED_EDGE('',*,*,#1797,.T.);
#2417=ORIENTED_EDGE('',*,*,#1904,.T.);
#2418=ORIENTED_EDGE('',*,*,#1815,.F.);
#2419=ORIENTED_EDGE('',*,*,#1903,.F.);
#2420=ORIENTED_EDGE('',*,*,#1796,.T.);
#2421=ORIENTED_EDGE('',*,*,#1902,.T.);
#2422=ORIENTED_EDGE('',*,*,#1816,.F.);
#2423=ORIENTED_EDGE('',*,*,#1904,.F.);
#2424=ORIENTED_EDGE('',*,*,#1822,.F.);
#2425=ORIENTED_EDGE('',*,*,#1905,.T.);
#2426=ORIENTED_EDGE('',*,*,#1803,.T.);
#2427=ORIENTED_EDGE('',*,*,#1905,.F.);
#2428=ORIENTED_EDGE('',*,*,#1821,.F.);
#2429=ORIENTED_EDGE('',*,*,#1906,.T.);
#2430=ORIENTED_EDGE('',*,*,#1804,.T.);
#2431=ORIENTED_EDGE('',*,*,#1906,.F.);
#2432=ORIENTED_EDGE('',*,*,#1907,.T.);
#2433=ORIENTED_EDGE('',*,*,#1908,.T.);
#2434=ORIENTED_EDGE('',*,*,#1909,.T.);
#2435=ORIENTED_EDGE('',*,*,#1910,.T.);
#2436=ORIENTED_EDGE('',*,*,#1911,.T.);
#2437=ORIENTED_EDGE('',*,*,#1912,.T.);
#2438=ORIENTED_EDGE('',*,*,#1913,.T.);
#2439=ORIENTED_EDGE('',*,*,#1914,.T.);
#2440=ORIENTED_EDGE('',*,*,#1915,.T.);
#2441=ORIENTED_EDGE('',*,*,#1916,.T.);
#2442=ORIENTED_EDGE('',*,*,#1824,.F.);
#2443=ORIENTED_EDGE('',*,*,#1917,.F.);
#2444=ORIENTED_EDGE('',*,*,#1918,.T.);
#2445=ORIENTED_EDGE('',*,*,#1919,.T.);
#2446=ORIENTED_EDGE('',*,*,#1825,.F.);
#2447=ORIENTED_EDGE('',*,*,#1916,.F.);
#2448=ORIENTED_EDGE('',*,*,#1920,.T.);
#2449=ORIENTED_EDGE('',*,*,#1921,.T.);
#2450=ORIENTED_EDGE('',*,*,#1826,.F.);
#2451=ORIENTED_EDGE('',*,*,#1919,.F.);
#2452=ORIENTED_EDGE('',*,*,#1922,.T.);
#2453=ORIENTED_EDGE('',*,*,#1923,.T.);
#2454=ORIENTED_EDGE('',*,*,#1827,.F.);
#2455=ORIENTED_EDGE('',*,*,#1921,.F.);
#2456=ORIENTED_EDGE('',*,*,#1924,.T.);
#2457=ORIENTED_EDGE('',*,*,#1925,.T.);
#2458=ORIENTED_EDGE('',*,*,#1828,.F.);
#2459=ORIENTED_EDGE('',*,*,#1923,.F.);
#2460=ORIENTED_EDGE('',*,*,#1926,.T.);
#2461=ORIENTED_EDGE('',*,*,#1927,.T.);
#2462=ORIENTED_EDGE('',*,*,#1829,.F.);
#2463=ORIENTED_EDGE('',*,*,#1925,.F.);
#2464=ORIENTED_EDGE('',*,*,#1928,.T.);
#2465=ORIENTED_EDGE('',*,*,#1929,.T.);
#2466=ORIENTED_EDGE('',*,*,#1830,.F.);
#2467=ORIENTED_EDGE('',*,*,#1927,.F.);
#2468=ORIENTED_EDGE('',*,*,#1930,.T.);
#2469=ORIENTED_EDGE('',*,*,#1931,.T.);
#2470=ORIENTED_EDGE('',*,*,#1831,.F.);
#2471=ORIENTED_EDGE('',*,*,#1929,.F.);
#2472=ORIENTED_EDGE('',*,*,#1932,.T.);
#2473=ORIENTED_EDGE('',*,*,#1933,.T.);
#2474=ORIENTED_EDGE('',*,*,#1832,.F.);
#2475=ORIENTED_EDGE('',*,*,#1931,.F.);
#2476=ORIENTED_EDGE('',*,*,#1934,.T.);
#2477=ORIENTED_EDGE('',*,*,#1935,.T.);
#2478=ORIENTED_EDGE('',*,*,#1833,.F.);
#2479=ORIENTED_EDGE('',*,*,#1933,.F.);
#2480=ORIENTED_EDGE('',*,*,#1936,.T.);
#2481=ORIENTED_EDGE('',*,*,#1937,.T.);
#2482=ORIENTED_EDGE('',*,*,#1834,.F.);
#2483=ORIENTED_EDGE('',*,*,#1935,.F.);
#2484=ORIENTED_EDGE('',*,*,#1938,.T.);
#2485=ORIENTED_EDGE('',*,*,#1939,.T.);
#2486=ORIENTED_EDGE('',*,*,#1835,.F.);
#2487=ORIENTED_EDGE('',*,*,#1937,.F.);
#2488=ORIENTED_EDGE('',*,*,#1940,.T.);
#2489=ORIENTED_EDGE('',*,*,#1917,.T.);
#2490=ORIENTED_EDGE('',*,*,#1823,.F.);
#2491=ORIENTED_EDGE('',*,*,#1939,.F.);
#2492=ORIENTED_EDGE('',*,*,#1940,.F.);
#2493=ORIENTED_EDGE('',*,*,#1938,.F.);
#2494=ORIENTED_EDGE('',*,*,#1936,.F.);
#2495=ORIENTED_EDGE('',*,*,#1934,.F.);
#2496=ORIENTED_EDGE('',*,*,#1932,.F.);
#2497=ORIENTED_EDGE('',*,*,#1930,.F.);
#2498=ORIENTED_EDGE('',*,*,#1928,.F.);
#2499=ORIENTED_EDGE('',*,*,#1926,.F.);
#2500=ORIENTED_EDGE('',*,*,#1924,.F.);
#2501=ORIENTED_EDGE('',*,*,#1922,.F.);
#2502=ORIENTED_EDGE('',*,*,#1920,.F.);
#2503=ORIENTED_EDGE('',*,*,#1918,.F.);
#2504=ORIENTED_EDGE('',*,*,#1915,.F.);
#2505=ORIENTED_EDGE('',*,*,#1941,.T.);
#2506=ORIENTED_EDGE('',*,*,#1942,.T.);
#2507=ORIENTED_EDGE('',*,*,#1908,.F.);
#2508=ORIENTED_EDGE('',*,*,#1943,.F.);
#2509=ORIENTED_EDGE('',*,*,#1944,.T.);
#2510=ORIENTED_EDGE('',*,*,#1945,.T.);
#2511=ORIENTED_EDGE('',*,*,#1909,.F.);
#2512=ORIENTED_EDGE('',*,*,#1942,.F.);
#2513=ORIENTED_EDGE('',*,*,#1946,.T.);
#2514=ORIENTED_EDGE('',*,*,#1947,.T.);
#2515=ORIENTED_EDGE('',*,*,#1910,.F.);
#2516=ORIENTED_EDGE('',*,*,#1945,.F.);
#2517=ORIENTED_EDGE('',*,*,#1948,.T.);
#2518=ORIENTED_EDGE('',*,*,#1949,.T.);
#2519=ORIENTED_EDGE('',*,*,#1911,.F.);
#2520=ORIENTED_EDGE('',*,*,#1947,.F.);
#2521=ORIENTED_EDGE('',*,*,#1950,.T.);
#2522=ORIENTED_EDGE('',*,*,#1951,.T.);
#2523=ORIENTED_EDGE('',*,*,#1912,.F.);
#2524=ORIENTED_EDGE('',*,*,#1949,.F.);
#2525=ORIENTED_EDGE('',*,*,#1952,.T.);
#2526=ORIENTED_EDGE('',*,*,#1953,.T.);
#2527=ORIENTED_EDGE('',*,*,#1913,.F.);
#2528=ORIENTED_EDGE('',*,*,#1951,.F.);
#2529=ORIENTED_EDGE('',*,*,#1954,.T.);
#2530=ORIENTED_EDGE('',*,*,#1955,.T.);
#2531=ORIENTED_EDGE('',*,*,#1914,.F.);
#2532=ORIENTED_EDGE('',*,*,#1953,.F.);
#2533=ORIENTED_EDGE('',*,*,#1956,.T.);
#2534=ORIENTED_EDGE('',*,*,#1943,.T.);
#2535=ORIENTED_EDGE('',*,*,#1907,.F.);
#2536=ORIENTED_EDGE('',*,*,#1955,.F.);
#2537=ORIENTED_EDGE('',*,*,#1957,.T.);
#2538=ORIENTED_EDGE('',*,*,#1958,.T.);
#2539=ORIENTED_EDGE('',*,*,#1837,.F.);
#2540=ORIENTED_EDGE('',*,*,#1959,.F.);
#2541=ORIENTED_EDGE('',*,*,#1960,.T.);
#2542=ORIENTED_EDGE('',*,*,#1961,.T.);
#2543=ORIENTED_EDGE('',*,*,#1838,.F.);
#2544=ORIENTED_EDGE('',*,*,#1958,.F.);
#2545=ORIENTED_EDGE('',*,*,#1962,.T.);
#2546=ORIENTED_EDGE('',*,*,#1963,.T.);
#2547=ORIENTED_EDGE('',*,*,#1839,.F.);
#2548=ORIENTED_EDGE('',*,*,#1961,.F.);
#2549=ORIENTED_EDGE('',*,*,#1964,.T.);
#2550=ORIENTED_EDGE('',*,*,#1965,.T.);
#2551=ORIENTED_EDGE('',*,*,#1840,.F.);
#2552=ORIENTED_EDGE('',*,*,#1963,.F.);
#2553=ORIENTED_EDGE('',*,*,#1966,.T.);
#2554=ORIENTED_EDGE('',*,*,#1967,.T.);
#2555=ORIENTED_EDGE('',*,*,#1841,.F.);
#2556=ORIENTED_EDGE('',*,*,#1965,.F.);
#2557=ORIENTED_EDGE('',*,*,#1968,.T.);
#2558=ORIENTED_EDGE('',*,*,#1969,.T.);
#2559=ORIENTED_EDGE('',*,*,#1842,.F.);
#2560=ORIENTED_EDGE('',*,*,#1967,.F.);
#2561=ORIENTED_EDGE('',*,*,#1970,.T.);
#2562=ORIENTED_EDGE('',*,*,#1971,.T.);
#2563=ORIENTED_EDGE('',*,*,#1843,.F.);
#2564=ORIENTED_EDGE('',*,*,#1969,.F.);
#2565=ORIENTED_EDGE('',*,*,#1972,.T.);
#2566=ORIENTED_EDGE('',*,*,#1973,.T.);
#2567=ORIENTED_EDGE('',*,*,#1844,.F.);
#2568=ORIENTED_EDGE('',*,*,#1971,.F.);
#2569=ORIENTED_EDGE('',*,*,#1974,.T.);
#2570=ORIENTED_EDGE('',*,*,#1959,.T.);
#2571=ORIENTED_EDGE('',*,*,#1836,.F.);
#2572=ORIENTED_EDGE('',*,*,#1973,.F.);
#2573=ORIENTED_EDGE('',*,*,#1974,.F.);
#2574=ORIENTED_EDGE('',*,*,#1972,.F.);
#2575=ORIENTED_EDGE('',*,*,#1970,.F.);
#2576=ORIENTED_EDGE('',*,*,#1968,.F.);
#2577=ORIENTED_EDGE('',*,*,#1966,.F.);
#2578=ORIENTED_EDGE('',*,*,#1964,.F.);
#2579=ORIENTED_EDGE('',*,*,#1962,.F.);
#2580=ORIENTED_EDGE('',*,*,#1960,.F.);
#2581=ORIENTED_EDGE('',*,*,#1957,.F.);
#2582=ORIENTED_EDGE('',*,*,#1956,.F.);
#2583=ORIENTED_EDGE('',*,*,#1954,.F.);
#2584=ORIENTED_EDGE('',*,*,#1952,.F.);
#2585=ORIENTED_EDGE('',*,*,#1950,.F.);
#2586=ORIENTED_EDGE('',*,*,#1948,.F.);
#2587=ORIENTED_EDGE('',*,*,#1946,.F.);
#2588=ORIENTED_EDGE('',*,*,#1944,.F.);
#2589=ORIENTED_EDGE('',*,*,#1941,.F.);
#2590=ORIENTED_EDGE('',*,*,#1975,.T.);
#2591=ORIENTED_EDGE('',*,*,#1976,.T.);
#2592=ORIENTED_EDGE('',*,*,#1846,.F.);
#2593=ORIENTED_EDGE('',*,*,#1977,.F.);
#2594=ORIENTED_EDGE('',*,*,#1978,.T.);
#2595=ORIENTED_EDGE('',*,*,#1979,.T.);
#2596=ORIENTED_EDGE('',*,*,#1847,.F.);
#2597=ORIENTED_EDGE('',*,*,#1976,.F.);
#2598=ORIENTED_EDGE('',*,*,#1980,.T.);
#2599=ORIENTED_EDGE('',*,*,#1981,.T.);
#2600=ORIENTED_EDGE('',*,*,#1848,.F.);
#2601=ORIENTED_EDGE('',*,*,#1979,.F.);
#2602=ORIENTED_EDGE('',*,*,#1982,.T.);
#2603=ORIENTED_EDGE('',*,*,#1983,.T.);
#2604=ORIENTED_EDGE('',*,*,#1849,.F.);
#2605=ORIENTED_EDGE('',*,*,#1981,.F.);
#2606=ORIENTED_EDGE('',*,*,#1984,.T.);
#2607=ORIENTED_EDGE('',*,*,#1985,.T.);
#2608=ORIENTED_EDGE('',*,*,#1850,.F.);
#2609=ORIENTED_EDGE('',*,*,#1983,.F.);
#2610=ORIENTED_EDGE('',*,*,#1986,.T.);
#2611=ORIENTED_EDGE('',*,*,#1987,.T.);
#2612=ORIENTED_EDGE('',*,*,#1851,.F.);
#2613=ORIENTED_EDGE('',*,*,#1985,.F.);
#2614=ORIENTED_EDGE('',*,*,#1988,.T.);
#2615=ORIENTED_EDGE('',*,*,#1989,.T.);
#2616=ORIENTED_EDGE('',*,*,#1852,.F.);
#2617=ORIENTED_EDGE('',*,*,#1987,.F.);
#2618=ORIENTED_EDGE('',*,*,#1990,.T.);
#2619=ORIENTED_EDGE('',*,*,#1991,.T.);
#2620=ORIENTED_EDGE('',*,*,#1853,.F.);
#2621=ORIENTED_EDGE('',*,*,#1989,.F.);
#2622=ORIENTED_EDGE('',*,*,#1992,.T.);
#2623=ORIENTED_EDGE('',*,*,#1993,.T.);
#2624=ORIENTED_EDGE('',*,*,#1854,.F.);
#2625=ORIENTED_EDGE('',*,*,#1991,.F.);
#2626=ORIENTED_EDGE('',*,*,#1994,.T.);
#2627=ORIENTED_EDGE('',*,*,#1977,.T.);
#2628=ORIENTED_EDGE('',*,*,#1845,.F.);
#2629=ORIENTED_EDGE('',*,*,#1993,.F.);
#2630=ORIENTED_EDGE('',*,*,#1994,.F.);
#2631=ORIENTED_EDGE('',*,*,#1992,.F.);
#2632=ORIENTED_EDGE('',*,*,#1990,.F.);
#2633=ORIENTED_EDGE('',*,*,#1988,.F.);
#2634=ORIENTED_EDGE('',*,*,#1986,.F.);
#2635=ORIENTED_EDGE('',*,*,#1984,.F.);
#2636=ORIENTED_EDGE('',*,*,#1982,.F.);
#2637=ORIENTED_EDGE('',*,*,#1980,.F.);
#2638=ORIENTED_EDGE('',*,*,#1978,.F.);
#2639=ORIENTED_EDGE('',*,*,#1975,.F.);
#2640=ORIENTED_EDGE('',*,*,#1995,.T.);
#2641=ORIENTED_EDGE('',*,*,#1996,.T.);
#2642=ORIENTED_EDGE('',*,*,#1856,.F.);
#2643=ORIENTED_EDGE('',*,*,#1997,.F.);
#2644=ORIENTED_EDGE('',*,*,#1998,.T.);
#2645=ORIENTED_EDGE('',*,*,#1999,.T.);
#2646=ORIENTED_EDGE('',*,*,#1857,.F.);
#2647=ORIENTED_EDGE('',*,*,#1996,.F.);
#2648=ORIENTED_EDGE('',*,*,#2000,.T.);
#2649=ORIENTED_EDGE('',*,*,#2001,.T.);
#2650=ORIENTED_EDGE('',*,*,#1858,.F.);
#2651=ORIENTED_EDGE('',*,*,#1999,.F.);
#2652=ORIENTED_EDGE('',*,*,#2002,.T.);
#2653=ORIENTED_EDGE('',*,*,#2003,.T.);
#2654=ORIENTED_EDGE('',*,*,#1859,.F.);
#2655=ORIENTED_EDGE('',*,*,#2001,.F.);
#2656=ORIENTED_EDGE('',*,*,#2004,.T.);
#2657=ORIENTED_EDGE('',*,*,#2005,.T.);
#2658=ORIENTED_EDGE('',*,*,#1860,.F.);
#2659=ORIENTED_EDGE('',*,*,#2003,.F.);
#2660=ORIENTED_EDGE('',*,*,#2006,.T.);
#2661=ORIENTED_EDGE('',*,*,#2007,.T.);
#2662=ORIENTED_EDGE('',*,*,#1861,.F.);
#2663=ORIENTED_EDGE('',*,*,#2005,.F.);
#2664=ORIENTED_EDGE('',*,*,#2008,.T.);
#2665=ORIENTED_EDGE('',*,*,#2009,.T.);
#2666=ORIENTED_EDGE('',*,*,#1862,.F.);
#2667=ORIENTED_EDGE('',*,*,#2007,.F.);
#2668=ORIENTED_EDGE('',*,*,#2010,.T.);
#2669=ORIENTED_EDGE('',*,*,#2011,.T.);
#2670=ORIENTED_EDGE('',*,*,#1863,.F.);
#2671=ORIENTED_EDGE('',*,*,#2009,.F.);
#2672=ORIENTED_EDGE('',*,*,#2012,.T.);
#2673=ORIENTED_EDGE('',*,*,#2013,.T.);
#2674=ORIENTED_EDGE('',*,*,#1864,.F.);
#2675=ORIENTED_EDGE('',*,*,#2011,.F.);
#2676=ORIENTED_EDGE('',*,*,#2014,.T.);
#2677=ORIENTED_EDGE('',*,*,#2015,.T.);
#2678=ORIENTED_EDGE('',*,*,#1865,.F.);
#2679=ORIENTED_EDGE('',*,*,#2013,.F.);
#2680=ORIENTED_EDGE('',*,*,#2016,.T.);
#2681=ORIENTED_EDGE('',*,*,#2017,.T.);
#2682=ORIENTED_EDGE('',*,*,#1866,.F.);
#2683=ORIENTED_EDGE('',*,*,#2015,.F.);
#2684=ORIENTED_EDGE('',*,*,#2018,.T.);
#2685=ORIENTED_EDGE('',*,*,#2019,.T.);
#2686=ORIENTED_EDGE('',*,*,#1867,.F.);
#2687=ORIENTED_EDGE('',*,*,#2017,.F.);
#2688=ORIENTED_EDGE('',*,*,#2020,.T.);
#2689=ORIENTED_EDGE('',*,*,#2021,.T.);
#2690=ORIENTED_EDGE('',*,*,#1868,.F.);
#2691=ORIENTED_EDGE('',*,*,#2019,.F.);
#2692=ORIENTED_EDGE('',*,*,#2022,.T.);
#2693=ORIENTED_EDGE('',*,*,#2023,.T.);
#2694=ORIENTED_EDGE('',*,*,#1869,.F.);
#2695=ORIENTED_EDGE('',*,*,#2021,.F.);
#2696=ORIENTED_EDGE('',*,*,#2024,.T.);
#2697=ORIENTED_EDGE('',*,*,#2025,.T.);
#2698=ORIENTED_EDGE('',*,*,#1870,.F.);
#2699=ORIENTED_EDGE('',*,*,#2023,.F.);
#2700=ORIENTED_EDGE('',*,*,#2026,.T.);
#2701=ORIENTED_EDGE('',*,*,#2027,.T.);
#2702=ORIENTED_EDGE('',*,*,#1871,.F.);
#2703=ORIENTED_EDGE('',*,*,#2025,.F.);
#2704=ORIENTED_EDGE('',*,*,#2028,.T.);
#2705=ORIENTED_EDGE('',*,*,#2029,.T.);
#2706=ORIENTED_EDGE('',*,*,#1872,.F.);
#2707=ORIENTED_EDGE('',*,*,#2027,.F.);
#2708=ORIENTED_EDGE('',*,*,#2030,.T.);
#2709=ORIENTED_EDGE('',*,*,#1997,.T.);
#2710=ORIENTED_EDGE('',*,*,#1855,.F.);
#2711=ORIENTED_EDGE('',*,*,#2029,.F.);
#2712=ORIENTED_EDGE('',*,*,#2030,.F.);
#2713=ORIENTED_EDGE('',*,*,#2028,.F.);
#2714=ORIENTED_EDGE('',*,*,#2026,.F.);
#2715=ORIENTED_EDGE('',*,*,#2024,.F.);
#2716=ORIENTED_EDGE('',*,*,#2022,.F.);
#2717=ORIENTED_EDGE('',*,*,#2020,.F.);
#2718=ORIENTED_EDGE('',*,*,#2018,.F.);
#2719=ORIENTED_EDGE('',*,*,#2016,.F.);
#2720=ORIENTED_EDGE('',*,*,#2014,.F.);
#2721=ORIENTED_EDGE('',*,*,#2012,.F.);
#2722=ORIENTED_EDGE('',*,*,#2010,.F.);
#2723=ORIENTED_EDGE('',*,*,#2008,.F.);
#2724=ORIENTED_EDGE('',*,*,#2006,.F.);
#2725=ORIENTED_EDGE('',*,*,#2004,.F.);
#2726=ORIENTED_EDGE('',*,*,#2002,.F.);
#2727=ORIENTED_EDGE('',*,*,#2000,.F.);
#2728=ORIENTED_EDGE('',*,*,#1998,.F.);
#2729=ORIENTED_EDGE('',*,*,#1995,.F.);
#2730=ORIENTED_EDGE('',*,*,#2031,.T.);
#2731=ORIENTED_EDGE('',*,*,#2032,.T.);
#2732=ORIENTED_EDGE('',*,*,#1874,.F.);
#2733=ORIENTED_EDGE('',*,*,#2033,.F.);
#2734=ORIENTED_EDGE('',*,*,#2034,.T.);
#2735=ORIENTED_EDGE('',*,*,#2035,.T.);
#2736=ORIENTED_EDGE('',*,*,#1875,.F.);
#2737=ORIENTED_EDGE('',*,*,#2032,.F.);
#2738=ORIENTED_EDGE('',*,*,#2036,.T.);
#2739=ORIENTED_EDGE('',*,*,#2037,.T.);
#2740=ORIENTED_EDGE('',*,*,#1876,.F.);
#2741=ORIENTED_EDGE('',*,*,#2035,.F.);
#2742=ORIENTED_EDGE('',*,*,#2038,.T.);
#2743=ORIENTED_EDGE('',*,*,#2039,.T.);
#2744=ORIENTED_EDGE('',*,*,#1877,.F.);
#2745=ORIENTED_EDGE('',*,*,#2037,.F.);
#2746=ORIENTED_EDGE('',*,*,#2040,.T.);
#2747=ORIENTED_EDGE('',*,*,#2041,.T.);
#2748=ORIENTED_EDGE('',*,*,#1878,.F.);
#2749=ORIENTED_EDGE('',*,*,#2039,.F.);
#2750=ORIENTED_EDGE('',*,*,#2042,.T.);
#2751=ORIENTED_EDGE('',*,*,#2043,.T.);
#2752=ORIENTED_EDGE('',*,*,#1879,.F.);
#2753=ORIENTED_EDGE('',*,*,#2041,.F.);
#2754=ORIENTED_EDGE('',*,*,#2044,.T.);
#2755=ORIENTED_EDGE('',*,*,#2045,.T.);
#2756=ORIENTED_EDGE('',*,*,#1880,.F.);
#2757=ORIENTED_EDGE('',*,*,#2043,.F.);
#2758=ORIENTED_EDGE('',*,*,#2046,.T.);
#2759=ORIENTED_EDGE('',*,*,#2047,.T.);
#2760=ORIENTED_EDGE('',*,*,#1881,.F.);
#2761=ORIENTED_EDGE('',*,*,#2045,.F.);
#2762=ORIENTED_EDGE('',*,*,#2048,.T.);
#2763=ORIENTED_EDGE('',*,*,#2049,.T.);
#2764=ORIENTED_EDGE('',*,*,#1882,.F.);
#2765=ORIENTED_EDGE('',*,*,#2047,.F.);
#2766=ORIENTED_EDGE('',*,*,#2050,.T.);
#2767=ORIENTED_EDGE('',*,*,#2051,.T.);
#2768=ORIENTED_EDGE('',*,*,#1883,.F.);
#2769=ORIENTED_EDGE('',*,*,#2049,.F.);
#2770=ORIENTED_EDGE('',*,*,#2052,.T.);
#2771=ORIENTED_EDGE('',*,*,#2053,.T.);
#2772=ORIENTED_EDGE('',*,*,#1884,.F.);
#2773=ORIENTED_EDGE('',*,*,#2051,.F.);
#2774=ORIENTED_EDGE('',*,*,#2054,.T.);
#2775=ORIENTED_EDGE('',*,*,#2055,.T.);
#2776=ORIENTED_EDGE('',*,*,#1885,.F.);
#2777=ORIENTED_EDGE('',*,*,#2053,.F.);
#2778=ORIENTED_EDGE('',*,*,#2056,.T.);
#2779=ORIENTED_EDGE('',*,*,#2057,.T.);
#2780=ORIENTED_EDGE('',*,*,#1886,.F.);
#2781=ORIENTED_EDGE('',*,*,#2055,.F.);
#2782=ORIENTED_EDGE('',*,*,#2058,.T.);
#2783=ORIENTED_EDGE('',*,*,#2059,.T.);
#2784=ORIENTED_EDGE('',*,*,#1887,.F.);
#2785=ORIENTED_EDGE('',*,*,#2057,.F.);
#2786=ORIENTED_EDGE('',*,*,#2060,.T.);
#2787=ORIENTED_EDGE('',*,*,#2061,.T.);
#2788=ORIENTED_EDGE('',*,*,#1888,.F.);
#2789=ORIENTED_EDGE('',*,*,#2059,.F.);
#2790=ORIENTED_EDGE('',*,*,#2062,.T.);
#2791=ORIENTED_EDGE('',*,*,#2063,.T.);
#2792=ORIENTED_EDGE('',*,*,#1889,.F.);
#2793=ORIENTED_EDGE('',*,*,#2061,.F.);
#2794=ORIENTED_EDGE('',*,*,#2064,.T.);
#2795=ORIENTED_EDGE('',*,*,#2065,.T.);
#2796=ORIENTED_EDGE('',*,*,#1890,.F.);
#2797=ORIENTED_EDGE('',*,*,#2063,.F.);
#2798=ORIENTED_EDGE('',*,*,#2066,.T.);
#2799=ORIENTED_EDGE('',*,*,#2067,.T.);
#2800=ORIENTED_EDGE('',*,*,#1891,.F.);
#2801=ORIENTED_EDGE('',*,*,#2065,.F.);
#2802=ORIENTED_EDGE('',*,*,#2068,.T.);
#2803=ORIENTED_EDGE('',*,*,#2069,.T.);
#2804=ORIENTED_EDGE('',*,*,#1892,.F.);
#2805=ORIENTED_EDGE('',*,*,#2067,.F.);
#2806=ORIENTED_EDGE('',*,*,#2070,.T.);
#2807=ORIENTED_EDGE('',*,*,#2033,.T.);
#2808=ORIENTED_EDGE('',*,*,#1873,.F.);
#2809=ORIENTED_EDGE('',*,*,#2069,.F.);
#2810=ORIENTED_EDGE('',*,*,#2070,.F.);
#2811=ORIENTED_EDGE('',*,*,#2068,.F.);
#2812=ORIENTED_EDGE('',*,*,#2066,.F.);
#2813=ORIENTED_EDGE('',*,*,#2064,.F.);
#2814=ORIENTED_EDGE('',*,*,#2062,.F.);
#2815=ORIENTED_EDGE('',*,*,#2060,.F.);
#2816=ORIENTED_EDGE('',*,*,#2058,.F.);
#2817=ORIENTED_EDGE('',*,*,#2056,.F.);
#2818=ORIENTED_EDGE('',*,*,#2054,.F.);
#2819=ORIENTED_EDGE('',*,*,#2052,.F.);
#2820=ORIENTED_EDGE('',*,*,#2050,.F.);
#2821=ORIENTED_EDGE('',*,*,#2048,.F.);
#2822=ORIENTED_EDGE('',*,*,#2046,.F.);
#2823=ORIENTED_EDGE('',*,*,#2044,.F.);
#2824=ORIENTED_EDGE('',*,*,#2042,.F.);
#2825=ORIENTED_EDGE('',*,*,#2040,.F.);
#2826=ORIENTED_EDGE('',*,*,#2038,.F.);
#2827=ORIENTED_EDGE('',*,*,#2036,.F.);
#2828=ORIENTED_EDGE('',*,*,#2034,.F.);
#2829=ORIENTED_EDGE('',*,*,#2031,.F.);
#2830=ORIENTED_EDGE('',*,*,#1802,.F.);
#2831=ORIENTED_EDGE('',*,*,#2071,.T.);
#2832=ORIENTED_EDGE('',*,*,#1820,.F.);
#2833=ORIENTED_EDGE('',*,*,#2071,.F.);
#2834=ORIENTED_EDGE('',*,*,#1801,.F.);
#2835=ORIENTED_EDGE('',*,*,#2072,.T.);
#2836=ORIENTED_EDGE('',*,*,#1819,.F.);
#2837=ORIENTED_EDGE('',*,*,#2072,.F.);
#2838=ORIENTED_EDGE('',*,*,#1800,.F.);
#2839=ORIENTED_EDGE('',*,*,#2073,.T.);
#2840=ORIENTED_EDGE('',*,*,#1818,.F.);
#2841=ORIENTED_EDGE('',*,*,#2073,.F.);
#2842=ORIENTED_EDGE('',*,*,#1799,.F.);
#2843=ORIENTED_EDGE('',*,*,#2074,.T.);
#2844=ORIENTED_EDGE('',*,*,#1817,.F.);
#2845=ORIENTED_EDGE('',*,*,#2074,.F.);
#2846=ORIENTED_EDGE('',*,*,#1806,.F.);
#2847=ORIENTED_EDGE('',*,*,#2075,.T.);
#2848=ORIENTED_EDGE('',*,*,#1900,.F.);
#2849=ORIENTED_EDGE('',*,*,#2076,.F.);
#2850=ORIENTED_EDGE('',*,*,#1807,.F.);
#2851=ORIENTED_EDGE('',*,*,#2076,.T.);
#2852=ORIENTED_EDGE('',*,*,#1899,.F.);
#2853=ORIENTED_EDGE('',*,*,#2077,.F.);
#2854=ORIENTED_EDGE('',*,*,#1808,.F.);
#2855=ORIENTED_EDGE('',*,*,#2077,.T.);
#2856=ORIENTED_EDGE('',*,*,#1898,.F.);
#2857=ORIENTED_EDGE('',*,*,#2078,.F.);
#2858=ORIENTED_EDGE('',*,*,#1809,.F.);
#2859=ORIENTED_EDGE('',*,*,#2078,.T.);
#2860=ORIENTED_EDGE('',*,*,#1897,.F.);
#2861=ORIENTED_EDGE('',*,*,#2079,.F.);
#2862=ORIENTED_EDGE('',*,*,#1810,.F.);
#2863=ORIENTED_EDGE('',*,*,#2079,.T.);
#2864=ORIENTED_EDGE('',*,*,#1896,.F.);
#2865=ORIENTED_EDGE('',*,*,#2080,.F.);
#2866=ORIENTED_EDGE('',*,*,#1811,.F.);
#2867=ORIENTED_EDGE('',*,*,#2080,.T.);
#2868=ORIENTED_EDGE('',*,*,#1895,.F.);
#2869=ORIENTED_EDGE('',*,*,#2081,.F.);
#2870=ORIENTED_EDGE('',*,*,#1812,.F.);
#2871=ORIENTED_EDGE('',*,*,#2081,.T.);
#2872=ORIENTED_EDGE('',*,*,#1894,.F.);
#2873=ORIENTED_EDGE('',*,*,#2082,.F.);
#2874=ORIENTED_EDGE('',*,*,#1805,.F.);
#2875=ORIENTED_EDGE('',*,*,#2082,.T.);
#2876=ORIENTED_EDGE('',*,*,#1893,.F.);
#2877=ORIENTED_EDGE('',*,*,#2075,.F.);
#2878=ORIENTED_EDGE('',*,*,#2083,.F.);
#2879=ORIENTED_EDGE('',*,*,#2084,.T.);
#2880=ORIENTED_EDGE('',*,*,#2085,.F.);
#2881=ORIENTED_EDGE('',*,*,#2084,.F.);
#2882=ORIENTED_EDGE('',*,*,#2086,.F.);
#2883=ORIENTED_EDGE('',*,*,#2087,.T.);
#2884=ORIENTED_EDGE('',*,*,#2088,.T.);
#2885=ORIENTED_EDGE('',*,*,#2087,.F.);
#2886=ORIENTED_EDGE('',*,*,#2088,.F.);
#2887=ORIENTED_EDGE('',*,*,#2089,.F.);
#2888=ORIENTED_EDGE('',*,*,#2090,.T.);
#2889=ORIENTED_EDGE('',*,*,#2091,.T.);
#2890=ORIENTED_EDGE('',*,*,#2090,.F.);
#2891=ORIENTED_EDGE('',*,*,#2091,.F.);
#2892=ORIENTED_EDGE('',*,*,#2092,.F.);
#2893=ORIENTED_EDGE('',*,*,#2093,.T.);
#2894=ORIENTED_EDGE('',*,*,#2094,.F.);
#2895=ORIENTED_EDGE('',*,*,#2093,.F.);
#2896=ORIENTED_EDGE('',*,*,#2095,.F.);
#2897=ORIENTED_EDGE('',*,*,#2096,.T.);
#2898=ORIENTED_EDGE('',*,*,#2097,.T.);
#2899=ORIENTED_EDGE('',*,*,#2098,.F.);
#2900=ORIENTED_EDGE('',*,*,#2099,.F.);
#2901=ORIENTED_EDGE('',*,*,#2100,.T.);
#2902=ORIENTED_EDGE('',*,*,#2101,.T.);
#2903=ORIENTED_EDGE('',*,*,#2096,.F.);
#2904=ORIENTED_EDGE('',*,*,#2102,.F.);
#2905=ORIENTED_EDGE('',*,*,#2103,.T.);
#2906=ORIENTED_EDGE('',*,*,#2104,.T.);
#2907=ORIENTED_EDGE('',*,*,#2100,.F.);
#2908=ORIENTED_EDGE('',*,*,#2105,.F.);
#2909=ORIENTED_EDGE('',*,*,#2098,.T.);
#2910=ORIENTED_EDGE('',*,*,#2106,.T.);
#2911=ORIENTED_EDGE('',*,*,#2103,.F.);
#2912=ORIENTED_EDGE('',*,*,#2106,.F.);
#2913=ORIENTED_EDGE('',*,*,#2097,.F.);
#2914=ORIENTED_EDGE('',*,*,#2101,.F.);
#2915=ORIENTED_EDGE('',*,*,#2104,.F.);
#2916=ORIENTED_EDGE('',*,*,#2107,.F.);
#2917=ORIENTED_EDGE('',*,*,#2108,.T.);
#2918=ORIENTED_EDGE('',*,*,#2109,.F.);
#2919=ORIENTED_EDGE('',*,*,#2110,.F.);
#2920=ORIENTED_EDGE('',*,*,#2111,.F.);
#2921=ORIENTED_EDGE('',*,*,#2112,.F.);
#2922=ORIENTED_EDGE('',*,*,#2110,.T.);
#2923=ORIENTED_EDGE('',*,*,#2113,.F.);
#2924=ORIENTED_EDGE('',*,*,#2114,.F.);
#2925=ORIENTED_EDGE('',*,*,#2115,.T.);
#2926=ORIENTED_EDGE('',*,*,#2116,.T.);
#2927=ORIENTED_EDGE('',*,*,#2117,.F.);
#2928=ORIENTED_EDGE('',*,*,#2118,.F.);
#2929=ORIENTED_EDGE('',*,*,#2117,.T.);
#2930=ORIENTED_EDGE('',*,*,#2119,.F.);
#2931=ORIENTED_EDGE('',*,*,#2120,.F.);
#2932=ORIENTED_EDGE('',*,*,#2121,.F.);
#2933=ORIENTED_EDGE('',*,*,#2085,.T.);
#2934=ORIENTED_EDGE('',*,*,#2094,.T.);
#2935=ORIENTED_EDGE('',*,*,#2122,.F.);
#2936=ORIENTED_EDGE('',*,*,#2123,.F.);
#2937=ORIENTED_EDGE('',*,*,#2124,.T.);
#2938=ORIENTED_EDGE('',*,*,#2125,.T.);
#2939=ORIENTED_EDGE('',*,*,#2118,.T.);
#2940=ORIENTED_EDGE('',*,*,#2121,.T.);
#2941=ORIENTED_EDGE('',*,*,#2126,.T.);
#2942=ORIENTED_EDGE('',*,*,#2127,.T.);
#2943=ORIENTED_EDGE('',*,*,#2128,.T.);
#2944=ORIENTED_EDGE('',*,*,#2113,.T.);
#2945=ORIENTED_EDGE('',*,*,#2109,.T.);
#2946=ORIENTED_EDGE('',*,*,#2129,.T.);
#2947=ORIENTED_EDGE('',*,*,#2124,.F.);
#2948=ORIENTED_EDGE('',*,*,#2120,.T.);
#2949=ORIENTED_EDGE('',*,*,#2130,.F.);
#2950=ORIENTED_EDGE('',*,*,#2131,.F.);
#2951=ORIENTED_EDGE('',*,*,#2126,.F.);
#2952=ORIENTED_EDGE('',*,*,#2132,.F.);
#2953=ORIENTED_EDGE('',*,*,#2133,.T.);
#2954=ORIENTED_EDGE('',*,*,#2107,.T.);
#2955=ORIENTED_EDGE('',*,*,#2133,.F.);
#2956=ORIENTED_EDGE('',*,*,#2114,.T.);
#2957=ORIENTED_EDGE('',*,*,#2128,.F.);
#2958=ORIENTED_EDGE('',*,*,#2134,.F.);
#2959=ORIENTED_EDGE('',*,*,#2135,.F.);
#2960=ORIENTED_EDGE('',*,*,#2131,.T.);
#2961=ORIENTED_EDGE('',*,*,#2136,.F.);
#2962=ORIENTED_EDGE('',*,*,#2137,.F.);
#2963=ORIENTED_EDGE('',*,*,#2134,.T.);
#2964=ORIENTED_EDGE('',*,*,#2127,.F.);
#2965=ORIENTED_EDGE('',*,*,#2132,.T.);
#2966=ORIENTED_EDGE('',*,*,#2138,.F.);
#2967=ORIENTED_EDGE('',*,*,#2139,.F.);
#2968=ORIENTED_EDGE('',*,*,#2140,.T.);
#2969=ORIENTED_EDGE('',*,*,#2136,.T.);
#2970=ORIENTED_EDGE('',*,*,#2130,.T.);
#2971=ORIENTED_EDGE('',*,*,#2119,.T.);
#2972=ORIENTED_EDGE('',*,*,#2116,.F.);
#2973=ORIENTED_EDGE('',*,*,#2141,.T.);
#2974=ORIENTED_EDGE('',*,*,#2111,.T.);
#2975=ORIENTED_EDGE('',*,*,#2112,.T.);
#2976=ORIENTED_EDGE('',*,*,#2135,.T.);
#2977=ORIENTED_EDGE('',*,*,#2137,.T.);
#2978=ORIENTED_EDGE('',*,*,#2140,.F.);
#2979=ORIENTED_EDGE('',*,*,#2142,.T.);
#2980=ORIENTED_EDGE('',*,*,#2143,.T.);
#2981=ORIENTED_EDGE('',*,*,#2144,.T.);
#2982=ORIENTED_EDGE('',*,*,#2138,.T.);
#2983=ORIENTED_EDGE('',*,*,#2139,.T.);
#2984=ORIENTED_EDGE('',*,*,#2144,.F.);
#2985=ORIENTED_EDGE('',*,*,#2142,.F.);
#2986=ORIENTED_EDGE('',*,*,#2143,.F.);
#2987=ORIENTED_EDGE('',*,*,#2145,.T.);
#2988=ORIENTED_EDGE('',*,*,#2146,.T.);
#2989=ORIENTED_EDGE('',*,*,#2145,.F.);
#2990=ORIENTED_EDGE('',*,*,#2147,.T.);
#2991=ORIENTED_EDGE('',*,*,#2148,.T.);
#2992=ORIENTED_EDGE('',*,*,#2149,.T.);
#2993=ORIENTED_EDGE('',*,*,#2122,.T.);
#2994=ORIENTED_EDGE('',*,*,#2123,.T.);
#2995=ORIENTED_EDGE('',*,*,#2149,.F.);
#2996=ORIENTED_EDGE('',*,*,#2147,.F.);
#2997=ORIENTED_EDGE('',*,*,#2148,.F.);
#2998=ORIENTED_EDGE('',*,*,#2150,.T.);
#2999=ORIENTED_EDGE('',*,*,#2151,.T.);
#3000=ORIENTED_EDGE('',*,*,#2150,.F.);
#3001=ORIENTED_EDGE('',*,*,#2108,.F.);
#3002=ORIENTED_EDGE('',*,*,#2141,.F.);
#3003=ORIENTED_EDGE('',*,*,#2115,.F.);
#3004=ORIENTED_EDGE('',*,*,#2125,.F.);
#3005=ORIENTED_EDGE('',*,*,#2129,.F.);
#3006=ORIENTED_EDGE('',*,*,#2151,.F.);
#3007=ORIENTED_EDGE('',*,*,#2146,.F.);
#3008=ORIENTED_EDGE('',*,*,#2095,.T.);
#3009=ORIENTED_EDGE('',*,*,#2105,.T.);
#3010=ORIENTED_EDGE('',*,*,#2102,.T.);
#3011=ORIENTED_EDGE('',*,*,#2099,.T.);
#3012=ORIENTED_EDGE('',*,*,#2092,.T.);
#3013=ORIENTED_EDGE('',*,*,#2089,.T.);
#3014=ORIENTED_EDGE('',*,*,#2086,.T.);
#3015=ORIENTED_EDGE('',*,*,#2083,.T.);
#3016=ORIENTED_EDGE('',*,*,#2152,.F.);
#3017=ORIENTED_EDGE('',*,*,#2153,.F.);
#3018=ORIENTED_EDGE('',*,*,#2154,.F.);
#3019=ORIENTED_EDGE('',*,*,#2155,.F.);
#3020=ORIENTED_EDGE('',*,*,#2156,.F.);
#3021=ORIENTED_EDGE('',*,*,#2157,.F.);
#3022=ORIENTED_EDGE('',*,*,#2158,.F.);
#3023=ORIENTED_EDGE('',*,*,#2159,.F.);
#3024=ORIENTED_EDGE('',*,*,#2160,.F.);
#3025=ORIENTED_EDGE('',*,*,#2161,.F.);
#3026=ORIENTED_EDGE('',*,*,#2162,.F.);
#3027=ORIENTED_EDGE('',*,*,#2153,.T.);
#3028=ORIENTED_EDGE('',*,*,#2159,.T.);
#3029=ORIENTED_EDGE('',*,*,#2163,.T.);
#3030=ORIENTED_EDGE('',*,*,#2164,.T.);
#3031=ORIENTED_EDGE('',*,*,#2165,.F.);
#3032=ORIENTED_EDGE('',*,*,#2158,.T.);
#3033=ORIENTED_EDGE('',*,*,#2166,.F.);
#3034=ORIENTED_EDGE('',*,*,#2167,.T.);
#3035=ORIENTED_EDGE('',*,*,#2163,.F.);
#3036=ORIENTED_EDGE('',*,*,#2154,.T.);
#3037=ORIENTED_EDGE('',*,*,#2162,.T.);
#3038=ORIENTED_EDGE('',*,*,#2168,.T.);
#3039=ORIENTED_EDGE('',*,*,#2169,.T.);
#3040=ORIENTED_EDGE('',*,*,#2170,.F.);
#3041=ORIENTED_EDGE('',*,*,#2171,.F.);
#3042=ORIENTED_EDGE('',*,*,#2157,.T.);
#3043=ORIENTED_EDGE('',*,*,#2172,.T.);
#3044=ORIENTED_EDGE('',*,*,#2173,.F.);
#3045=ORIENTED_EDGE('',*,*,#2174,.F.);
#3046=ORIENTED_EDGE('',*,*,#2175,.F.);
#3047=ORIENTED_EDGE('',*,*,#2176,.T.);
#3048=ORIENTED_EDGE('',*,*,#2177,.T.);
#3049=ORIENTED_EDGE('',*,*,#2166,.T.);
#3050=ORIENTED_EDGE('',*,*,#2178,.F.);
#3051=ORIENTED_EDGE('',*,*,#2179,.T.);
#3052=ORIENTED_EDGE('',*,*,#2180,.F.);
#3053=ORIENTED_EDGE('',*,*,#2179,.F.);
#3054=ORIENTED_EDGE('',*,*,#2181,.F.);
#3055=ORIENTED_EDGE('',*,*,#2182,.T.);
#3056=ORIENTED_EDGE('',*,*,#2183,.T.);
#3057=ORIENTED_EDGE('',*,*,#2176,.F.);
#3058=ORIENTED_EDGE('',*,*,#2152,.T.);
#3059=ORIENTED_EDGE('',*,*,#2165,.T.);
#3060=ORIENTED_EDGE('',*,*,#2184,.T.);
#3061=ORIENTED_EDGE('',*,*,#2182,.F.);
#3062=ORIENTED_EDGE('',*,*,#2185,.F.);
#3063=ORIENTED_EDGE('',*,*,#2160,.T.);
#3064=ORIENTED_EDGE('',*,*,#2184,.F.);
#3065=ORIENTED_EDGE('',*,*,#2164,.F.);
#3066=ORIENTED_EDGE('',*,*,#2167,.F.);
#3067=ORIENTED_EDGE('',*,*,#2177,.F.);
#3068=ORIENTED_EDGE('',*,*,#2183,.F.);
#3069=ORIENTED_EDGE('',*,*,#2178,.T.);
#3070=ORIENTED_EDGE('',*,*,#2155,.T.);
#3071=ORIENTED_EDGE('',*,*,#2171,.T.);
#3072=ORIENTED_EDGE('',*,*,#2186,.F.);
#3073=ORIENTED_EDGE('',*,*,#2187,.F.);
#3074=ORIENTED_EDGE('',*,*,#2156,.T.);
#3075=ORIENTED_EDGE('',*,*,#2187,.T.);
#3076=ORIENTED_EDGE('',*,*,#2188,.F.);
#3077=ORIENTED_EDGE('',*,*,#2172,.F.);
#3078=ORIENTED_EDGE('',*,*,#2189,.F.);
#3079=ORIENTED_EDGE('',*,*,#2174,.T.);
#3080=ORIENTED_EDGE('',*,*,#2190,.F.);
#3081=ORIENTED_EDGE('',*,*,#2169,.F.);
#3082=ORIENTED_EDGE('',*,*,#2170,.T.);
#3083=ORIENTED_EDGE('',*,*,#2190,.T.);
#3084=ORIENTED_EDGE('',*,*,#2173,.T.);
#3085=ORIENTED_EDGE('',*,*,#2188,.T.);
#3086=ORIENTED_EDGE('',*,*,#2186,.T.);
#3087=ORIENTED_EDGE('',*,*,#2180,.T.);
#3088=ORIENTED_EDGE('',*,*,#2161,.T.);
#3089=ORIENTED_EDGE('',*,*,#2185,.T.);
#3090=ORIENTED_EDGE('',*,*,#2181,.T.);
#3091=ORIENTED_EDGE('',*,*,#2175,.T.);
#3092=ORIENTED_EDGE('',*,*,#2189,.T.);
#3093=ORIENTED_EDGE('',*,*,#2168,.F.);
#3094=ORIENTED_EDGE('',*,*,#2191,.F.);
#3095=ORIENTED_EDGE('',*,*,#2192,.F.);
#3096=ORIENTED_EDGE('',*,*,#2193,.F.);
#3097=ORIENTED_EDGE('',*,*,#2194,.F.);
#3098=ORIENTED_EDGE('',*,*,#2195,.F.);
#3099=ORIENTED_EDGE('',*,*,#2196,.F.);
#3100=ORIENTED_EDGE('',*,*,#2197,.F.);
#3101=ORIENTED_EDGE('',*,*,#2198,.F.);
#3102=ORIENTED_EDGE('',*,*,#2199,.F.);
#3103=ORIENTED_EDGE('',*,*,#2200,.F.);
#3104=ORIENTED_EDGE('',*,*,#2201,.F.);
#3105=ORIENTED_EDGE('',*,*,#2192,.T.);
#3106=ORIENTED_EDGE('',*,*,#2199,.T.);
#3107=ORIENTED_EDGE('',*,*,#2191,.T.);
#3108=ORIENTED_EDGE('',*,*,#2202,.T.);
#3109=ORIENTED_EDGE('',*,*,#2203,.F.);
#3110=ORIENTED_EDGE('',*,*,#2204,.F.);
#3111=ORIENTED_EDGE('',*,*,#2205,.T.);
#3112=ORIENTED_EDGE('',*,*,#2198,.T.);
#3113=ORIENTED_EDGE('',*,*,#2206,.T.);
#3114=ORIENTED_EDGE('',*,*,#2207,.F.);
#3115=ORIENTED_EDGE('',*,*,#2202,.F.);
#3116=ORIENTED_EDGE('',*,*,#2197,.T.);
#3117=ORIENTED_EDGE('',*,*,#2208,.T.);
#3118=ORIENTED_EDGE('',*,*,#2209,.F.);
#3119=ORIENTED_EDGE('',*,*,#2206,.F.);
#3120=ORIENTED_EDGE('',*,*,#2196,.T.);
#3121=ORIENTED_EDGE('',*,*,#2210,.T.);
#3122=ORIENTED_EDGE('',*,*,#2211,.T.);
#3123=ORIENTED_EDGE('',*,*,#2212,.T.);
#3124=ORIENTED_EDGE('',*,*,#2213,.F.);
#3125=ORIENTED_EDGE('',*,*,#2214,.T.);
#3126=ORIENTED_EDGE('',*,*,#2215,.F.);
#3127=ORIENTED_EDGE('',*,*,#2208,.F.);
#3128=ORIENTED_EDGE('',*,*,#2216,.F.);
#3129=ORIENTED_EDGE('',*,*,#2217,.T.);
#3130=ORIENTED_EDGE('',*,*,#2218,.F.);
#3131=ORIENTED_EDGE('',*,*,#2217,.F.);
#3132=ORIENTED_EDGE('',*,*,#2219,.F.);
#3133=ORIENTED_EDGE('',*,*,#2212,.F.);
#3134=ORIENTED_EDGE('',*,*,#2220,.T.);
#3135=ORIENTED_EDGE('',*,*,#2221,.F.);
#3136=ORIENTED_EDGE('',*,*,#2195,.T.);
#3137=ORIENTED_EDGE('',*,*,#2222,.T.);
#3138=ORIENTED_EDGE('',*,*,#2223,.T.);
#3139=ORIENTED_EDGE('',*,*,#2210,.F.);
#3140=ORIENTED_EDGE('',*,*,#2194,.T.);
#3141=ORIENTED_EDGE('',*,*,#2224,.T.);
#3142=ORIENTED_EDGE('',*,*,#2225,.T.);
#3143=ORIENTED_EDGE('',*,*,#2222,.F.);
#3144=ORIENTED_EDGE('',*,*,#2201,.T.);
#3145=ORIENTED_EDGE('',*,*,#2226,.F.);
#3146=ORIENTED_EDGE('',*,*,#2221,.T.);
#3147=ORIENTED_EDGE('',*,*,#2227,.T.);
#3148=ORIENTED_EDGE('',*,*,#2224,.F.);
#3149=ORIENTED_EDGE('',*,*,#2193,.T.);
#3150=ORIENTED_EDGE('',*,*,#2227,.F.);
#3151=ORIENTED_EDGE('',*,*,#2220,.F.);
#3152=ORIENTED_EDGE('',*,*,#2211,.F.);
#3153=ORIENTED_EDGE('',*,*,#2223,.F.);
#3154=ORIENTED_EDGE('',*,*,#2225,.F.);
#3155=ORIENTED_EDGE('',*,*,#2216,.T.);
#3156=ORIENTED_EDGE('',*,*,#2200,.T.);
#3157=ORIENTED_EDGE('',*,*,#2205,.F.);
#3158=ORIENTED_EDGE('',*,*,#2228,.T.);
#3159=ORIENTED_EDGE('',*,*,#2213,.T.);
#3160=ORIENTED_EDGE('',*,*,#2219,.T.);
#3161=ORIENTED_EDGE('',*,*,#2226,.T.);
#3162=ORIENTED_EDGE('',*,*,#2228,.F.);
#3163=ORIENTED_EDGE('',*,*,#2204,.T.);
#3164=ORIENTED_EDGE('',*,*,#2229,.F.);
#3165=ORIENTED_EDGE('',*,*,#2214,.F.);
#3166=ORIENTED_EDGE('',*,*,#2203,.T.);
#3167=ORIENTED_EDGE('',*,*,#2207,.T.);
#3168=ORIENTED_EDGE('',*,*,#2209,.T.);
#3169=ORIENTED_EDGE('',*,*,#2215,.T.);
#3170=ORIENTED_EDGE('',*,*,#2229,.T.);
#3171=ORIENTED_EDGE('',*,*,#2218,.T.);
#3172=ORIENTED_EDGE('',*,*,#2230,.F.);
#3173=ORIENTED_EDGE('',*,*,#2231,.F.);
#3174=ORIENTED_EDGE('',*,*,#2231,.T.);
#3175=ORIENTED_EDGE('',*,*,#2232,.T.);
#3176=ORIENTED_EDGE('',*,*,#2233,.F.);
#3177=ORIENTED_EDGE('',*,*,#2232,.F.);
#3178=ORIENTED_EDGE('',*,*,#2234,.F.);
#3179=ORIENTED_EDGE('',*,*,#2235,.T.);
#3180=ORIENTED_EDGE('',*,*,#2230,.T.);
#3181=ORIENTED_EDGE('',*,*,#2235,.F.);
#3182=ORIENTED_EDGE('',*,*,#2234,.T.);
#3183=ORIENTED_EDGE('',*,*,#2233,.T.);
#3184=ORIENTED_EDGE('',*,*,#2236,.F.);
#3185=ORIENTED_EDGE('',*,*,#2237,.F.);
#3186=ORIENTED_EDGE('',*,*,#2237,.T.);
#3187=ORIENTED_EDGE('',*,*,#2238,.T.);
#3188=ORIENTED_EDGE('',*,*,#2239,.F.);
#3189=ORIENTED_EDGE('',*,*,#2238,.F.);
#3190=ORIENTED_EDGE('',*,*,#2240,.F.);
#3191=ORIENTED_EDGE('',*,*,#2241,.T.);
#3192=ORIENTED_EDGE('',*,*,#2236,.T.);
#3193=ORIENTED_EDGE('',*,*,#2241,.F.);
#3194=ORIENTED_EDGE('',*,*,#2240,.T.);
#3195=ORIENTED_EDGE('',*,*,#2239,.T.);
#3196=ORIENTED_EDGE('',*,*,#2242,.F.);
#3197=ORIENTED_EDGE('',*,*,#2243,.T.);
#3198=ORIENTED_EDGE('',*,*,#2244,.F.);
#3199=ORIENTED_EDGE('',*,*,#2243,.F.);
#3200=ORIENTED_EDGE('',*,*,#2245,.F.);
#3201=ORIENTED_EDGE('',*,*,#2246,.T.);
#3202=ORIENTED_EDGE('',*,*,#2247,.T.);
#3203=ORIENTED_EDGE('',*,*,#2246,.F.);
#3204=ORIENTED_EDGE('',*,*,#2245,.T.);
#3205=ORIENTED_EDGE('',*,*,#2244,.T.);
#3206=ORIENTED_EDGE('',*,*,#2247,.F.);
#3207=ORIENTED_EDGE('',*,*,#2242,.T.);
#3208=CYLINDRICAL_SURFACE('',#3486,1.5);
#3209=CYLINDRICAL_SURFACE('',#3489,0.875);
#3210=CYLINDRICAL_SURFACE('',#3492,1.5);
#3211=CYLINDRICAL_SURFACE('',#3497,0.875);
#3212=CYLINDRICAL_SURFACE('',#3500,1.5);
#3213=CYLINDRICAL_SURFACE('',#3511,1.5);
#3214=CYLINDRICAL_SURFACE('',#3512,0.875);
#3215=CYLINDRICAL_SURFACE('',#3513,0.875);
#3216=CYLINDRICAL_SURFACE('',#3516,1.5);
#3217=CYLINDRICAL_SURFACE('',#3539,27.5);
#3218=CYLINDRICAL_SURFACE('',#3541,27.5);
#3219=CYLINDRICAL_SURFACE('',#3543,15.75);
#3220=CYLINDRICAL_SURFACE('',#3544,16.5);
#3221=CYLINDRICAL_SURFACE('',#3587,1.5);
#3222=CYLINDRICAL_SURFACE('',#3588,1.5);
#3223=CYLINDRICAL_SURFACE('',#3589,1.5);
#3224=CYLINDRICAL_SURFACE('',#3590,1.5);
#3225=CYLINDRICAL_SURFACE('',#3600,1.);
#3226=CYLINDRICAL_SURFACE('',#3603,1.);
#3227=CYLINDRICAL_SURFACE('',#3607,1.);
#3228=CYLINDRICAL_SURFACE('',#3611,1.);
#3229=CYLINDRICAL_SURFACE('',#3628,21.75);
#3230=CYLINDRICAL_SURFACE('',#3635,4.5);
#3231=CYLINDRICAL_SURFACE('',#3641,17.);
#3232=CYLINDRICAL_SURFACE('',#3649,15.75);
#3233=CYLINDRICAL_SURFACE('',#3655,20.5);
#3234=CYLINDRICAL_SURFACE('',#3665,3.5);
#3235=CYLINDRICAL_SURFACE('',#3668,20.);
#3236=CYLINDRICAL_SURFACE('',#3672,13.);
#3237=CYLINDRICAL_SURFACE('',#3676,19.);
#3238=CYLINDRICAL_SURFACE('',#3680,2.5);
#3239=CYLINDRICAL_SURFACE('',#3692,20.);
#3240=CYLINDRICAL_SURFACE('',#3695,2.5);
#3241=CYLINDRICAL_SURFACE('',#3699,13.);
#3242=CYLINDRICAL_SURFACE('',#3704,3.5);
#3243=CYLINDRICAL_SURFACE('',#3706,19.);
#3244=CYLINDRICAL_SURFACE('',#3716,1.);
#3245=CYLINDRICAL_SURFACE('',#3718,3.);
#3246=CYLINDRICAL_SURFACE('',#3724,1.);
#3247=CYLINDRICAL_SURFACE('',#3726,3.);
#3248=CYLINDRICAL_SURFACE('',#3729,1.);
#3249=CYLINDRICAL_SURFACE('',#3732,3.);
#3250=ADVANCED_FACE('',(#331),#3208,.T.);
#3251=ADVANCED_FACE('',(#332),#3209,.F.);
#3252=ADVANCED_FACE('',(#333),#3210,.T.);
#3253=ADVANCED_FACE('',(#334,#179),#228,.T.);
#3254=ADVANCED_FACE('',(#335,#180),#229,.F.);
#3255=ADVANCED_FACE('',(#336),#3211,.F.);
#3256=ADVANCED_FACE('',(#337),#3212,.T.);
#3257=ADVANCED_FACE('',(#338,#181),#230,.T.);
#3258=ADVANCED_FACE('',(#339,#182),#231,.F.);
#3259=ADVANCED_FACE('',(#340,#183),#232,.F.);
#3260=ADVANCED_FACE('',(#341,#184),#233,.T.);
#3261=ADVANCED_FACE('',(#342),#3213,.T.);
#3262=ADVANCED_FACE('',(#343),#3214,.F.);
#3263=ADVANCED_FACE('',(#344),#3215,.F.);
#3264=ADVANCED_FACE('',(#345),#3216,.T.);
#3265=ADVANCED_FACE('',(#346,#185),#234,.T.);
#3266=ADVANCED_FACE('',(#347,#186),#235,.F.);
#3267=ADVANCED_FACE('',(#348,#187,#188,#189,#190,#191,#192,#193),#236,.F.);
#3268=ADVANCED_FACE('',(#349,#194,#195,#196,#197,#198,#199,#200,#201,#202,
#203,#204,#205),#237,.T.);
#3269=ADVANCED_FACE('',(#350),#3217,.T.);
#3270=ADVANCED_FACE('',(#351),#238,.T.);
#3271=ADVANCED_FACE('',(#352),#3218,.T.);
#3272=ADVANCED_FACE('',(#353),#239,.T.);
#3273=ADVANCED_FACE('',(#354),#3219,.F.);
#3274=ADVANCED_FACE('',(#355),#3220,.F.);
#3275=ADVANCED_FACE('',(#356),#240,.T.);
#3276=ADVANCED_FACE('',(#357),#241,.T.);
#3277=ADVANCED_FACE('',(#358),#242,.T.);
#3278=ADVANCED_FACE('',(#359),#243,.T.);
#3279=ADVANCED_FACE('',(#360),#244,.T.);
#3280=ADVANCED_FACE('',(#361),#31,.T.);
#3281=ADVANCED_FACE('',(#362),#32,.T.);
#3282=ADVANCED_FACE('',(#363),#33,.T.);
#3283=ADVANCED_FACE('',(#364),#245,.T.);
#3284=ADVANCED_FACE('',(#365),#34,.T.);
#3285=ADVANCED_FACE('',(#366),#35,.T.);
#3286=ADVANCED_FACE('',(#367),#36,.T.);
#3287=ADVANCED_FACE('',(#368),#37,.T.);
#3288=ADVANCED_FACE('',(#369),#246,.T.);
#3289=ADVANCED_FACE('',(#370),#247,.T.);
#3290=ADVANCED_FACE('',(#371),#38,.T.);
#3291=ADVANCED_FACE('',(#372),#39,.T.);
#3292=ADVANCED_FACE('',(#373),#40,.T.);
#3293=ADVANCED_FACE('',(#374),#41,.T.);
#3294=ADVANCED_FACE('',(#375),#42,.T.);
#3295=ADVANCED_FACE('',(#376),#43,.T.);
#3296=ADVANCED_FACE('',(#377),#44,.T.);
#3297=ADVANCED_FACE('',(#378),#45,.T.);
#3298=ADVANCED_FACE('',(#379),#46,.T.);
#3299=ADVANCED_FACE('',(#380),#47,.T.);
#3300=ADVANCED_FACE('',(#381),#48,.T.);
#3301=ADVANCED_FACE('',(#382),#49,.T.);
#3302=ADVANCED_FACE('',(#383),#50,.T.);
#3303=ADVANCED_FACE('',(#384),#51,.T.);
#3304=ADVANCED_FACE('',(#385),#52,.T.);
#3305=ADVANCED_FACE('',(#386),#53,.T.);
#3306=ADVANCED_FACE('',(#387),#54,.T.);
#3307=ADVANCED_FACE('',(#388,#206),#248,.T.);
#3308=ADVANCED_FACE('',(#389),#249,.T.);
#3309=ADVANCED_FACE('',(#390),#250,.T.);
#3310=ADVANCED_FACE('',(#391),#251,.T.);
#3311=ADVANCED_FACE('',(#392),#252,.T.);
#3312=ADVANCED_FACE('',(#393),#253,.T.);
#3313=ADVANCED_FACE('',(#394),#254,.T.);
#3314=ADVANCED_FACE('',(#395),#255,.T.);
#3315=ADVANCED_FACE('',(#396),#256,.T.);
#3316=ADVANCED_FACE('',(#397),#257,.T.);
#3317=ADVANCED_FACE('',(#398),#258,.T.);
#3318=ADVANCED_FACE('',(#399),#259,.T.);
#3319=ADVANCED_FACE('',(#400),#260,.T.);
#3320=ADVANCED_FACE('',(#401),#261,.T.);
#3321=ADVANCED_FACE('',(#402),#262,.T.);
#3322=ADVANCED_FACE('',(#403),#263,.T.);
#3323=ADVANCED_FACE('',(#404),#55,.T.);
#3324=ADVANCED_FACE('',(#405),#56,.T.);
#3325=ADVANCED_FACE('',(#406),#57,.T.);
#3326=ADVANCED_FACE('',(#407),#58,.T.);
#3327=ADVANCED_FACE('',(#408),#59,.T.);
#3328=ADVANCED_FACE('',(#409),#264,.T.);
#3329=ADVANCED_FACE('',(#410),#265,.T.);
#3330=ADVANCED_FACE('',(#411),#266,.T.);
#3331=ADVANCED_FACE('',(#412),#60,.T.);
#3332=ADVANCED_FACE('',(#413),#61,.T.);
#3333=ADVANCED_FACE('',(#414),#62,.T.);
#3334=ADVANCED_FACE('',(#415),#63,.T.);
#3335=ADVANCED_FACE('',(#416),#64,.T.);
#3336=ADVANCED_FACE('',(#417),#267,.T.);
#3337=ADVANCED_FACE('',(#418),#268,.T.);
#3338=ADVANCED_FACE('',(#419),#65,.T.);
#3339=ADVANCED_FACE('',(#420),#269,.T.);
#3340=ADVANCED_FACE('',(#421),#66,.T.);
#3341=ADVANCED_FACE('',(#422),#67,.T.);
#3342=ADVANCED_FACE('',(#423),#68,.T.);
#3343=ADVANCED_FACE('',(#424),#69,.T.);
#3344=ADVANCED_FACE('',(#425),#270,.T.);
#3345=ADVANCED_FACE('',(#426),#271,.T.);
#3346=ADVANCED_FACE('',(#427),#272,.T.);
#3347=ADVANCED_FACE('',(#428),#273,.T.);
#3348=ADVANCED_FACE('',(#429),#274,.T.);
#3349=ADVANCED_FACE('',(#430),#275,.T.);
#3350=ADVANCED_FACE('',(#431),#276,.T.);
#3351=ADVANCED_FACE('',(#432),#277,.T.);
#3352=ADVANCED_FACE('',(#433),#278,.T.);
#3353=ADVANCED_FACE('',(#434),#279,.T.);
#3354=ADVANCED_FACE('',(#435),#280,.T.);
#3355=ADVANCED_FACE('',(#436),#70,.T.);
#3356=ADVANCED_FACE('',(#437),#71,.T.);
#3357=ADVANCED_FACE('',(#438),#72,.T.);
#3358=ADVANCED_FACE('',(#439),#281,.T.);
#3359=ADVANCED_FACE('',(#440),#3221,.F.);
#3360=ADVANCED_FACE('',(#441),#3222,.F.);
#3361=ADVANCED_FACE('',(#442),#3223,.F.);
#3362=ADVANCED_FACE('',(#443),#3224,.F.);
#3363=ADVANCED_FACE('',(#444),#282,.F.);
#3364=ADVANCED_FACE('',(#445),#283,.F.);
#3365=ADVANCED_FACE('',(#446),#284,.F.);
#3366=ADVANCED_FACE('',(#447),#285,.F.);
#3367=ADVANCED_FACE('',(#448),#286,.F.);
#3368=ADVANCED_FACE('',(#449),#287,.F.);
#3369=ADVANCED_FACE('',(#450),#288,.F.);
#3370=ADVANCED_FACE('',(#451),#289,.F.);
#3371=ADVANCED_FACE('',(#452),#3225,.F.);
#3372=ADVANCED_FACE('',(#453),#3226,.F.);
#3373=ADVANCED_FACE('',(#454),#290,.F.);
#3374=ADVANCED_FACE('',(#455),#3227,.F.);
#3375=ADVANCED_FACE('',(#456),#291,.F.);
#3376=ADVANCED_FACE('',(#457),#3228,.F.);
#3377=ADVANCED_FACE('',(#458),#292,.F.);
#3378=ADVANCED_FACE('',(#459),#293,.F.);
#3379=ADVANCED_FACE('',(#460),#294,.F.);
#3380=ADVANCED_FACE('',(#461),#295,.F.);
#3381=ADVANCED_FACE('',(#462,#207),#296,.F.);
#3382=ADVANCED_FACE('',(#463),#297,.T.);
#3383=ADVANCED_FACE('',(#464),#298,.T.);
#3384=ADVANCED_FACE('',(#465),#299,.T.);
#3385=ADVANCED_FACE('',(#466,#208,#209),#300,.T.);
#3386=ADVANCED_FACE('',(#467),#3229,.T.);
#3387=ADVANCED_FACE('',(#468),#301,.T.);
#3388=ADVANCED_FACE('',(#469),#3230,.F.);
#3389=ADVANCED_FACE('',(#470),#302,.T.);
#3390=ADVANCED_FACE('',(#471,#210),#303,.T.);
#3391=ADVANCED_FACE('',(#472),#3231,.T.);
#3392=ADVANCED_FACE('',(#473),#23,.T.);
#3393=ADVANCED_FACE('',(#474),#3232,.F.);
#3394=ADVANCED_FACE('',(#475),#24,.T.);
#3395=ADVANCED_FACE('',(#476),#3233,.F.);
#3396=ADVANCED_FACE('',(#477,#211,#212,#213,#214,#215,#216,#217),#304,.F.);
#3397=ADVANCED_FACE('',(#478),#305,.F.);
#3398=ADVANCED_FACE('',(#479),#306,.F.);
#3399=ADVANCED_FACE('',(#480),#3234,.T.);
#3400=ADVANCED_FACE('',(#481),#307,.F.);
#3401=ADVANCED_FACE('',(#482),#3235,.T.);
#3402=ADVANCED_FACE('',(#483),#308,.T.);
#3403=ADVANCED_FACE('',(#484),#3236,.F.);
#3404=ADVANCED_FACE('',(#485),#309,.F.);
#3405=ADVANCED_FACE('',(#486),#3237,.F.);
#3406=ADVANCED_FACE('',(#487,#218),#310,.F.);
#3407=ADVANCED_FACE('',(#488),#3238,.F.);
#3408=ADVANCED_FACE('',(#489),#311,.T.);
#3409=ADVANCED_FACE('',(#490),#312,.T.);
#3410=ADVANCED_FACE('',(#491,#219),#313,.T.);
#3411=ADVANCED_FACE('',(#492),#314,.F.);
#3412=ADVANCED_FACE('',(#493),#315,.F.);
#3413=ADVANCED_FACE('',(#494),#316,.F.);
#3414=ADVANCED_FACE('',(#495),#3239,.T.);
#3415=ADVANCED_FACE('',(#496),#3240,.F.);
#3416=ADVANCED_FACE('',(#497),#317,.T.);
#3417=ADVANCED_FACE('',(#498),#318,.T.);
#3418=ADVANCED_FACE('',(#499),#3241,.F.);
#3419=ADVANCED_FACE('',(#500),#319,.F.);
#3420=ADVANCED_FACE('',(#501),#320,.F.);
#3421=ADVANCED_FACE('',(#502),#3242,.T.);
#3422=ADVANCED_FACE('',(#503),#3243,.F.);
#3423=ADVANCED_FACE('',(#504,#220),#321,.F.);
#3424=ADVANCED_FACE('',(#505),#322,.F.);
#3425=ADVANCED_FACE('',(#506),#323,.T.);
#3426=ADVANCED_FACE('',(#507,#221),#324,.T.);
#3427=ADVANCED_FACE('',(#508,#222),#325,.F.);
#3428=ADVANCED_FACE('',(#509),#3244,.F.);
#3429=ADVANCED_FACE('',(#510),#3245,.T.);
#3430=ADVANCED_FACE('',(#511,#223),#326,.T.);
#3431=ADVANCED_FACE('',(#512,#224),#327,.F.);
#3432=ADVANCED_FACE('',(#513),#3246,.F.);
#3433=ADVANCED_FACE('',(#514),#3247,.T.);
#3434=ADVANCED_FACE('',(#515,#225),#328,.T.);
#3435=ADVANCED_FACE('',(#516),#3248,.F.);
#3436=ADVANCED_FACE('',(#517),#3249,.T.);
#3437=ADVANCED_FACE('',(#518,#226),#329,.T.);
#3438=ADVANCED_FACE('',(#519,#227),#330,.F.);
#3439=CLOSED_SHELL('',(#3250,#3251,#3252,#3253,#3254));
#3440=CLOSED_SHELL('',(#3255,#3256,#3257,#3258));
#3441=CLOSED_SHELL('',(#3259,#3260,#3261,#3262));
#3442=CLOSED_SHELL('',(#3263,#3264,#3265,#3266));
#3443=CLOSED_SHELL('',(#3267,#3268,#3269,#3270,#3271,#3272,#3273,#3274,
#3275,#3276,#3277,#3278,#3279,#3280,#3281,#3282,#3283,#3284,#3285,#3286,
#3287,#3288,#3289,#3290,#3291,#3292,#3293,#3294,#3295,#3296,#3297,#3298,
#3299,#3300,#3301,#3302,#3303,#3304,#3305,#3306,#3307,#3308,#3309,#3310,
#3311,#3312,#3313,#3314,#3315,#3316,#3317,#3318,#3319,#3320,#3321,#3322,
#3323,#3324,#3325,#3326,#3327,#3328,#3329,#3330,#3331,#3332,#3333,#3334,
#3335,#3336,#3337,#3338,#3339,#3340,#3341,#3342,#3343,#3344,#3345,#3346,
#3347,#3348,#3349,#3350,#3351,#3352,#3353,#3354,#3355,#3356,#3357,#3358,
#3359,#3360,#3361,#3362,#3363,#3364,#3365,#3366,#3367,#3368,#3369,#3370));
#3444=CLOSED_SHELL('',(#3371,#3372,#3373,#3374,#3375,#3376,#3377,#3378,
#3379,#3380,#3381,#3382,#3383,#3384,#3385,#3386,#3387,#3388,#3389,#3390,
#3391,#3392,#3393,#3394,#3395,#3396));
#3445=CLOSED_SHELL('',(#3397,#3398,#3399,#3400,#3401,#3402,#3403,#3404,
#3405,#3406,#3407,#3408,#3409,#3410,#3411));
#3446=CLOSED_SHELL('',(#3412,#3413,#3414,#3415,#3416,#3417,#3418,#3419,
#3420,#3421,#3422,#3423,#3424,#3425,#3426));
#3447=CLOSED_SHELL('',(#3427,#3428,#3429,#3430));
#3448=CLOSED_SHELL('',(#3431,#3432,#3433,#3434));
#3449=CLOSED_SHELL('',(#3435,#3436,#3437,#3438));
#3450=DERIVED_UNIT_ELEMENT(#3456,1.);
#3451=DERIVED_UNIT_ELEMENT(#6267,-3.);
#3452=DERIVED_UNIT_ELEMENT(#3456,1.);
#3453=DERIVED_UNIT_ELEMENT(#6267,-3.);
#3454=DERIVED_UNIT_ELEMENT(#3456,1.);
#3455=DERIVED_UNIT_ELEMENT(#6267,-3.);
#3456=(
MASS_UNIT()
NAMED_UNIT(*)
SI_UNIT(.KILO.,.GRAM.)
);
#3457=DERIVED_UNIT((#3450,#3451));
#3458=DERIVED_UNIT((#3452,#3453));
#3459=DERIVED_UNIT((#3454,#3455));
#3460=MEASURE_REPRESENTATION_ITEM('density measure',
POSITIVE_RATIO_MEASURE(7850.),#3457);
#3461=MEASURE_REPRESENTATION_ITEM('density measure',
POSITIVE_RATIO_MEASURE(7850.),#3458);
#3462=MEASURE_REPRESENTATION_ITEM('density measure',
POSITIVE_RATIO_MEASURE(7850.),#3459);
#3463=PROPERTY_DEFINITION_REPRESENTATION(#3478,#3469);
#3464=PROPERTY_DEFINITION_REPRESENTATION(#3479,#3470);
#3465=PROPERTY_DEFINITION_REPRESENTATION(#3480,#3471);
#3466=PROPERTY_DEFINITION_REPRESENTATION(#3481,#3472);
#3467=PROPERTY_DEFINITION_REPRESENTATION(#3482,#3473);
#3468=PROPERTY_DEFINITION_REPRESENTATION(#3483,#3474);
#3469=REPRESENTATION('material name',(#3475),#6262);
#3470=REPRESENTATION('density',(#3460),#6262);
#3471=REPRESENTATION('material name',(#3476),#6263);
#3472=REPRESENTATION('density',(#3461),#6263);
#3473=REPRESENTATION('material name',(#3477),#6264);
#3474=REPRESENTATION('density',(#3462),#6264);
#3475=DESCRIPTIVE_REPRESENTATION_ITEM('Steel','Steel');
#3476=DESCRIPTIVE_REPRESENTATION_ITEM('Steel','Steel');
#3477=DESCRIPTIVE_REPRESENTATION_ITEM('Steel','Steel');
#3478=PROPERTY_DEFINITION('material property','material name',#6287);
#3479=PROPERTY_DEFINITION('material property','density of part',#6287);
#3480=PROPERTY_DEFINITION('material property','material name',#6288);
#3481=PROPERTY_DEFINITION('material property','density of part',#6288);
#3482=PROPERTY_DEFINITION('material property','material name',#6289);
#3483=PROPERTY_DEFINITION('material property','density of part',#6289);
#3484=AXIS2_PLACEMENT_3D('',#4546,#3740,#3741);
#3485=AXIS2_PLACEMENT_3D('',#4547,#3742,#3743);
#3486=AXIS2_PLACEMENT_3D('',#4548,#3744,#3745);
#3487=AXIS2_PLACEMENT_3D('',#4553,#3747,#3748);
#3488=AXIS2_PLACEMENT_3D('',#4556,#3750,#3751);
#3489=AXIS2_PLACEMENT_3D('',#4557,#3752,#3753);
#3490=AXIS2_PLACEMENT_3D('',#4559,#3754,#3755);
#3491=AXIS2_PLACEMENT_3D('',#4562,#3757,#3758);
#3492=AXIS2_PLACEMENT_3D('',#4563,#3759,#3760);
#3493=AXIS2_PLACEMENT_3D('',#4564,#3761,#3762);
#3494=AXIS2_PLACEMENT_3D('',#4565,#3763,#3764);
#3495=AXIS2_PLACEMENT_3D('',#4566,#3765,#3766);
#3496=AXIS2_PLACEMENT_3D('',#4567,#3767,#3768);
#3497=AXIS2_PLACEMENT_3D('',#4568,#3769,#3770);
#3498=AXIS2_PLACEMENT_3D('',#4570,#3771,#3772);
#3499=AXIS2_PLACEMENT_3D('',#4573,#3774,#3775);
#3500=AXIS2_PLACEMENT_3D('',#4574,#3776,#3777);
#3501=AXIS2_PLACEMENT_3D('',#4576,#3778,#3779);
#3502=AXIS2_PLACEMENT_3D('',#4579,#3781,#3782);
#3503=AXIS2_PLACEMENT_3D('',#4580,#3783,#3784);
#3504=AXIS2_PLACEMENT_3D('',#4581,#3785,#3786);
#3505=AXIS2_PLACEMENT_3D('',#4582,#3787,#3788);
#3506=AXIS2_PLACEMENT_3D('',#4584,#3789,#3790);
#3507=AXIS2_PLACEMENT_3D('',#4586,#3791,#3792);
#3508=AXIS2_PLACEMENT_3D('',#4587,#3793,#3794);
#3509=AXIS2_PLACEMENT_3D('',#4589,#3795,#3796);
#3510=AXIS2_PLACEMENT_3D('',#4591,#3797,#3798);
#3511=AXIS2_PLACEMENT_3D('',#4592,#3799,#3800);
#3512=AXIS2_PLACEMENT_3D('',#4594,#3802,#3803);
#3513=AXIS2_PLACEMENT_3D('',#4596,#3805,#3806);
#3514=AXIS2_PLACEMENT_3D('',#4598,#3807,#3808);
#3515=AXIS2_PLACEMENT_3D('',#4601,#3810,#3811);
#3516=AXIS2_PLACEMENT_3D('',#4602,#3812,#3813);
#3517=AXIS2_PLACEMENT_3D('',#4604,#3814,#3815);
#3518=AXIS2_PLACEMENT_3D('',#4607,#3817,#3818);
#3519=AXIS2_PLACEMENT_3D('',#4608,#3819,#3820);
#3520=AXIS2_PLACEMENT_3D('',#4609,#3821,#3822);
#3521=AXIS2_PLACEMENT_3D('',#4610,#3823,#3824);
#3522=AXIS2_PLACEMENT_3D('',#4613,#3825,#3826);
#3523=AXIS2_PLACEMENT_3D('',#4617,#3828,#3829);
#3524=AXIS2_PLACEMENT_3D('',#4620,#3831,#3832);
#3525=AXIS2_PLACEMENT_3D('',#4622,#3833,#3834);
#3526=AXIS2_PLACEMENT_3D('',#4624,#3835,#3836);
#3527=AXIS2_PLACEMENT_3D('',#4626,#3837,#3838);
#3528=AXIS2_PLACEMENT_3D('',#4628,#3839,#3840);
#3529=AXIS2_PLACEMENT_3D('',#4630,#3841,#3842);
#3530=AXIS2_PLACEMENT_3D('',#4647,#3851,#3852);
#3531=AXIS2_PLACEMENT_3D('',#4650,#3853,#3854);
#3532=AXIS2_PLACEMENT_3D('',#4654,#3856,#3857);
#3533=AXIS2_PLACEMENT_3D('',#4657,#3859,#3860);
#3534=AXIS2_PLACEMENT_3D('',#4659,#3861,#3862);
#3535=AXIS2_PLACEMENT_3D('',#4661,#3863,#3864);
#3536=AXIS2_PLACEMENT_3D('',#4663,#3865,#3866);
#3537=AXIS2_PLACEMENT_3D('',#4665,#3867,#3868);
#3538=AXIS2_PLACEMENT_3D('',#4667,#3869,#3870);
#3539=AXIS2_PLACEMENT_3D('',#4960,#3915,#3916);
#3540=AXIS2_PLACEMENT_3D('',#4963,#3919,#3920);
#3541=AXIS2_PLACEMENT_3D('',#4965,#3922,#3923);
#3542=AXIS2_PLACEMENT_3D('',#4967,#3925,#3926);
#3543=AXIS2_PLACEMENT_3D('',#4968,#3927,#3928);
#3544=AXIS2_PLACEMENT_3D('',#4970,#3930,#3931);
#3545=AXIS2_PLACEMENT_3D('',#4972,#3933,#3934);
#3546=AXIS2_PLACEMENT_3D('',#5021,#3935,#3936);
#3547=AXIS2_PLACEMENT_3D('',#5027,#3940,#3941);
#3548=AXIS2_PLACEMENT_3D('',#5031,#3944,#3945);
#3549=AXIS2_PLACEMENT_3D('',#5035,#3948,#3949);
#3550=AXIS2_PLACEMENT_3D('',#5090,#3955,#3956);
#3551=AXIS2_PLACEMENT_3D('',#5162,#3963,#3964);
#3552=AXIS2_PLACEMENT_3D('',#5164,#3966,#3967);
#3553=AXIS2_PLACEMENT_3D('',#5454,#3985,#3986);
#3554=AXIS2_PLACEMENT_3D('',#5455,#3987,#3988);
#3555=AXIS2_PLACEMENT_3D('',#5461,#3992,#3993);
#3556=AXIS2_PLACEMENT_3D('',#5465,#3996,#3997);
#3557=AXIS2_PLACEMENT_3D('',#5469,#4000,#4001);
#3558=AXIS2_PLACEMENT_3D('',#5473,#4004,#4005);
#3559=AXIS2_PLACEMENT_3D('',#5477,#4008,#4009);
#3560=AXIS2_PLACEMENT_3D('',#5481,#4012,#4013);
#3561=AXIS2_PLACEMENT_3D('',#5485,#4016,#4017);
#3562=AXIS2_PLACEMENT_3D('',#5489,#4020,#4021);
#3563=AXIS2_PLACEMENT_3D('',#5493,#4024,#4025);
#3564=AXIS2_PLACEMENT_3D('',#5495,#4027,#4028);
#3565=AXIS2_PLACEMENT_3D('',#5496,#4029,#4030);
#3566=AXIS2_PLACEMENT_3D('',#5502,#4034,#4035);
#3567=AXIS2_PLACEMENT_3D('',#5506,#4038,#4039);
#3568=AXIS2_PLACEMENT_3D('',#5510,#4042,#4043);
#3569=AXIS2_PLACEMENT_3D('',#5599,#4051,#4052);
#3570=AXIS2_PLACEMENT_3D('',#5603,#4055,#4056);
#3571=AXIS2_PLACEMENT_3D('',#5607,#4059,#4060);
#3572=AXIS2_PLACEMENT_3D('',#5696,#4068,#4069);
#3573=AXIS2_PLACEMENT_3D('',#5698,#4071,#4072);
#3574=AXIS2_PLACEMENT_3D('',#5718,#4075,#4076);
#3575=AXIS2_PLACEMENT_3D('',#5790,#4083,#4084);
#3576=AXIS2_PLACEMENT_3D('',#5794,#4087,#4088);
#3577=AXIS2_PLACEMENT_3D('',#5798,#4091,#4092);
#3578=AXIS2_PLACEMENT_3D('',#5802,#4095,#4096);
#3579=AXIS2_PLACEMENT_3D('',#5806,#4099,#4100);
#3580=AXIS2_PLACEMENT_3D('',#5810,#4103,#4104);
#3581=AXIS2_PLACEMENT_3D('',#5814,#4107,#4108);
#3582=AXIS2_PLACEMENT_3D('',#5818,#4111,#4112);
#3583=AXIS2_PLACEMENT_3D('',#5822,#4115,#4116);
#3584=AXIS2_PLACEMENT_3D('',#5826,#4119,#4120);
#3585=AXIS2_PLACEMENT_3D('',#5830,#4123,#4124);
#3586=AXIS2_PLACEMENT_3D('',#5883,#4129,#4130);
#3587=AXIS2_PLACEMENT_3D('',#5884,#4131,#4132);
#3588=AXIS2_PLACEMENT_3D('',#5886,#4134,#4135);
#3589=AXIS2_PLACEMENT_3D('',#5888,#4137,#4138);
#3590=AXIS2_PLACEMENT_3D('',#5890,#4140,#4141);
#3591=AXIS2_PLACEMENT_3D('',#5892,#4143,#4144);
#3592=AXIS2_PLACEMENT_3D('',#5895,#4147,#4148);
#3593=AXIS2_PLACEMENT_3D('',#5897,#4150,#4151);
#3594=AXIS2_PLACEMENT_3D('',#5899,#4153,#4154);
#3595=AXIS2_PLACEMENT_3D('',#5901,#4156,#4157);
#3596=AXIS2_PLACEMENT_3D('',#5903,#4159,#4160);
#3597=AXIS2_PLACEMENT_3D('',#5905,#4162,#4163);
#3598=AXIS2_PLACEMENT_3D('',#5907,#4165,#4166);
#3599=AXIS2_PLACEMENT_3D('',#5908,#4167,#4168);
#3600=AXIS2_PLACEMENT_3D('',#5909,#4169,#4170);
#3601=AXIS2_PLACEMENT_3D('',#5911,#4171,#4172);
#3602=AXIS2_PLACEMENT_3D('',#5914,#4174,#4175);
#3603=AXIS2_PLACEMENT_3D('',#5915,#4176,#4177);
#3604=AXIS2_PLACEMENT_3D('',#5917,#4178,#4179);
#3605=AXIS2_PLACEMENT_3D('',#5920,#4181,#4182);
#3606=AXIS2_PLACEMENT_3D('',#5921,#4183,#4184);
#3607=AXIS2_PLACEMENT_3D('',#5922,#4185,#4186);
#3608=AXIS2_PLACEMENT_3D('',#5924,#4187,#4188);
#3609=AXIS2_PLACEMENT_3D('',#5927,#4190,#4191);
#3610=AXIS2_PLACEMENT_3D('',#5928,#4192,#4193);
#3611=AXIS2_PLACEMENT_3D('',#5929,#4194,#4195);
#3612=AXIS2_PLACEMENT_3D('',#5931,#4196,#4197);
#3613=AXIS2_PLACEMENT_3D('',#5934,#4199,#4200);
#3614=AXIS2_PLACEMENT_3D('',#5935,#4201,#4202);
#3615=AXIS2_PLACEMENT_3D('',#5944,#4207,#4208);
#3616=AXIS2_PLACEMENT_3D('',#5950,#4212,#4213);
#3617=AXIS2_PLACEMENT_3D('',#5956,#4217,#4218);
#3618=AXIS2_PLACEMENT_3D('',#5959,#4221,#4222);
#3619=AXIS2_PLACEMENT_3D('',#5961,#4223,#4224);
#3620=AXIS2_PLACEMENT_3D('',#5962,#4225,#4226);
#3621=AXIS2_PLACEMENT_3D('',#5971,#4231,#4232);
#3622=AXIS2_PLACEMENT_3D('',#5973,#4233,#4234);
#3623=AXIS2_PLACEMENT_3D('',#5975,#4235,#4236);
#3624=AXIS2_PLACEMENT_3D('',#5977,#4238,#4239);
#3625=AXIS2_PLACEMENT_3D('',#5986,#4244,#4245);
#3626=AXIS2_PLACEMENT_3D('',#5988,#4246,#4247);
#3627=AXIS2_PLACEMENT_3D('',#5991,#4249,#4250);
#3628=AXIS2_PLACEMENT_3D('',#5992,#4251,#4252);
#3629=AXIS2_PLACEMENT_3D('',#5995,#4253,#4254);
#3630=AXIS2_PLACEMENT_3D('',#5996,#4255,#4256);
#3631=AXIS2_PLACEMENT_3D('',#5999,#4258,#4259);
#3632=AXIS2_PLACEMENT_3D('',#6003,#4261,#4262);
#3633=AXIS2_PLACEMENT_3D('',#6005,#4264,#4265);
#3634=AXIS2_PLACEMENT_3D('',#6006,#4266,#4267);
#3635=AXIS2_PLACEMENT_3D('',#6010,#4270,#4271);
#3636=AXIS2_PLACEMENT_3D('',#6012,#4272,#4273);
#3637=AXIS2_PLACEMENT_3D('',#6014,#4275,#4276);
#3638=AXIS2_PLACEMENT_3D('',#6018,#4279,#4280);
#3639=AXIS2_PLACEMENT_3D('',#6020,#4281,#4282);
#3640=AXIS2_PLACEMENT_3D('',#6021,#4283,#4284);
#3641=AXIS2_PLACEMENT_3D('',#6022,#4285,#4286);
#3642=AXIS2_PLACEMENT_3D('',#6025,#4287,#4288);
#3643=AXIS2_PLACEMENT_3D('',#6026,#4289,#4290);
#3644=AXIS2_PLACEMENT_3D('',#6028,#4292,#4293);
#3645=AXIS2_PLACEMENT_3D('',#6029,#4294,#4295);
#3646=AXIS2_PLACEMENT_3D('',#6032,#4296,#4297);
#3647=AXIS2_PLACEMENT_3D('',#6033,#4298,#4299);
#3648=AXIS2_PLACEMENT_3D('',#6034,#4300,#4301);
#3649=AXIS2_PLACEMENT_3D('',#6035,#4302,#4303);
#3650=AXIS2_PLACEMENT_3D('',#6038,#4305,#4306);
#3651=AXIS2_PLACEMENT_3D('',#6039,#4307,#4308);
#3652=AXIS2_PLACEMENT_3D('',#6042,#4309,#4310);
#3653=AXIS2_PLACEMENT_3D('',#6043,#4311,#4312);
#3654=AXIS2_PLACEMENT_3D('',#6044,#4313,#4314);
#3655=AXIS2_PLACEMENT_3D('',#6045,#4315,#4316);
#3656=AXIS2_PLACEMENT_3D('',#6048,#4318,#4319);
#3657=AXIS2_PLACEMENT_3D('',#6049,#4320,#4321);
#3658=AXIS2_PLACEMENT_3D('',#6050,#4322,#4323);
#3659=AXIS2_PLACEMENT_3D('',#6051,#4324,#4325);
#3660=AXIS2_PLACEMENT_3D('',#6054,#4326,#4327);
#3661=AXIS2_PLACEMENT_3D('',#6058,#4329,#4330);
#3662=AXIS2_PLACEMENT_3D('',#6060,#4331,#4332);
#3663=AXIS2_PLACEMENT_3D('',#6067,#4336,#4337);
#3664=AXIS2_PLACEMENT_3D('',#6068,#4338,#4339);
#3665=AXIS2_PLACEMENT_3D('',#6074,#4343,#4344);
#3666=AXIS2_PLACEMENT_3D('',#6078,#4346,#4347);
#3667=AXIS2_PLACEMENT_3D('',#6080,#4349,#4350);
#3668=AXIS2_PLACEMENT_3D('',#6084,#4353,#4354);
#3669=AXIS2_PLACEMENT_3D('',#6086,#4355,#4356);
#3670=AXIS2_PLACEMENT_3D('',#6090,#4358,#4359);
#3671=AXIS2_PLACEMENT_3D('',#6092,#4361,#4362);
#3672=AXIS2_PLACEMENT_3D('',#6104,#4369,#4370);
#3673=AXIS2_PLACEMENT_3D('',#6106,#4371,#4372);
#3674=AXIS2_PLACEMENT_3D('',#6109,#4374,#4375);
#3675=AXIS2_PLACEMENT_3D('',#6110,#4376,#4377);
#3676=AXIS2_PLACEMENT_3D('',#6116,#4381,#4382);
#3677=AXIS2_PLACEMENT_3D('',#6117,#4383,#4384);
#3678=AXIS2_PLACEMENT_3D('',#6118,#4385,#4386);
#3679=AXIS2_PLACEMENT_3D('',#6119,#4387,#4388);
#3680=AXIS2_PLACEMENT_3D('',#6120,#4389,#4390);
#3681=AXIS2_PLACEMENT_3D('',#6122,#4391,#4392);
#3682=AXIS2_PLACEMENT_3D('',#6124,#4394,#4395);
#3683=AXIS2_PLACEMENT_3D('',#6126,#4397,#4398);
#3684=AXIS2_PLACEMENT_3D('',#6129,#4401,#4402);
#3685=AXIS2_PLACEMENT_3D('',#6130,#4403,#4404);
#3686=AXIS2_PLACEMENT_3D('',#6131,#4405,#4406);
#3687=AXIS2_PLACEMENT_3D('',#6134,#4407,#4408);
#3688=AXIS2_PLACEMENT_3D('',#6138,#4410,#4411);
#3689=AXIS2_PLACEMENT_3D('',#6140,#4412,#4413);
#3690=AXIS2_PLACEMENT_3D('',#6147,#4417,#4418);
#3691=AXIS2_PLACEMENT_3D('',#6148,#4419,#4420);
#3692=AXIS2_PLACEMENT_3D('',#6154,#4424,#4425);
#3693=AXIS2_PLACEMENT_3D('',#6158,#4427,#4428);
#3694=AXIS2_PLACEMENT_3D('',#6161,#4430,#4431);
#3695=AXIS2_PLACEMENT_3D('',#6162,#4432,#4433);
#3696=AXIS2_PLACEMENT_3D('',#6165,#4435,#4436);
#3697=AXIS2_PLACEMENT_3D('',#6166,#4437,#4438);
#3698=AXIS2_PLACEMENT_3D('',#6170,#4441,#4442);
#3699=AXIS2_PLACEMENT_3D('',#6182,#4449,#4450);
#3700=AXIS2_PLACEMENT_3D('',#6184,#4451,#4452);
#3701=AXIS2_PLACEMENT_3D('',#6187,#4454,#4455);
#3702=AXIS2_PLACEMENT_3D('',#6188,#4456,#4457);
#3703=AXIS2_PLACEMENT_3D('',#6194,#4461,#4462);
#3704=AXIS2_PLACEMENT_3D('',#6198,#4465,#4466);
#3705=AXIS2_PLACEMENT_3D('',#6201,#4468,#4469);
#3706=AXIS2_PLACEMENT_3D('',#6202,#4470,#4471);
#3707=AXIS2_PLACEMENT_3D('',#6203,#4472,#4473);
#3708=AXIS2_PLACEMENT_3D('',#6204,#4474,#4475);
#3709=AXIS2_PLACEMENT_3D('',#6205,#4476,#4477);
#3710=AXIS2_PLACEMENT_3D('',#6206,#4478,#4479);
#3711=AXIS2_PLACEMENT_3D('',#6208,#4481,#4482);
#3712=AXIS2_PLACEMENT_3D('',#6210,#4484,#4485);
#3713=AXIS2_PLACEMENT_3D('',#6211,#4486,#4487);
#3714=AXIS2_PLACEMENT_3D('',#6213,#4488,#4489);
#3715=AXIS2_PLACEMENT_3D('',#6215,#4490,#4491);
#3716=AXIS2_PLACEMENT_3D('',#6216,#4492,#4493);
#3717=AXIS2_PLACEMENT_3D('',#6219,#4495,#4496);
#3718=AXIS2_PLACEMENT_3D('',#6220,#4497,#4498);
#3719=AXIS2_PLACEMENT_3D('',#6222,#4499,#4500);
#3720=AXIS2_PLACEMENT_3D('',#6224,#4502,#4503);
#3721=AXIS2_PLACEMENT_3D('',#6225,#4504,#4505);
#3722=AXIS2_PLACEMENT_3D('',#6227,#4506,#4507);
#3723=AXIS2_PLACEMENT_3D('',#6229,#4508,#4509);
#3724=AXIS2_PLACEMENT_3D('',#6230,#4510,#4511);
#3725=AXIS2_PLACEMENT_3D('',#6233,#4513,#4514);
#3726=AXIS2_PLACEMENT_3D('',#6234,#4515,#4516);
#3727=AXIS2_PLACEMENT_3D('',#6236,#4517,#4518);
#3728=AXIS2_PLACEMENT_3D('',#6238,#4520,#4521);
#3729=AXIS2_PLACEMENT_3D('',#6239,#4522,#4523);
#3730=AXIS2_PLACEMENT_3D('',#6241,#4524,#4525);
#3731=AXIS2_PLACEMENT_3D('',#6244,#4527,#4528);
#3732=AXIS2_PLACEMENT_3D('',#6245,#4529,#4530);
#3733=AXIS2_PLACEMENT_3D('',#6247,#4531,#4532);
#3734=AXIS2_PLACEMENT_3D('',#6250,#4534,#4535);
#3735=AXIS2_PLACEMENT_3D('',#6251,#4536,#4537);
#3736=AXIS2_PLACEMENT_3D('',#6252,#4538,#4539);
#3737=AXIS2_PLACEMENT_3D('',#6253,#4540,#4541);
#3738=AXIS2_PLACEMENT_3D('',#6254,#4542,#4543);
#3739=AXIS2_PLACEMENT_3D('',#6255,#4544,#4545);
#3740=DIRECTION('axis',(0.,0.,1.));
#3741=DIRECTION('refdir',(1.,0.,0.));
#3742=DIRECTION('axis',(0.,0.,1.));
#3743=DIRECTION('refdir',(1.,0.,0.));
#3744=DIRECTION('center_axis',(0.,0.,1.));
#3745=DIRECTION('ref_axis',(1.,0.,0.));
#3746=DIRECTION('',(0.,0.,1.));
#3747=DIRECTION('center_axis',(0.,0.,-1.));
#3748=DIRECTION('ref_axis',(1.,0.,0.));
#3749=DIRECTION('',(0.,0.,1.));
#3750=DIRECTION('center_axis',(0.,0.,1.));
#3751=DIRECTION('ref_axis',(1.,0.,0.));
#3752=DIRECTION('center_axis',(0.,0.,1.));
#3753=DIRECTION('ref_axis',(-1.,0.,0.));
#3754=DIRECTION('center_axis',(0.,0.,1.));
#3755=DIRECTION('ref_axis',(-1.,0.,0.));
#3756=DIRECTION('',(0.,0.,1.));
#3757=DIRECTION('center_axis',(0.,0.,-1.));
#3758=DIRECTION('ref_axis',(-1.,0.,0.));
#3759=DIRECTION('center_axis',(0.,0.,1.));
#3760=DIRECTION('ref_axis',(1.,0.,0.));
#3761=DIRECTION('center_axis',(0.,0.,1.));
#3762=DIRECTION('ref_axis',(1.,0.,0.));
#3763=DIRECTION('center_axis',(0.,0.,-1.));
#3764=DIRECTION('ref_axis',(1.,0.,0.));
#3765=DIRECTION('center_axis',(0.,0.,1.));
#3766=DIRECTION('ref_axis',(1.,0.,0.));
#3767=DIRECTION('center_axis',(0.,0.,1.));
#3768=DIRECTION('ref_axis',(1.,0.,0.));
#3769=DIRECTION('center_axis',(0.,0.,1.));
#3770=DIRECTION('ref_axis',(-1.,0.,0.));
#3771=DIRECTION('center_axis',(0.,0.,1.));
#3772=DIRECTION('ref_axis',(-1.,0.,0.));
#3773=DIRECTION('',(0.,0.,1.));
#3774=DIRECTION('center_axis',(0.,0.,-1.));
#3775=DIRECTION('ref_axis',(-1.,0.,0.));
#3776=DIRECTION('center_axis',(0.,0.,1.));
#3777=DIRECTION('ref_axis',(-1.,1.22464679914735E-16,0.));
#3778=DIRECTION('center_axis',(0.,0.,-1.));
#3779=DIRECTION('ref_axis',(1.,0.,0.));
#3780=DIRECTION('',(0.,0.,1.));
#3781=DIRECTION('center_axis',(0.,0.,1.));
#3782=DIRECTION('ref_axis',(1.,0.,0.));
#3783=DIRECTION('center_axis',(0.,0.,1.));
#3784=DIRECTION('ref_axis',(1.,0.,0.));
#3785=DIRECTION('center_axis',(0.,0.,1.));
#3786=DIRECTION('ref_axis',(1.,0.,0.));
#3787=DIRECTION('center_axis',(0.,0.,1.));
#3788=DIRECTION('ref_axis',(1.,0.,0.));
#3789=DIRECTION('center_axis',(0.,0.,-1.));
#3790=DIRECTION('ref_axis',(1.,0.,0.));
#3791=DIRECTION('center_axis',(0.,0.,1.));
#3792=DIRECTION('ref_axis',(-1.,0.,0.));
#3793=DIRECTION('center_axis',(0.,0.,1.));
#3794=DIRECTION('ref_axis',(1.,0.,0.));
#3795=DIRECTION('center_axis',(0.,0.,1.));
#3796=DIRECTION('ref_axis',(1.,0.,0.));
#3797=DIRECTION('center_axis',(0.,0.,-1.));
#3798=DIRECTION('ref_axis',(-1.,0.,0.));
#3799=DIRECTION('center_axis',(0.,0.,1.));
#3800=DIRECTION('ref_axis',(1.,0.,0.));
#3801=DIRECTION('',(0.,0.,1.));
#3802=DIRECTION('center_axis',(0.,0.,1.));
#3803=DIRECTION('ref_axis',(-1.,0.,0.));
#3804=DIRECTION('',(0.,0.,1.));
#3805=DIRECTION('center_axis',(0.,0.,1.));
#3806=DIRECTION('ref_axis',(-1.,0.,0.));
#3807=DIRECTION('center_axis',(0.,0.,1.));
#3808=DIRECTION('ref_axis',(-1.,0.,0.));
#3809=DIRECTION('',(0.,0.,1.));
#3810=DIRECTION('center_axis',(0.,0.,-1.));
#3811=DIRECTION('ref_axis',(-1.,0.,0.));
#3812=DIRECTION('center_axis',(0.,0.,1.));
#3813=DIRECTION('ref_axis',(1.,0.,0.));
#3814=DIRECTION('center_axis',(0.,0.,-1.));
#3815=DIRECTION('ref_axis',(1.,0.,0.));
#3816=DIRECTION('',(0.,0.,1.));
#3817=DIRECTION('center_axis',(0.,0.,1.));
#3818=DIRECTION('ref_axis',(1.,0.,0.));
#3819=DIRECTION('center_axis',(0.,0.,1.));
#3820=DIRECTION('ref_axis',(1.,0.,0.));
#3821=DIRECTION('center_axis',(0.,0.,1.));
#3822=DIRECTION('ref_axis',(1.,0.,0.));
#3823=DIRECTION('center_axis',(0.,0.,1.));
#3824=DIRECTION('ref_axis',(1.,0.,0.));
#3825=DIRECTION('center_axis',(0.,0.,1.));
#3826=DIRECTION('ref_axis',(1.61486985400023E-16,1.,0.));
#3827=DIRECTION('',(-1.,0.,0.));
#3828=DIRECTION('center_axis',(0.,0.,1.));
#3829=DIRECTION('ref_axis',(0.,-1.,0.));
#3830=DIRECTION('',(1.,0.,0.));
#3831=DIRECTION('center_axis',(0.,0.,1.));
#3832=DIRECTION('ref_axis',(-1.,0.,0.));
#3833=DIRECTION('center_axis',(0.,0.,1.));
#3834=DIRECTION('ref_axis',(-1.,0.,0.));
#3835=DIRECTION('center_axis',(0.,0.,1.));
#3836=DIRECTION('ref_axis',(-1.,0.,0.));
#3837=DIRECTION('center_axis',(0.,0.,1.));
#3838=DIRECTION('ref_axis',(-1.,0.,0.));
#3839=DIRECTION('center_axis',(0.,0.,-1.));
#3840=DIRECTION('ref_axis',(1.,0.,0.));
#3841=DIRECTION('center_axis',(0.,0.,-1.));
#3842=DIRECTION('ref_axis',(1.,0.,0.));
#3843=DIRECTION('',(0.,1.,0.));
#3844=DIRECTION('',(0.,1.,0.));
#3845=DIRECTION('',(0.,1.,0.));
#3846=DIRECTION('',(-1.,0.,0.));
#3847=DIRECTION('',(0.,-1.,0.));
#3848=DIRECTION('',(0.,-1.,0.));
#3849=DIRECTION('',(0.,-1.,0.));
#3850=DIRECTION('',(1.,0.,0.));
#3851=DIRECTION('center_axis',(0.,0.,1.));
#3852=DIRECTION('ref_axis',(1.,0.,0.));
#3853=DIRECTION('center_axis',(0.,0.,1.));
#3854=DIRECTION('ref_axis',(1.61486985400023E-16,1.,0.));
#3855=DIRECTION('',(1.,0.,0.));
#3856=DIRECTION('center_axis',(0.,0.,1.));
#3857=DIRECTION('ref_axis',(0.,-1.,0.));
#3858=DIRECTION('',(-1.,0.,0.));
#3859=DIRECTION('center_axis',(0.,0.,-1.));
#3860=DIRECTION('ref_axis',(-1.,0.,0.));
#3861=DIRECTION('center_axis',(0.,0.,-1.));
#3862=DIRECTION('ref_axis',(-1.,0.,0.));
#3863=DIRECTION('center_axis',(0.,0.,-1.));
#3864=DIRECTION('ref_axis',(-1.,0.,0.));
#3865=DIRECTION('center_axis',(0.,0.,-1.));
#3866=DIRECTION('ref_axis',(-1.,0.,0.));
#3867=DIRECTION('center_axis',(0.,0.,-1.));
#3868=DIRECTION('ref_axis',(1.,0.,0.));
#3869=DIRECTION('center_axis',(0.,0.,-1.));
#3870=DIRECTION('ref_axis',(1.,0.,0.));
#3871=DIRECTION('',(-3.20174907212788E-14,-1.,0.));
#3872=DIRECTION('',(-1.,3.61685692776745E-14,0.));
#3873=DIRECTION('',(3.19923492699962E-14,1.,0.));
#3874=DIRECTION('',(1.,-4.01873859032764E-14,0.));
#3875=DIRECTION('',(-3.15913319331499E-14,-1.,0.));
#3876=DIRECTION('',(-0.348044832037613,-0.937477890348305,0.));
#3877=DIRECTION('',(-3.17697184080789E-14,-1.,0.));
#3878=DIRECTION('',(-1.,3.35586040570039E-14,0.));
#3879=DIRECTION('',(3.19189138604888E-14,1.,0.));
#3880=DIRECTION('',(1.,-3.2913809633072E-14,0.));
#3881=DIRECTION('',(-3.17520787770496E-14,-1.,0.));
#3882=DIRECTION('',(-1.,3.2756464102807E-14,0.));
#3883=DIRECTION('',(-3.22649403769745E-14,-1.,0.));
#3884=DIRECTION('',(1.,-3.31194953391622E-14,0.));
#3885=DIRECTION('',(-3.17520386830037E-14,-1.,0.));
#3886=DIRECTION('',(-1.,3.31194953391622E-14,0.));
#3887=DIRECTION('',(-3.1920340079203E-14,-1.,0.));
#3888=DIRECTION('',(-1.,3.61685692776745E-14,0.));
#3889=DIRECTION('',(3.19923492699962E-14,1.,0.));
#3890=DIRECTION('',(1.,-4.01873859032764E-14,0.));
#3891=DIRECTION('',(-3.2336139135501E-14,-1.,0.));
#3892=DIRECTION('',(-3.20906351691454E-14,-1.,0.));
#3893=DIRECTION('',(-1.,3.61685692776745E-14,0.));
#3894=DIRECTION('',(3.21234331752028E-14,1.,0.));
#3895=DIRECTION('',(0.161378890479414,-0.986892523888814,0.));
#3896=DIRECTION('',(3.19656968168673E-14,1.,0.));
#3897=DIRECTION('',(-1.,2.46605078573967E-14,0.));
#3898=DIRECTION('',(3.19704539435718E-14,1.,0.));
#3899=DIRECTION('',(1.,-2.46605078573967E-14,0.));
#3900=DIRECTION('',(3.24898857357571E-14,1.,0.));
#3901=DIRECTION('',(0.856224797280691,0.516603422870619,0.));
#3902=DIRECTION('',(-3.180596667748E-14,-1.,0.));
#3903=DIRECTION('',(1.,-3.59688162446839E-14,0.));
#3904=DIRECTION('',(-3.19704539435718E-14,-1.,0.));
#3905=DIRECTION('',(-1.,3.59688162446839E-14,0.));
#3906=DIRECTION('',(-3.21061891344051E-14,-1.,0.));
#3907=DIRECTION('',(0.,-1.,0.));
#3908=DIRECTION('',(-1.,0.,0.));
#3909=DIRECTION('',(0.,1.,0.));
#3910=DIRECTION('',(0.,1.,0.));
#3911=DIRECTION('',(0.,1.,0.));
#3912=DIRECTION('',(1.,0.,0.));
#3913=DIRECTION('',(0.,-1.,0.));
#3914=DIRECTION('',(0.,-1.,0.));
#3915=DIRECTION('center_axis',(0.,0.,1.));
#3916=DIRECTION('ref_axis',(1.61486985400023E-16,1.,0.));
#3917=DIRECTION('',(0.,0.,1.));
#3918=DIRECTION('',(0.,0.,1.));
#3919=DIRECTION('center_axis',(0.,-1.,0.));
#3920=DIRECTION('ref_axis',(1.,0.,0.));
#3921=DIRECTION('',(0.,0.,1.));
#3922=DIRECTION('center_axis',(0.,0.,1.));
#3923=DIRECTION('ref_axis',(0.,-1.,0.));
#3924=DIRECTION('',(0.,0.,1.));
#3925=DIRECTION('center_axis',(0.,1.,0.));
#3926=DIRECTION('ref_axis',(-1.,0.,0.));
#3927=DIRECTION('center_axis',(0.,0.,1.));
#3928=DIRECTION('ref_axis',(1.,0.,0.));
#3929=DIRECTION('',(0.,0.,-1.));
#3930=DIRECTION('center_axis',(0.,0.,1.));
#3931=DIRECTION('ref_axis',(1.,0.,0.));
#3932=DIRECTION('',(0.,0.,-1.));
#3933=DIRECTION('center_axis',(0.,0.,1.));
#3934=DIRECTION('ref_axis',(1.,0.,0.));
#3935=DIRECTION('center_axis',(3.61685692776745E-14,1.,0.));
#3936=DIRECTION('ref_axis',(0.,0.,1.));
#3937=DIRECTION('',(-1.,3.61685692776745E-14,0.));
#3938=DIRECTION('',(0.,0.,1.));
#3939=DIRECTION('',(0.,0.,1.));
#3940=DIRECTION('center_axis',(1.,-3.19923492699962E-14,0.));
#3941=DIRECTION('ref_axis',(0.,0.,-1.));
#3942=DIRECTION('',(3.19923492699962E-14,1.,0.));
#3943=DIRECTION('',(0.,0.,1.));
#3944=DIRECTION('center_axis',(-4.01873859032764E-14,-1.,0.));
#3945=DIRECTION('ref_axis',(0.,0.,-1.));
#3946=DIRECTION('',(1.,-4.01873859032764E-14,0.));
#3947=DIRECTION('',(0.,0.,1.));
#3948=DIRECTION('center_axis',(-1.,3.15913319331499E-14,0.));
#3949=DIRECTION('ref_axis',(0.,0.,1.));
#3950=DIRECTION('',(-3.15913319331499E-14,-1.,0.));
#3951=DIRECTION('',(0.,0.,1.));
#3952=DIRECTION('',(0.,0.,1.));
#3953=DIRECTION('',(0.,0.,1.));
#3954=DIRECTION('',(0.,0.,1.));
#3955=DIRECTION('center_axis',(-0.937477890348305,0.348044832037613,0.));
#3956=DIRECTION('ref_axis',(0.,0.,1.));
#3957=DIRECTION('',(-0.348044832037613,-0.937477890348305,0.));
#3958=DIRECTION('',(0.,0.,1.));
#3959=DIRECTION('',(0.,0.,1.));
#3960=DIRECTION('',(0.,0.,1.));
#3961=DIRECTION('',(0.,0.,1.));
#3962=DIRECTION('',(0.,0.,1.));
#3963=DIRECTION('center_axis',(-1.,3.20174907212788E-14,0.));
#3964=DIRECTION('ref_axis',(0.,0.,1.));
#3965=DIRECTION('',(-3.20174907212788E-14,-1.,0.));
#3966=DIRECTION('center_axis',(0.,0.,1.));
#3967=DIRECTION('ref_axis',(1.,0.,0.));
#3968=DIRECTION('',(0.,0.,1.));
#3969=DIRECTION('',(0.,0.,1.));
#3970=DIRECTION('',(0.,0.,1.));
#3971=DIRECTION('',(0.,0.,1.));
#3972=DIRECTION('',(0.,0.,1.));
#3973=DIRECTION('',(0.,0.,1.));
#3974=DIRECTION('',(0.,0.,1.));
#3975=DIRECTION('',(0.,0.,1.));
#3976=DIRECTION('',(0.,0.,1.));
#3977=DIRECTION('',(0.,0.,1.));
#3978=DIRECTION('',(0.,0.,1.));
#3979=DIRECTION('',(0.,0.,1.));
#3980=DIRECTION('',(0.,0.,1.));
#3981=DIRECTION('',(0.,0.,1.));
#3982=DIRECTION('',(0.,0.,1.));
#3983=DIRECTION('',(0.,0.,1.));
#3984=DIRECTION('',(0.,0.,1.));
#3985=DIRECTION('center_axis',(0.,0.,1.));
#3986=DIRECTION('ref_axis',(1.,0.,0.));
#3987=DIRECTION('center_axis',(3.35586040570039E-14,1.,0.));
#3988=DIRECTION('ref_axis',(0.,0.,1.));
#3989=DIRECTION('',(-1.,3.35586040570039E-14,0.));
#3990=DIRECTION('',(0.,0.,1.));
#3991=DIRECTION('',(0.,0.,1.));
#3992=DIRECTION('center_axis',(1.,-3.19189138604888E-14,0.));
#3993=DIRECTION('ref_axis',(0.,0.,-1.));
#3994=DIRECTION('',(3.19189138604888E-14,1.,0.));
#3995=DIRECTION('',(0.,0.,1.));
#3996=DIRECTION('center_axis',(-3.2913809633072E-14,-1.,0.));
#3997=DIRECTION('ref_axis',(0.,0.,-1.));
#3998=DIRECTION('',(1.,-3.2913809633072E-14,0.));
#3999=DIRECTION('',(0.,0.,1.));
#4000=DIRECTION('center_axis',(-1.,3.17520787770496E-14,0.));
#4001=DIRECTION('ref_axis',(0.,0.,1.));
#4002=DIRECTION('',(-3.17520787770496E-14,-1.,0.));
#4003=DIRECTION('',(0.,0.,1.));
#4004=DIRECTION('center_axis',(3.2756464102807E-14,1.,0.));
#4005=DIRECTION('ref_axis',(0.,0.,1.));
#4006=DIRECTION('',(-1.,3.2756464102807E-14,0.));
#4007=DIRECTION('',(0.,0.,1.));
#4008=DIRECTION('center_axis',(-1.,3.22649403769745E-14,0.));
#4009=DIRECTION('ref_axis',(0.,0.,1.));
#4010=DIRECTION('',(-3.22649403769745E-14,-1.,0.));
#4011=DIRECTION('',(0.,0.,1.));
#4012=DIRECTION('center_axis',(-3.31194953391622E-14,-1.,0.));
#4013=DIRECTION('ref_axis',(0.,0.,-1.));
#4014=DIRECTION('',(1.,-3.31194953391622E-14,0.));
#4015=DIRECTION('',(0.,0.,1.));
#4016=DIRECTION('center_axis',(-1.,3.17520386830037E-14,0.));
#4017=DIRECTION('ref_axis',(0.,0.,1.));
#4018=DIRECTION('',(-3.17520386830037E-14,-1.,0.));
#4019=DIRECTION('',(0.,0.,1.));
#4020=DIRECTION('center_axis',(3.31194953391622E-14,1.,0.));
#4021=DIRECTION('ref_axis',(0.,0.,1.));
#4022=DIRECTION('',(-1.,3.31194953391622E-14,0.));
#4023=DIRECTION('',(0.,0.,1.));
#4024=DIRECTION('center_axis',(-1.,3.17697184080789E-14,0.));
#4025=DIRECTION('ref_axis',(0.,0.,1.));
#4026=DIRECTION('',(-3.17697184080789E-14,-1.,0.));
#4027=DIRECTION('center_axis',(0.,0.,1.));
#4028=DIRECTION('ref_axis',(1.,0.,0.));
#4029=DIRECTION('center_axis',(3.61685692776745E-14,1.,0.));
#4030=DIRECTION('ref_axis',(0.,0.,1.));
#4031=DIRECTION('',(-1.,3.61685692776745E-14,0.));
#4032=DIRECTION('',(0.,0.,1.));
#4033=DIRECTION('',(0.,0.,1.));
#4034=DIRECTION('center_axis',(1.,-3.19923492699962E-14,0.));
#4035=DIRECTION('ref_axis',(0.,0.,-1.));
#4036=DIRECTION('',(3.19923492699962E-14,1.,0.));
#4037=DIRECTION('',(0.,0.,1.));
#4038=DIRECTION('center_axis',(-4.01873859032764E-14,-1.,0.));
#4039=DIRECTION('ref_axis',(0.,0.,-1.));
#4040=DIRECTION('',(1.,-4.01873859032764E-14,0.));
#4041=DIRECTION('',(0.,0.,1.));
#4042=DIRECTION('center_axis',(-1.,3.2336139135501E-14,0.));
#4043=DIRECTION('ref_axis',(0.,0.,1.));
#4044=DIRECTION('',(-3.2336139135501E-14,-1.,0.));
#4045=DIRECTION('',(0.,0.,1.));
#4046=DIRECTION('',(0.,0.,1.));
#4047=DIRECTION('',(0.,0.,1.));
#4048=DIRECTION('',(0.,0.,1.));
#4049=DIRECTION('',(0.,0.,1.));
#4050=DIRECTION('',(0.,0.,1.));
#4051=DIRECTION('center_axis',(-1.,3.20906351691454E-14,0.));
#4052=DIRECTION('ref_axis',(0.,0.,1.));
#4053=DIRECTION('',(-3.20906351691454E-14,-1.,0.));
#4054=DIRECTION('',(0.,0.,1.));
#4055=DIRECTION('center_axis',(3.61685692776745E-14,1.,0.));
#4056=DIRECTION('ref_axis',(0.,0.,1.));
#4057=DIRECTION('',(-1.,3.61685692776745E-14,0.));
#4058=DIRECTION('',(0.,0.,1.));
#4059=DIRECTION('center_axis',(1.,-3.21234331752028E-14,0.));
#4060=DIRECTION('ref_axis',(0.,0.,-1.));
#4061=DIRECTION('',(3.21234331752028E-14,1.,0.));
#4062=DIRECTION('',(0.,0.,1.));
#4063=DIRECTION('',(0.,0.,1.));
#4064=DIRECTION('',(0.,0.,1.));
#4065=DIRECTION('',(0.,0.,1.));
#4066=DIRECTION('',(0.,0.,1.));
#4067=DIRECTION('',(0.,0.,1.));
#4068=DIRECTION('center_axis',(-1.,3.1920340079203E-14,0.));
#4069=DIRECTION('ref_axis',(0.,0.,1.));
#4070=DIRECTION('',(-3.1920340079203E-14,-1.,0.));
#4071=DIRECTION('center_axis',(0.,0.,1.));
#4072=DIRECTION('ref_axis',(1.,0.,0.));
#4073=DIRECTION('',(0.,0.,1.));
#4074=DIRECTION('',(0.,0.,1.));
#4075=DIRECTION('center_axis',(-0.986892523888814,-0.161378890479414,0.));
#4076=DIRECTION('ref_axis',(0.,0.,1.));
#4077=DIRECTION('',(0.161378890479414,-0.986892523888814,0.));
#4078=DIRECTION('',(0.,0.,1.));
#4079=DIRECTION('',(0.,0.,1.));
#4080=DIRECTION('',(0.,0.,1.));
#4081=DIRECTION('',(0.,0.,1.));
#4082=DIRECTION('',(0.,0.,1.));
#4083=DIRECTION('center_axis',(1.,-3.19656968168673E-14,0.));
#4084=DIRECTION('ref_axis',(0.,0.,-1.));
#4085=DIRECTION('',(3.19656968168673E-14,1.,0.));
#4086=DIRECTION('',(0.,0.,1.));
#4087=DIRECTION('center_axis',(2.46605078573967E-14,1.,0.));
#4088=DIRECTION('ref_axis',(0.,0.,1.));
#4089=DIRECTION('',(-1.,2.46605078573967E-14,0.));
#4090=DIRECTION('',(0.,0.,1.));
#4091=DIRECTION('center_axis',(1.,-3.19704539435718E-14,0.));
#4092=DIRECTION('ref_axis',(0.,0.,-1.));
#4093=DIRECTION('',(3.19704539435718E-14,1.,0.));
#4094=DIRECTION('',(0.,0.,1.));
#4095=DIRECTION('center_axis',(-2.46605078573967E-14,-1.,0.));
#4096=DIRECTION('ref_axis',(0.,0.,-1.));
#4097=DIRECTION('',(1.,-2.46605078573967E-14,0.));
#4098=DIRECTION('',(0.,0.,1.));
#4099=DIRECTION('center_axis',(1.,-3.24898857357571E-14,0.));
#4100=DIRECTION('ref_axis',(0.,0.,-1.));
#4101=DIRECTION('',(3.24898857357571E-14,1.,0.));
#4102=DIRECTION('',(0.,0.,1.));
#4103=DIRECTION('center_axis',(0.516603422870619,-0.856224797280691,0.));
#4104=DIRECTION('ref_axis',(0.,0.,-1.));
#4105=DIRECTION('',(0.856224797280691,0.516603422870619,0.));
#4106=DIRECTION('',(0.,0.,1.));
#4107=DIRECTION('center_axis',(-1.,3.180596667748E-14,0.));
#4108=DIRECTION('ref_axis',(0.,0.,1.));
#4109=DIRECTION('',(-3.180596667748E-14,-1.,0.));
#4110=DIRECTION('',(0.,0.,1.));
#4111=DIRECTION('center_axis',(-3.59688162446839E-14,-1.,0.));
#4112=DIRECTION('ref_axis',(0.,0.,-1.));
#4113=DIRECTION('',(1.,-3.59688162446839E-14,0.));
#4114=DIRECTION('',(0.,0.,1.));
#4115=DIRECTION('center_axis',(-1.,3.19704539435718E-14,0.));
#4116=DIRECTION('ref_axis',(0.,0.,1.));
#4117=DIRECTION('',(-3.19704539435718E-14,-1.,0.));
#4118=DIRECTION('',(0.,0.,1.));
#4119=DIRECTION('center_axis',(3.59688162446839E-14,1.,0.));
#4120=DIRECTION('ref_axis',(0.,0.,1.));
#4121=DIRECTION('',(-1.,3.59688162446839E-14,0.));
#4122=DIRECTION('',(0.,0.,1.));
#4123=DIRECTION('center_axis',(-1.,3.21061891344051E-14,0.));
#4124=DIRECTION('ref_axis',(0.,0.,1.));
#4125=DIRECTION('',(-3.21061891344051E-14,-1.,0.));
#4126=DIRECTION('',(0.,0.,1.));
#4127=DIRECTION('',(0.,0.,1.));
#4128=DIRECTION('',(0.,0.,1.));
#4129=DIRECTION('center_axis',(0.,0.,1.));
#4130=DIRECTION('ref_axis',(1.,0.,0.));
#4131=DIRECTION('center_axis',(0.,0.,1.));
#4132=DIRECTION('ref_axis',(-1.,0.,0.));
#4133=DIRECTION('',(0.,0.,1.));
#4134=DIRECTION('center_axis',(0.,0.,1.));
#4135=DIRECTION('ref_axis',(-1.,0.,0.));
#4136=DIRECTION('',(0.,0.,1.));
#4137=DIRECTION('center_axis',(0.,0.,1.));
#4138=DIRECTION('ref_axis',(-1.,0.,0.));
#4139=DIRECTION('',(0.,0.,1.));
#4140=DIRECTION('center_axis',(0.,0.,1.));
#4141=DIRECTION('ref_axis',(-1.,0.,0.));
#4142=DIRECTION('',(0.,0.,1.));
#4143=DIRECTION('center_axis',(1.,0.,0.));
#4144=DIRECTION('ref_axis',(0.,1.,0.));
#4145=DIRECTION('',(0.,0.,1.));
#4146=DIRECTION('',(0.,0.,1.));
#4147=DIRECTION('center_axis',(1.,0.,0.));
#4148=DIRECTION('ref_axis',(0.,1.,0.));
#4149=DIRECTION('',(0.,0.,1.));
#4150=DIRECTION('center_axis',(0.,1.,0.));
#4151=DIRECTION('ref_axis',(-1.,0.,0.));
#4152=DIRECTION('',(0.,0.,1.));
#4153=DIRECTION('center_axis',(-1.,0.,0.));
#4154=DIRECTION('ref_axis',(0.,-1.,0.));
#4155=DIRECTION('',(0.,0.,1.));
#4156=DIRECTION('center_axis',(-1.,0.,0.));
#4157=DIRECTION('ref_axis',(0.,-1.,0.));
#4158=DIRECTION('',(0.,0.,1.));
#4159=DIRECTION('center_axis',(-1.,0.,0.));
#4160=DIRECTION('ref_axis',(0.,-1.,0.));
#4161=DIRECTION('',(0.,0.,1.));
#4162=DIRECTION('center_axis',(0.,-1.,0.));
#4163=DIRECTION('ref_axis',(1.,0.,0.));
#4164=DIRECTION('',(0.,0.,1.));
#4165=DIRECTION('center_axis',(1.,0.,0.));
#4166=DIRECTION('ref_axis',(0.,1.,0.));
#4167=DIRECTION('axis',(0.,0.,1.));
#4168=DIRECTION('refdir',(1.,0.,0.));
#4169=DIRECTION('center_axis',(0.,0.,1.));
#4170=DIRECTION('ref_axis',(-1.,0.,0.));
#4171=DIRECTION('center_axis',(0.,0.,1.));
#4172=DIRECTION('ref_axis',(-1.,0.,0.));
#4173=DIRECTION('',(0.,0.,1.));
#4174=DIRECTION('center_axis',(0.,0.,-1.));
#4175=DIRECTION('ref_axis',(-1.,0.,0.));
#4176=DIRECTION('center_axis',(0.,0.,1.));
#4177=DIRECTION('ref_axis',(-1.,0.,0.));
#4178=DIRECTION('center_axis',(0.,0.,1.));
#4179=DIRECTION('ref_axis',(-1.,0.,0.));
#4180=DIRECTION('',(0.,0.,1.));
#4181=DIRECTION('center_axis',(0.,0.,1.));
#4182=DIRECTION('ref_axis',(-1.,0.,0.));
#4183=DIRECTION('center_axis',(0.,0.,1.));
#4184=DIRECTION('ref_axis',(-1.,0.,0.));
#4185=DIRECTION('center_axis',(0.,0.,1.));
#4186=DIRECTION('ref_axis',(-1.,0.,0.));
#4187=DIRECTION('center_axis',(0.,0.,1.));
#4188=DIRECTION('ref_axis',(-1.,0.,0.));
#4189=DIRECTION('',(0.,0.,1.));
#4190=DIRECTION('center_axis',(0.,0.,1.));
#4191=DIRECTION('ref_axis',(-1.,0.,0.));
#4192=DIRECTION('center_axis',(0.,0.,1.));
#4193=DIRECTION('ref_axis',(-1.,0.,0.));
#4194=DIRECTION('center_axis',(0.,0.,1.));
#4195=DIRECTION('ref_axis',(-1.,0.,0.));
#4196=DIRECTION('center_axis',(0.,0.,1.));
#4197=DIRECTION('ref_axis',(-1.,0.,0.));
#4198=DIRECTION('',(0.,0.,1.));
#4199=DIRECTION('center_axis',(0.,0.,-1.));
#4200=DIRECTION('ref_axis',(-1.,0.,0.));
#4201=DIRECTION('center_axis',(0.,-1.,0.));
#4202=DIRECTION('ref_axis',(1.,0.,0.));
#4203=DIRECTION('',(1.,0.,0.));
#4204=DIRECTION('',(0.,0.,1.));
#4205=DIRECTION('',(1.,0.,0.));
#4206=DIRECTION('',(0.,0.,1.));
#4207=DIRECTION('center_axis',(-1.,-1.77635683940025E-16,0.));
#4208=DIRECTION('ref_axis',(1.77635683940025E-16,-1.,0.));
#4209=DIRECTION('',(1.77635683940025E-16,-1.,0.));
#4210=DIRECTION('',(0.,0.,1.));
#4211=DIRECTION('',(1.77635683940025E-16,-1.,0.));
#4212=DIRECTION('center_axis',(0.,1.,0.));
#4213=DIRECTION('ref_axis',(-1.,0.,0.));
#4214=DIRECTION('',(-1.,0.,0.));
#4215=DIRECTION('',(0.,0.,1.));
#4216=DIRECTION('',(-1.,0.,0.));
#4217=DIRECTION('center_axis',(1.,0.,0.));
#4218=DIRECTION('ref_axis',(0.,1.,0.));
#4219=DIRECTION('',(0.,1.,0.));
#4220=DIRECTION('',(0.,1.,0.));
#4221=DIRECTION('center_axis',(0.,0.,1.));
#4222=DIRECTION('ref_axis',(1.,0.,0.));
#4223=DIRECTION('center_axis',(0.,0.,-1.));
#4224=DIRECTION('ref_axis',(1.,0.,0.));
#4225=DIRECTION('center_axis',(0.,1.,0.));
#4226=DIRECTION('ref_axis',(-1.,0.,0.));
#4227=DIRECTION('',(-1.,0.,0.));
#4228=DIRECTION('',(0.,0.,-1.));
#4229=DIRECTION('',(-1.,0.,0.));
#4230=DIRECTION('',(0.,0.,1.));
#4231=DIRECTION('center_axis',(0.,0.,1.));
#4232=DIRECTION('ref_axis',(1.,0.,0.));
#4233=DIRECTION('center_axis',(0.,0.,1.));
#4234=DIRECTION('ref_axis',(1.,0.,0.));
#4235=DIRECTION('center_axis',(0.,0.,1.));
#4236=DIRECTION('ref_axis',(1.,0.,0.));
#4237=DIRECTION('',(-1.,0.,0.));
#4238=DIRECTION('center_axis',(0.,-1.,0.));
#4239=DIRECTION('ref_axis',(1.,0.,0.));
#4240=DIRECTION('',(1.,0.,0.));
#4241=DIRECTION('',(0.,0.,1.));
#4242=DIRECTION('',(1.,0.,0.));
#4243=DIRECTION('',(0.,0.,1.));
#4244=DIRECTION('center_axis',(0.,0.,1.));
#4245=DIRECTION('ref_axis',(1.,0.,0.));
#4246=DIRECTION('center_axis',(0.,0.,1.));
#4247=DIRECTION('ref_axis',(1.,0.,0.));
#4248=DIRECTION('',(1.,0.,0.));
#4249=DIRECTION('center_axis',(0.,0.,1.));
#4250=DIRECTION('ref_axis',(1.,0.,0.));
#4251=DIRECTION('center_axis',(0.,0.,1.));
#4252=DIRECTION('ref_axis',(1.,0.,0.));
#4253=DIRECTION('center_axis',(0.,0.,1.));
#4254=DIRECTION('ref_axis',(0.969788149647008,0.243948651982814,0.));
#4255=DIRECTION('center_axis',(0.,0.,1.));
#4256=DIRECTION('ref_axis',(0.969788149647008,0.243948651982814,0.));
#4257=DIRECTION('',(0.,0.,-1.));
#4258=DIRECTION('center_axis',(0.,0.,1.));
#4259=DIRECTION('ref_axis',(1.,0.,0.));
#4260=DIRECTION('',(0.,0.,1.));
#4261=DIRECTION('center_axis',(0.,0.,1.));
#4262=DIRECTION('ref_axis',(1.,0.,0.));
#4263=DIRECTION('',(0.,0.,-1.));
#4264=DIRECTION('center_axis',(0.,0.,1.));
#4265=DIRECTION('ref_axis',(1.,0.,0.));
#4266=DIRECTION('center_axis',(0.,-1.,0.));
#4267=DIRECTION('ref_axis',(1.,0.,0.));
#4268=DIRECTION('',(0.,0.,-1.));
#4269=DIRECTION('',(1.,0.,0.));
#4270=DIRECTION('center_axis',(0.,0.,1.));
#4271=DIRECTION('ref_axis',(1.,0.,0.));
#4272=DIRECTION('center_axis',(0.,0.,-1.));
#4273=DIRECTION('ref_axis',(1.,0.,0.));
#4274=DIRECTION('',(0.,0.,-1.));
#4275=DIRECTION('center_axis',(0.,1.,0.));
#4276=DIRECTION('ref_axis',(-1.,0.,0.));
#4277=DIRECTION('',(-1.,0.,0.));
#4278=DIRECTION('',(0.,0.,1.));
#4279=DIRECTION('center_axis',(0.,0.,1.));
#4280=DIRECTION('ref_axis',(1.,0.,0.));
#4281=DIRECTION('center_axis',(0.,0.,1.));
#4282=DIRECTION('ref_axis',(1.,0.,0.));
#4283=DIRECTION('center_axis',(0.,0.,1.));
#4284=DIRECTION('ref_axis',(1.,0.,0.));
#4285=DIRECTION('center_axis',(0.,0.,1.));
#4286=DIRECTION('ref_axis',(1.,0.,0.));
#4287=DIRECTION('center_axis',(0.,0.,1.));
#4288=DIRECTION('ref_axis',(0.337480609619395,0.94133248012109,0.));
#4289=DIRECTION('center_axis',(0.,0.,1.));
#4290=DIRECTION('ref_axis',(0.337480609619395,0.94133248012109,0.));
#4291=DIRECTION('',(0.,0.,-1.));
#4292=DIRECTION('center_axis',(0.,0.,1.));
#4293=DIRECTION('ref_axis',(1.,0.,0.));
#4294=DIRECTION('center_axis',(0.,0.,1.));
#4295=DIRECTION('ref_axis',(0.337480609619395,0.94133248012109,0.));
#4296=DIRECTION('center_axis',(0.,0.,-1.));
#4297=DIRECTION('ref_axis',(0.337480609619395,0.94133248012109,0.));
#4298=DIRECTION('center_axis',(0.,0.,-1.));
#4299=DIRECTION('ref_axis',(0.337480609619395,0.94133248012109,0.));
#4300=DIRECTION('center_axis',(0.94133248012109,-0.337480609619395,0.));
#4301=DIRECTION('ref_axis',(-0.337480609619395,-0.94133248012109,0.));
#4302=DIRECTION('center_axis',(0.,0.,1.));
#4303=DIRECTION('ref_axis',(1.,0.,0.));
#4304=DIRECTION('',(0.,0.,-1.));
#4305=DIRECTION('center_axis',(0.,0.,-1.));
#4306=DIRECTION('ref_axis',(1.,0.,0.));
#4307=DIRECTION('center_axis',(0.,0.,1.));
#4308=DIRECTION('ref_axis',(0.969788149647008,0.243948651982814,0.));
#4309=DIRECTION('center_axis',(0.,0.,-1.));
#4310=DIRECTION('ref_axis',(0.969788149647008,0.243948651982814,0.));
#4311=DIRECTION('center_axis',(0.,0.,-1.));
#4312=DIRECTION('ref_axis',(0.969788149647008,0.243948651982814,0.));
#4313=DIRECTION('center_axis',(0.243948651982814,-0.969788149647008,0.));
#4314=DIRECTION('ref_axis',(-0.969788149647008,-0.243948651982814,0.));
#4315=DIRECTION('center_axis',(0.,0.,1.));
#4316=DIRECTION('ref_axis',(1.,0.,0.));
#4317=DIRECTION('',(0.,0.,-1.));
#4318=DIRECTION('center_axis',(0.,0.,-1.));
#4319=DIRECTION('ref_axis',(1.,0.,0.));
#4320=DIRECTION('center_axis',(0.,0.,1.));
#4321=DIRECTION('ref_axis',(1.,0.,0.));
#4322=DIRECTION('axis',(0.,0.,1.));
#4323=DIRECTION('refdir',(1.,0.,0.));
#4324=DIRECTION('center_axis',(0.,0.,1.));
#4325=DIRECTION('ref_axis',(1.,0.,0.));
#4326=DIRECTION('center_axis',(0.,0.,-1.));
#4327=DIRECTION('ref_axis',(1.,0.,0.));
#4328=DIRECTION('',(7.40148683083438E-17,1.,0.));
#4329=DIRECTION('center_axis',(0.,0.,1.));
#4330=DIRECTION('ref_axis',(1.,0.,0.));
#4331=DIRECTION('center_axis',(0.,0.,-1.));
#4332=DIRECTION('ref_axis',(1.,0.,0.));
#4333=DIRECTION('',(0.,-1.,0.));
#4334=DIRECTION('',(-1.,0.,0.));
#4335=DIRECTION('',(0.,1.,0.));
#4336=DIRECTION('center_axis',(0.,0.,1.));
#4337=DIRECTION('ref_axis',(1.,0.,0.));
#4338=DIRECTION('center_axis',(1.,-7.40148683083438E-17,0.));
#4339=DIRECTION('ref_axis',(7.40148683083438E-17,1.,0.));
#4340=DIRECTION('',(0.,0.,1.));
#4341=DIRECTION('',(7.40148683083438E-17,1.,0.));
#4342=DIRECTION('',(0.,0.,-1.));
#4343=DIRECTION('center_axis',(0.,0.,1.));
#4344=DIRECTION('ref_axis',(1.,0.,0.));
#4345=DIRECTION('',(0.,0.,-1.));
#4346=DIRECTION('center_axis',(0.,0.,1.));
#4347=DIRECTION('ref_axis',(1.,0.,0.));
#4348=DIRECTION('',(0.,0.,-1.));
#4349=DIRECTION('center_axis',(-1.,0.,0.));
#4350=DIRECTION('ref_axis',(0.,-1.,0.));
#4351=DIRECTION('',(0.,0.,-1.));
#4352=DIRECTION('',(0.,1.,0.));
#4353=DIRECTION('center_axis',(0.,0.,1.));
#4354=DIRECTION('ref_axis',(-0.0357548470967097,-0.999360591032632,0.));
#4355=DIRECTION('center_axis',(0.,0.,1.));
#4356=DIRECTION('ref_axis',(1.,0.,0.));
#4357=DIRECTION('',(0.,0.,1.));
#4358=DIRECTION('center_axis',(0.,0.,1.));
#4359=DIRECTION('ref_axis',(1.,0.,0.));
#4360=DIRECTION('',(0.,0.,1.));
#4361=DIRECTION('center_axis',(0.,1.,0.));
#4362=DIRECTION('ref_axis',(-1.,0.,0.));
#4363=DIRECTION('',(0.,0.,1.));
#4364=DIRECTION('',(-1.,0.,0.));
#4365=DIRECTION('',(0.,0.,1.));
#4366=DIRECTION('',(1.,0.,0.));
#4367=DIRECTION('',(0.,0.,1.));
#4368=DIRECTION('',(-1.,0.,0.));
#4369=DIRECTION('center_axis',(0.,0.,1.));
#4370=DIRECTION('ref_axis',(-1.,0.,0.));
#4371=DIRECTION('center_axis',(0.,0.,1.));
#4372=DIRECTION('ref_axis',(-1.,0.,0.));
#4373=DIRECTION('',(0.,0.,1.));
#4374=DIRECTION('center_axis',(0.,0.,-1.));
#4375=DIRECTION('ref_axis',(-1.,0.,0.));
#4376=DIRECTION('center_axis',(1.,0.,0.));
#4377=DIRECTION('ref_axis',(0.,1.,0.));
#4378=DIRECTION('',(0.,1.,0.));
#4379=DIRECTION('',(0.,0.,1.));
#4380=DIRECTION('',(0.,-1.,0.));
#4381=DIRECTION('center_axis',(0.,0.,1.));
#4382=DIRECTION('ref_axis',(-0.0440883193635938,-0.99902763730324,0.));
#4383=DIRECTION('center_axis',(0.,0.,-1.));
#4384=DIRECTION('ref_axis',(1.,0.,0.));
#4385=DIRECTION('center_axis',(0.,0.,1.));
#4386=DIRECTION('ref_axis',(1.,0.,0.));
#4387=DIRECTION('center_axis',(0.,0.,1.));
#4388=DIRECTION('ref_axis',(1.,0.,0.));
#4389=DIRECTION('center_axis',(0.,0.,1.));
#4390=DIRECTION('ref_axis',(1.,0.,0.));
#4391=DIRECTION('center_axis',(0.,0.,-1.));
#4392=DIRECTION('ref_axis',(1.,0.,0.));
#4393=DIRECTION('',(0.,0.,1.));
#4394=DIRECTION('center_axis',(-1.,0.,0.));
#4395=DIRECTION('ref_axis',(0.,-1.,0.));
#4396=DIRECTION('',(0.,-1.,0.));
#4397=DIRECTION('center_axis',(1.,0.,0.));
#4398=DIRECTION('ref_axis',(0.,1.,0.));
#4399=DIRECTION('',(0.,-1.,0.));
#4400=DIRECTION('',(0.,1.,0.));
#4401=DIRECTION('center_axis',(0.,0.,1.));
#4402=DIRECTION('ref_axis',(1.,0.,0.));
#4403=DIRECTION('center_axis',(0.,0.,1.));
#4404=DIRECTION('ref_axis',(1.,0.,0.));
#4405=DIRECTION('center_axis',(0.,0.,1.));
#4406=DIRECTION('ref_axis',(1.,0.,0.));
#4407=DIRECTION('center_axis',(0.,0.,1.));
#4408=DIRECTION('ref_axis',(1.,0.,0.));
#4409=DIRECTION('',(0.,-1.,0.));
#4410=DIRECTION('center_axis',(0.,0.,-1.));
#4411=DIRECTION('ref_axis',(1.,0.,0.));
#4412=DIRECTION('center_axis',(0.,0.,1.));
#4413=DIRECTION('ref_axis',(1.,0.,0.));
#4414=DIRECTION('',(0.,-1.,0.));
#4415=DIRECTION('',(-1.,0.,0.));
#4416=DIRECTION('',(0.,1.,0.));
#4417=DIRECTION('center_axis',(0.,0.,-1.));
#4418=DIRECTION('ref_axis',(1.,0.,0.));
#4419=DIRECTION('center_axis',(-1.,0.,0.));
#4420=DIRECTION('ref_axis',(0.,-1.,0.));
#4421=DIRECTION('',(0.,0.,1.));
#4422=DIRECTION('',(0.,-1.,0.));
#4423=DIRECTION('',(0.,0.,-1.));
#4424=DIRECTION('center_axis',(0.,0.,1.));
#4425=DIRECTION('ref_axis',(1.,0.,0.));
#4426=DIRECTION('',(0.,0.,1.));
#4427=DIRECTION('center_axis',(0.,0.,1.));
#4428=DIRECTION('ref_axis',(1.,0.,0.));
#4429=DIRECTION('',(0.,0.,1.));
#4430=DIRECTION('center_axis',(0.,0.,1.));
#4431=DIRECTION('ref_axis',(1.,0.,0.));
#4432=DIRECTION('center_axis',(0.,0.,1.));
#4433=DIRECTION('ref_axis',(1.,0.,0.));
#4434=DIRECTION('',(0.,0.,1.));
#4435=DIRECTION('center_axis',(0.,0.,-1.));
#4436=DIRECTION('ref_axis',(1.,0.,0.));
#4437=DIRECTION('center_axis',(1.,0.,0.));
#4438=DIRECTION('ref_axis',(0.,1.,0.));
#4439=DIRECTION('',(0.,0.,1.));
#4440=DIRECTION('',(0.,1.,0.));
#4441=DIRECTION('center_axis',(0.,1.,0.));
#4442=DIRECTION('ref_axis',(-1.,0.,0.));
#4443=DIRECTION('',(0.,0.,1.));
#4444=DIRECTION('',(-1.,0.,0.));
#4445=DIRECTION('',(0.,0.,-1.));
#4446=DIRECTION('',(1.,0.,0.));
#4447=DIRECTION('',(0.,0.,1.));
#4448=DIRECTION('',(-1.,0.,0.));
#4449=DIRECTION('center_axis',(0.,0.,1.));
#4450=DIRECTION('ref_axis',(-1.,0.,0.));
#4451=DIRECTION('center_axis',(0.,0.,1.));
#4452=DIRECTION('ref_axis',(-1.,0.,0.));
#4453=DIRECTION('',(0.,0.,1.));
#4454=DIRECTION('center_axis',(0.,0.,-1.));
#4455=DIRECTION('ref_axis',(-1.,0.,0.));
#4456=DIRECTION('center_axis',(-1.,0.,0.));
#4457=DIRECTION('ref_axis',(0.,-1.,0.));
#4458=DIRECTION('',(0.,-1.,0.));
#4459=DIRECTION('',(0.,1.,0.));
#4460=DIRECTION('',(0.,0.,1.));
#4461=DIRECTION('center_axis',(1.,0.,0.));
#4462=DIRECTION('ref_axis',(0.,1.,0.));
#4463=DIRECTION('',(0.,0.,-1.));
#4464=DIRECTION('',(0.,-1.,0.));
#4465=DIRECTION('center_axis',(0.,0.,1.));
#4466=DIRECTION('ref_axis',(1.,0.,0.));
#4467=DIRECTION('',(0.,0.,1.));
#4468=DIRECTION('center_axis',(0.,0.,1.));
#4469=DIRECTION('ref_axis',(1.,0.,0.));
#4470=DIRECTION('center_axis',(0.,0.,1.));
#4471=DIRECTION('ref_axis',(1.,0.,0.));
#4472=DIRECTION('center_axis',(0.,0.,1.));
#4473=DIRECTION('ref_axis',(1.,0.,0.));
#4474=DIRECTION('center_axis',(0.,0.,-1.));
#4475=DIRECTION('ref_axis',(1.,0.,0.));
#4476=DIRECTION('center_axis',(0.,0.,1.));
#4477=DIRECTION('ref_axis',(1.,0.,0.));
#4478=DIRECTION('center_axis',(0.,0.,1.));
#4479=DIRECTION('ref_axis',(1.,0.,0.));
#4480=DIRECTION('',(0.,1.,0.));
#4481=DIRECTION('center_axis',(-1.,0.,0.));
#4482=DIRECTION('ref_axis',(0.,-1.,0.));
#4483=DIRECTION('',(0.,-1.,0.));
#4484=DIRECTION('center_axis',(0.,0.,1.));
#4485=DIRECTION('ref_axis',(1.,0.,0.));
#4486=DIRECTION('center_axis',(0.,0.,1.));
#4487=DIRECTION('ref_axis',(1.,0.,0.));
#4488=DIRECTION('center_axis',(0.,0.,1.));
#4489=DIRECTION('ref_axis',(1.,0.,0.));
#4490=DIRECTION('center_axis',(0.,0.,-1.));
#4491=DIRECTION('ref_axis',(-1.,0.,0.));
#4492=DIRECTION('center_axis',(0.,0.,1.));
#4493=DIRECTION('ref_axis',(-1.,0.,0.));
#4494=DIRECTION('',(0.,0.,1.));
#4495=DIRECTION('center_axis',(0.,0.,-1.));
#4496=DIRECTION('ref_axis',(-1.,0.,0.));
#4497=DIRECTION('center_axis',(0.,0.,1.));
#4498=DIRECTION('ref_axis',(1.,0.,0.));
#4499=DIRECTION('center_axis',(0.,0.,1.));
#4500=DIRECTION('ref_axis',(1.,0.,0.));
#4501=DIRECTION('',(0.,0.,-1.));
#4502=DIRECTION('center_axis',(0.,0.,1.));
#4503=DIRECTION('ref_axis',(1.,0.,0.));
#4504=DIRECTION('center_axis',(0.,0.,1.));
#4505=DIRECTION('ref_axis',(1.,0.,0.));
#4506=DIRECTION('center_axis',(0.,0.,1.));
#4507=DIRECTION('ref_axis',(1.,0.,0.));
#4508=DIRECTION('center_axis',(0.,0.,-1.));
#4509=DIRECTION('ref_axis',(-1.,0.,0.));
#4510=DIRECTION('center_axis',(0.,0.,1.));
#4511=DIRECTION('ref_axis',(-1.,0.,0.));
#4512=DIRECTION('',(0.,0.,1.));
#4513=DIRECTION('center_axis',(0.,0.,-1.));
#4514=DIRECTION('ref_axis',(-1.,0.,0.));
#4515=DIRECTION('center_axis',(0.,0.,1.));
#4516=DIRECTION('ref_axis',(1.,0.,0.));
#4517=DIRECTION('center_axis',(0.,0.,1.));
#4518=DIRECTION('ref_axis',(1.,0.,0.));
#4519=DIRECTION('',(0.,0.,-1.));
#4520=DIRECTION('center_axis',(0.,0.,1.));
#4521=DIRECTION('ref_axis',(1.,0.,0.));
#4522=DIRECTION('center_axis',(0.,0.,1.));
#4523=DIRECTION('ref_axis',(-1.,0.,0.));
#4524=DIRECTION('center_axis',(0.,0.,1.));
#4525=DIRECTION('ref_axis',(-1.,0.,0.));
#4526=DIRECTION('',(0.,0.,1.));
#4527=DIRECTION('center_axis',(0.,0.,-1.));
#4528=DIRECTION('ref_axis',(-1.,0.,0.));
#4529=DIRECTION('center_axis',(0.,0.,1.));
#4530=DIRECTION('ref_axis',(1.,0.,0.));
#4531=DIRECTION('center_axis',(0.,0.,1.));
#4532=DIRECTION('ref_axis',(1.,0.,0.));
#4533=DIRECTION('',(0.,0.,-1.));
#4534=DIRECTION('center_axis',(0.,0.,1.));
#4535=DIRECTION('ref_axis',(1.,0.,0.));
#4536=DIRECTION('center_axis',(0.,0.,1.));
#4537=DIRECTION('ref_axis',(1.,0.,0.));
#4538=DIRECTION('center_axis',(0.,0.,1.));
#4539=DIRECTION('ref_axis',(1.,0.,0.));
#4540=DIRECTION('',(0.,0.,1.));
#4541=DIRECTION('',(1.,0.,0.));
#4542=DIRECTION('',(0.,0.,1.));
#4543=DIRECTION('',(1.,0.,0.));
#4544=DIRECTION('',(1.11022302462516E-16,2.43086534291451E-63,-1.));
#4545=DIRECTION('',(-1.,9.86076131526265E-32,-1.11022302462516E-16));
#4546=CARTESIAN_POINT('',(0.,0.,0.));
#4547=CARTESIAN_POINT('',(0.,0.,0.));
#4548=CARTESIAN_POINT('Origin',(10.5,0.,0.));
#4549=CARTESIAN_POINT('',(9.,-1.83697019872103E-16,0.));
#4550=CARTESIAN_POINT('',(9.,-1.83697019872103E-16,2.));
#4551=CARTESIAN_POINT('',(9.,-1.83697019872103E-16,0.));
#4552=CARTESIAN_POINT('',(12.,0.,0.));
#4553=CARTESIAN_POINT('Origin',(10.5,0.,0.));
#4554=CARTESIAN_POINT('',(12.,0.,2.));
#4555=CARTESIAN_POINT('',(12.,0.,0.));
#4556=CARTESIAN_POINT('Origin',(10.5,0.,2.));
#4557=CARTESIAN_POINT('Origin',(10.5,0.,4.));
#4558=CARTESIAN_POINT('',(11.375,1.07156594925393E-16,0.));
#4559=CARTESIAN_POINT('Origin',(10.5,0.,0.));
#4560=CARTESIAN_POINT('',(11.375,-1.07156594925393E-16,2.));
#4561=CARTESIAN_POINT('',(11.375,1.07156594925393E-16,4.));
#4562=CARTESIAN_POINT('Origin',(10.5,0.,2.));
#4563=CARTESIAN_POINT('Origin',(10.5,0.,0.));
#4564=CARTESIAN_POINT('Origin',(10.5,0.,2.));
#4565=CARTESIAN_POINT('Origin',(10.5,0.,0.));
#4566=CARTESIAN_POINT('Origin',(0.,0.,2.));
#4567=CARTESIAN_POINT('Origin',(0.,0.,0.));
#4568=CARTESIAN_POINT('Origin',(10.5,-13.,4.));
#4569=CARTESIAN_POINT('',(11.375,-13.,0.));
#4570=CARTESIAN_POINT('Origin',(10.5,-13.,0.));
#4571=CARTESIAN_POINT('',(11.375,-13.,2.));
#4572=CARTESIAN_POINT('',(11.375,-13.,4.));
#4573=CARTESIAN_POINT('Origin',(10.5,-13.,2.));
#4574=CARTESIAN_POINT('Origin',(10.5,-13.,0.));
#4575=CARTESIAN_POINT('',(12.,-13.,0.));
#4576=CARTESIAN_POINT('Origin',(10.5,-13.,0.));
#4577=CARTESIAN_POINT('',(12.,-13.,2.));
#4578=CARTESIAN_POINT('',(12.,-13.,0.));
#4579=CARTESIAN_POINT('Origin',(10.5,-13.,2.));
#4580=CARTESIAN_POINT('Origin',(0.,0.,2.));
#4581=CARTESIAN_POINT('Origin',(0.,0.,0.));
#4582=CARTESIAN_POINT('Origin',(0.,0.,0.));
#4583=CARTESIAN_POINT('',(-12.,1.83697019872103E-16,0.));
#4584=CARTESIAN_POINT('Origin',(-10.5,0.,0.));
#4585=CARTESIAN_POINT('',(-9.625,1.07156594925393E-16,0.));
#4586=CARTESIAN_POINT('Origin',(-10.5,0.,0.));
#4587=CARTESIAN_POINT('Origin',(0.,0.,2.));
#4588=CARTESIAN_POINT('',(-12.,0.,2.));
#4589=CARTESIAN_POINT('Origin',(-10.5,0.,2.));
#4590=CARTESIAN_POINT('',(-9.625,-1.07156594925393E-16,2.));
#4591=CARTESIAN_POINT('Origin',(-10.5,0.,2.));
#4592=CARTESIAN_POINT('Origin',(-10.5,0.,0.));
#4593=CARTESIAN_POINT('',(-12.,1.83697019872103E-16,0.));
#4594=CARTESIAN_POINT('Origin',(-10.5,0.,4.));
#4595=CARTESIAN_POINT('',(-9.625,1.07156594925393E-16,4.));
#4596=CARTESIAN_POINT('Origin',(-10.5,-13.,4.));
#4597=CARTESIAN_POINT('',(-9.625,-13.,0.));
#4598=CARTESIAN_POINT('Origin',(-10.5,-13.,0.));
#4599=CARTESIAN_POINT('',(-9.625,-13.,2.));
#4600=CARTESIAN_POINT('',(-9.625,-13.,4.));
#4601=CARTESIAN_POINT('Origin',(-10.5,-13.,2.));
#4602=CARTESIAN_POINT('Origin',(-10.5,-13.,0.));
#4603=CARTESIAN_POINT('',(-12.,-13.,0.));
#4604=CARTESIAN_POINT('Origin',(-10.5,-13.,0.));
#4605=CARTESIAN_POINT('',(-12.,-13.,2.));
#4606=CARTESIAN_POINT('',(-12.,-13.,0.));
#4607=CARTESIAN_POINT('Origin',(-10.5,-13.,2.));
#4608=CARTESIAN_POINT('Origin',(0.,0.,2.));
#4609=CARTESIAN_POINT('Origin',(0.,0.,0.));
#4610=CARTESIAN_POINT('Origin',(0.,0.,0.));
#4611=CARTESIAN_POINT('',(-32.5,27.5,0.));
#4612=CARTESIAN_POINT('',(-32.5,-27.5,0.));
#4613=CARTESIAN_POINT('Origin',(-32.5,0.,0.));
#4614=CARTESIAN_POINT('',(32.5,27.5,0.));
#4615=CARTESIAN_POINT('',(32.5,27.5,0.));
#4616=CARTESIAN_POINT('',(32.5,-27.5,0.));
#4617=CARTESIAN_POINT('Origin',(32.5,0.,0.));
#4618=CARTESIAN_POINT('',(-32.5,-27.5,0.));
#4619=CARTESIAN_POINT('',(20.5,-21.5,0.));
#4620=CARTESIAN_POINT('Origin',(19.,-21.5,0.));
#4621=CARTESIAN_POINT('',(-17.5,21.5,0.));
#4622=CARTESIAN_POINT('Origin',(-19.,21.5,0.));
#4623=CARTESIAN_POINT('',(20.5,21.5,0.));
#4624=CARTESIAN_POINT('Origin',(19.,21.5,0.));
#4625=CARTESIAN_POINT('',(-17.5,-21.5,0.));
#4626=CARTESIAN_POINT('Origin',(-19.,-21.5,0.));
#4627=CARTESIAN_POINT('',(16.75,-1.92881870865708E-15,0.));
#4628=CARTESIAN_POINT('Origin',(32.5,0.,0.));
#4629=CARTESIAN_POINT('',(-49.,-2.02066721859313E-15,0.));
#4630=CARTESIAN_POINT('Origin',(-32.5,0.,0.));
#4631=CARTESIAN_POINT('',(12.,-15.0000000298023,0.));
#4632=CARTESIAN_POINT('',(12.,-13.,0.));
#4633=CARTESIAN_POINT('',(12.,-7.50000001490116,0.));
#4634=CARTESIAN_POINT('',(12.,0.,0.));
#4635=CARTESIAN_POINT('',(12.,-6.5,0.));
#4636=CARTESIAN_POINT('',(12.,9.99999997019768,0.));
#4637=CARTESIAN_POINT('',(12.,0.,0.));
#4638=CARTESIAN_POINT('',(-12.,9.99999997019768,0.));
#4639=CARTESIAN_POINT('',(6.,9.99999997019768,0.));
#4640=CARTESIAN_POINT('',(-12.,1.83697019872103E-16,0.));
#4641=CARTESIAN_POINT('',(-12.,4.99999998509884,0.));
#4642=CARTESIAN_POINT('',(-12.,-13.,0.));
#4643=CARTESIAN_POINT('',(-12.,0.,0.));
#4644=CARTESIAN_POINT('',(-12.,-15.0000000298023,0.));
#4645=CARTESIAN_POINT('',(-12.,-6.5,0.));
#4646=CARTESIAN_POINT('',(-6.,-15.0000000298023,0.));
#4647=CARTESIAN_POINT('Origin',(0.,0.,2.));
#4648=CARTESIAN_POINT('',(-32.5,27.5,2.));
#4649=CARTESIAN_POINT('',(-32.5,-27.5,2.));
#4650=CARTESIAN_POINT('Origin',(-32.5,0.,2.));
#4651=CARTESIAN_POINT('',(32.5,-27.5,2.));
#4652=CARTESIAN_POINT('',(-32.5,-27.5,2.));
#4653=CARTESIAN_POINT('',(32.5,27.5,2.));
#4654=CARTESIAN_POINT('Origin',(32.5,0.,2.));
#4655=CARTESIAN_POINT('',(32.5,27.5,2.));
#4656=CARTESIAN_POINT('',(20.5,-21.5,2.));
#4657=CARTESIAN_POINT('Origin',(19.,-21.5,2.));
#4658=CARTESIAN_POINT('',(-17.5,21.5,2.));
#4659=CARTESIAN_POINT('Origin',(-19.,21.5,2.));
#4660=CARTESIAN_POINT('',(20.5,21.5,2.));
#4661=CARTESIAN_POINT('Origin',(19.,21.5,2.));
#4662=CARTESIAN_POINT('',(-17.5,-21.5,2.));
#4663=CARTESIAN_POINT('Origin',(-19.,-21.5,2.));
#4664=CARTESIAN_POINT('',(-49.,-2.02066721859313E-15,2.));
#4665=CARTESIAN_POINT('Origin',(-32.5,0.,2.));
#4666=CARTESIAN_POINT('',(16.75,-1.92881870865708E-15,2.));
#4667=CARTESIAN_POINT('Origin',(32.5,0.,2.));
#4668=CARTESIAN_POINT('',(-1.23124142890991,22.574692219496,2.));
#4669=CARTESIAN_POINT('',(-1.23124142890993,21.8161652982238,2.));
#4670=CARTESIAN_POINT('',(-1.23124142891028,11.09771437943,2.));
#4671=CARTESIAN_POINT('',(-1.47680779701296,21.8161652982238,2.));
#4672=CARTESIAN_POINT('',(-0.677012306480329,21.8161652982237,2.));
#4673=CARTESIAN_POINT('',(-1.47680779701291,23.265005797148,2.));
#4674=CARTESIAN_POINT('',(-1.4768077970133,11.270292773843,2.));
#4675=CARTESIAN_POINT('',(-1.25579854255735,23.265005797148,2.));
#4676=CARTESIAN_POINT('',(-0.683151584892098,23.265005797148,2.));
#4677=CARTESIAN_POINT('',(-1.25579854255735,23.0453602969649,2.));
#4678=CARTESIAN_POINT('',(-1.25579854255772,11.5775915235283,2.));
#4679=CARTESIAN_POINT('',(-1.10027333503782,23.248634785414,2.));
#4680=CARTESIAN_POINT('Ctrl Pts',(-1.25579854255735,23.0453602969649,2.));
#4681=CARTESIAN_POINT('Ctrl Pts',(-1.23121367150634,23.0899606749743,2.));
#4682=CARTESIAN_POINT('Ctrl Pts',(-1.18944579208054,23.1657334218467,2.));
#4683=CARTESIAN_POINT('Ctrl Pts',(-1.12626532826019,23.2244706909007,2.));
#4684=CARTESIAN_POINT('Ctrl Pts',(-1.10027333503782,23.248634785414,2.));
#4685=CARTESIAN_POINT('',(-0.942019426880465,23.297747820616,2.));
#4686=CARTESIAN_POINT('Ctrl Pts',(-1.10027333503782,23.248634785414,2.));
#4687=CARTESIAN_POINT('Ctrl Pts',(-1.07566784224148,23.2629593370517,2.));
#4688=CARTESIAN_POINT('Ctrl Pts',(-1.0266778088524,23.291479808835,2.));
#4689=CARTESIAN_POINT('Ctrl Pts',(-0.970153910526286,23.2956647749585,2.));
#4690=CARTESIAN_POINT('Ctrl Pts',(-0.942019426880465,23.297747820616,2.));
#4691=CARTESIAN_POINT('',(-0.689631903229344,23.2186208665373,2.));
#4692=CARTESIAN_POINT('Ctrl Pts',(-0.942019426880465,23.297747820616,2.));
#4693=CARTESIAN_POINT('Ctrl Pts',(-0.899479560966605,23.2938258961877,2.));
#4694=CARTESIAN_POINT('Ctrl Pts',(-0.809815746818663,23.2855594220112,2.));
#4695=CARTESIAN_POINT('Ctrl Pts',(-0.731035732967114,23.2416814749433,2.));
#4696=CARTESIAN_POINT('Ctrl Pts',(-0.689631903229344,23.2186208665373,2.));
#4697=CARTESIAN_POINT('',(-0.774215662537213,22.9907898604872,2.));
#4698=CARTESIAN_POINT('',(-4.45694462522841,13.0711569256841,2.));
#4699=CARTESIAN_POINT('',(-0.954297983704204,23.043995946646,2.));
#4700=CARTESIAN_POINT('Ctrl Pts',(-0.774215662537214,22.9907898604872,2.));
#4701=CARTESIAN_POINT('Ctrl Pts',(-0.803589361493711,23.0063012083493,2.));
#4702=CARTESIAN_POINT('Ctrl Pts',(-0.860109082882716,23.0361475365503,2.));
#4703=CARTESIAN_POINT('Ctrl Pts',(-0.92373763848038,23.0414494669664,2.));
#4704=CARTESIAN_POINT('Ctrl Pts',(-0.954297983704204,23.043995946646,2.));
#4705=CARTESIAN_POINT('',(-1.09890838867247,22.994882911444,2.));
#4706=CARTESIAN_POINT('Ctrl Pts',(-0.954297983704204,23.043995946646,2.));
#4707=CARTESIAN_POINT('Ctrl Pts',(-0.980455898959907,23.0419417927847,2.));
#4708=CARTESIAN_POINT('Ctrl Pts',(-1.03282059905869,23.0378296473844,2.));
#4709=CARTESIAN_POINT('Ctrl Pts',(-1.07686542379221,23.0092073940389,2.));
#4710=CARTESIAN_POINT('Ctrl Pts',(-1.09890838867247,22.994882911444,2.));
#4711=CARTESIAN_POINT('',(-1.19031330352843,22.8611855208876,2.));
#4712=CARTESIAN_POINT('Ctrl Pts',(-1.09890838867247,22.994882911444,2.));
#4713=CARTESIAN_POINT('Ctrl Pts',(-1.11888174696448,22.9769376019937,2.));
#4714=CARTESIAN_POINT('Ctrl Pts',(-1.16016359350909,22.9398474191567,2.));
#4715=CARTESIAN_POINT('Ctrl Pts',(-1.18004902320707,22.8879654724668,2.));
#4716=CARTESIAN_POINT('Ctrl Pts',(-1.19031330352843,22.8611855208876,2.));
#4717=CARTESIAN_POINT('Ctrl Pts',(-1.19031330352843,22.8611855208876,2.));
#4718=CARTESIAN_POINT('Ctrl Pts',(-1.20224747326914,22.8157304204398,2.));
#4719=CARTESIAN_POINT('Ctrl Pts',(-1.2269001729387,22.7218327330317,2.));
#4720=CARTESIAN_POINT('Ctrl Pts',(-1.22976397166293,22.624768469201,2.));
#4721=CARTESIAN_POINT('Ctrl Pts',(-1.23124142890991,22.574692219496,2.));
#4722=CARTESIAN_POINT('',(0.0443385004418739,21.7834232747557,2.));
#4723=CARTESIAN_POINT('',(-0.448157990036635,21.9785116612914,2.));
#4724=CARTESIAN_POINT('Ctrl Pts',(0.0443385004418739,21.7834232747557,2.));
#4725=CARTESIAN_POINT('Ctrl Pts',(-0.0511409835783394,21.7904423036963,
2.));
#4726=CARTESIAN_POINT('Ctrl Pts',(-0.236090740490773,21.8040386035679,2.));
#4727=CARTESIAN_POINT('Ctrl Pts',(-0.379016846433244,21.9216275041911,2.));
#4728=CARTESIAN_POINT('Ctrl Pts',(-0.448157990036635,21.9785116612914,2.));
#4729=CARTESIAN_POINT('',(-0.635061466751705,22.5405852496626,2.));
#4730=CARTESIAN_POINT('Ctrl Pts',(-0.448157990036635,21.9785116612914,2.));
#4731=CARTESIAN_POINT('Ctrl Pts',(-0.502568330868578,22.0551674854304,2.));
#4732=CARTESIAN_POINT('Ctrl Pts',(-0.621452242049052,22.2226566804816,2.));
#4733=CARTESIAN_POINT('Ctrl Pts',(-0.630276086308332,22.4287927566595,2.));
#4734=CARTESIAN_POINT('Ctrl Pts',(-0.635061466751705,22.5405852496626,2.));
#4735=CARTESIAN_POINT('',(-0.411323511658304,23.1367655098441,2.));
#4736=CARTESIAN_POINT('Ctrl Pts',(-0.635061466751705,22.5405852496626,2.));
#4737=CARTESIAN_POINT('Ctrl Pts',(-0.62946538546365,22.6625333048175,2.));
#4738=CARTESIAN_POINT('Ctrl Pts',(-0.61917257457327,22.8868310241586,2.));
#4739=CARTESIAN_POINT('Ctrl Pts',(-0.476449647251553,23.0584525890356,2.));
#4740=CARTESIAN_POINT('Ctrl Pts',(-0.411323511658304,23.1367655098441,2.));
#4741=CARTESIAN_POINT('',(0.0443385004419228,23.297747820616,2.));
#4742=CARTESIAN_POINT('Ctrl Pts',(-0.411323511658304,23.1367655098441,2.));
#4743=CARTESIAN_POINT('Ctrl Pts',(-0.344601338309303,23.1837113707534,2.));
#4744=CARTESIAN_POINT('Ctrl Pts',(-0.2079368712429,23.2798687760075,2.));
#4745=CARTESIAN_POINT('Ctrl Pts',(-0.0410639233563503,23.2916952530008,
2.));
#4746=CARTESIAN_POINT('Ctrl Pts',(0.0443385004419228,23.297747820616,2.));
#4747=CARTESIAN_POINT('',(0.532742536010153,23.1012950837614,2.));
#4748=CARTESIAN_POINT('Ctrl Pts',(0.0443385004419228,23.297747820616,2.));
#4749=CARTESIAN_POINT('Ctrl Pts',(0.13853109490918,23.2904265762849,2.));
#4750=CARTESIAN_POINT('Ctrl Pts',(0.322249579603164,23.2761468133992,2.));
#4751=CARTESIAN_POINT('Ctrl Pts',(0.463776544251826,23.1585835705164,2.));
#4752=CARTESIAN_POINT('Ctrl Pts',(0.532742536010153,23.1012950837614,2.));
#4753=CARTESIAN_POINT('',(0.722373521270145,22.5610493123533,2.));
#4754=CARTESIAN_POINT('Ctrl Pts',(0.532742536010153,23.1012950837614,2.));
#4755=CARTESIAN_POINT('Ctrl Pts',(0.587986986263396,23.026627797025,2.));
#4756=CARTESIAN_POINT('Ctrl Pts',(0.706303383769298,22.8667137361974,2.));
#4757=CARTESIAN_POINT('Ctrl Pts',(0.716785649204026,22.6673342582983,2.));
#4758=CARTESIAN_POINT('Ctrl Pts',(0.722373521270145,22.5610493123533,2.));
#4759=CARTESIAN_POINT('',(0.637789761962271,22.1203945577147,2.));
#4760=CARTESIAN_POINT('Ctrl Pts',(0.722373521270145,22.5610493123533,2.));
#4761=CARTESIAN_POINT('Ctrl Pts',(0.720698433171603,22.4766108818668,2.));
#4762=CARTESIAN_POINT('Ctrl Pts',(0.717681827186269,22.3245487455411,2.));
#4763=CARTESIAN_POINT('Ctrl Pts',(0.662382141081237,22.1832373090151,2.));
#4764=CARTESIAN_POINT('Ctrl Pts',(0.637789761962271,22.1203945577147,2.));
#4765=CARTESIAN_POINT('',(0.393587148131695,21.8721000850203,2.));
#4766=CARTESIAN_POINT('Ctrl Pts',(0.637789761962271,22.1203945577147,2.));
#4767=CARTESIAN_POINT('Ctrl Pts',(0.606662379342278,22.0700634814522,2.));
#4768=CARTESIAN_POINT('Ctrl Pts',(0.544060629306629,21.9688402757085,2.));
#4769=CARTESIAN_POINT('Ctrl Pts',(0.443929974357113,21.9044657521851,2.));
#4770=CARTESIAN_POINT('Ctrl Pts',(0.393587148131695,21.8721000850203,2.));
#4771=CARTESIAN_POINT('Ctrl Pts',(0.393587148131695,21.8721000850203,2.));
#4772=CARTESIAN_POINT('Ctrl Pts',(0.338823268681887,21.8462368093234,2.));
#4773=CARTESIAN_POINT('Ctrl Pts',(0.228198192100688,21.7939920289436,2.));
#4774=CARTESIAN_POINT('Ctrl Pts',(0.106029006519268,21.786969412512,2.));
#4775=CARTESIAN_POINT('Ctrl Pts',(0.0443385004418739,21.7834232747557,2.));
#4776=CARTESIAN_POINT('',(-2.87107845550597,22.72476002574,2.));
#4777=CARTESIAN_POINT('',(-2.871078455506,21.8161652982238,2.));
#4778=CARTESIAN_POINT('',(-2.87107845550634,11.135231330991,2.));
#4779=CARTESIAN_POINT('',(-3.13574334388796,21.8161652982238,2.));
#4780=CARTESIAN_POINT('',(-1.50170544984812,21.8161652982238,2.));
#4781=CARTESIAN_POINT('',(-3.1357433438879,23.8161651790145,2.));
#4782=CARTESIAN_POINT('',(-3.13574334388829,11.4080826193096,2.));
#4783=CARTESIAN_POINT('',(-1.7864944577795,23.8161651790145,2.));
#4784=CARTESIAN_POINT('',(-1.23055945041646,23.8161651790145,2.));
#4785=CARTESIAN_POINT('',(-1.7864944577795,23.5801489651206,2.));
#4786=CARTESIAN_POINT('',(-1.78649445777988,11.8490785360338,2.));
#4787=CARTESIAN_POINT('',(-2.87107845550594,23.5801489651206,2.));
#4788=CARTESIAN_POINT('',(-1.16439322832098,23.5801489651206,2.));
#4789=CARTESIAN_POINT('',(-2.87107845550596,22.9607765376571,2.));
#4790=CARTESIAN_POINT('',(-2.87107845550633,11.6352313756945,2.));
#4791=CARTESIAN_POINT('',(-1.93246980911314,22.9607765376571,2.));
#4792=CARTESIAN_POINT('',(-1.2008870661544,22.960776537657,2.));
#4793=CARTESIAN_POINT('',(-1.93246980911315,22.72476002574,2.));
#4794=CARTESIAN_POINT('',(-1.93246980911351,11.4213841408493,2.));
#4795=CARTESIAN_POINT('',(-1.2008870661544,22.7247600257399,2.));
#4796=CARTESIAN_POINT('',(1.25579813713013,22.607434242964,2.));
#4797=CARTESIAN_POINT('',(1.25579813713011,21.8161652982237,2.));
#4798=CARTESIAN_POINT('',(1.25579813712977,11.1058998852969,2.));
#4799=CARTESIAN_POINT('',(1.01023176902708,21.8161652982237,2.));
#4800=CARTESIAN_POINT('',(0.566507476539691,21.8161652982237,2.));
#4801=CARTESIAN_POINT('',(1.01023176902713,23.2650057971479,2.));
#4802=CARTESIAN_POINT('',(1.01023176902674,11.2702927738429,2.));
#4803=CARTESIAN_POINT('',(1.23124102348269,23.2650057971479,2.));
#4804=CARTESIAN_POINT('',(0.560368198127922,23.265005797148,2.));
#4805=CARTESIAN_POINT('',(1.23124102348269,23.0590029060842,2.));
#4806=CARTESIAN_POINT('',(1.23124102348231,11.581002175808,2.));
#4807=CARTESIAN_POINT('',(1.69236043685855,23.2977478206159,2.));
#4808=CARTESIAN_POINT('Ctrl Pts',(1.23124102348269,23.0590029060842,2.));
#4809=CARTESIAN_POINT('Ctrl Pts',(1.29107341703006,23.1286326322106,2.));
#4810=CARTESIAN_POINT('Ctrl Pts',(1.41250913584695,23.2699529996882,2.));
#4811=CARTESIAN_POINT('Ctrl Pts',(1.59817413464437,23.2883932405428,2.));
#4812=CARTESIAN_POINT('Ctrl Pts',(1.69236043685855,23.2977478206159,2.));
#4813=CARTESIAN_POINT('',(1.93246940368594,23.2499988377096,2.));
#4814=CARTESIAN_POINT('Ctrl Pts',(1.69236043685855,23.2977478206159,2.));
#4815=CARTESIAN_POINT('Ctrl Pts',(1.73463932668167,23.2959600572565,2.));
#4816=CARTESIAN_POINT('Ctrl Pts',(1.81717973172285,23.2924698352468,2.));
#4817=CARTESIAN_POINT('Ctrl Pts',(1.89467083447441,23.2639232674747,2.));
#4818=CARTESIAN_POINT('Ctrl Pts',(1.93246940368594,23.2499988377096,2.));
#4819=CARTESIAN_POINT('',(2.09754327529848,23.1272159516813,2.));
#4820=CARTESIAN_POINT('Ctrl Pts',(1.93246940368594,23.2499988377096,2.));
#4821=CARTESIAN_POINT('Ctrl Pts',(1.96628829485528,23.2342066679823,2.));
#4822=CARTESIAN_POINT('Ctrl Pts',(2.02984027596099,23.20453024639,2.));
#4823=CARTESIAN_POINT('Ctrl Pts',(2.07596405210901,23.1518586179972,2.));
#4824=CARTESIAN_POINT('Ctrl Pts',(2.09754327529848,23.1272159516813,2.));
#4825=CARTESIAN_POINT('',(2.17394212478578,22.9457698762418,2.));
#4826=CARTESIAN_POINT('Ctrl Pts',(2.09754327529848,23.1272159516813,2.));
#4827=CARTESIAN_POINT('Ctrl Pts',(2.11448375252314,23.0999910204943,2.));
#4828=CARTESIAN_POINT('Ctrl Pts',(2.14957178546035,23.0436012701033,2.));
#4829=CARTESIAN_POINT('Ctrl Pts',(2.16563448506846,22.979119759573,2.));
#4830=CARTESIAN_POINT('Ctrl Pts',(2.17394212478578,22.9457698762418,2.));
#4831=CARTESIAN_POINT('',(2.18758443588197,22.7070246636869,2.));
#4832=CARTESIAN_POINT('Ctrl Pts',(2.17394212478578,22.9457698762418,2.));
#4833=CARTESIAN_POINT('Ctrl Pts',(2.17787859452265,22.9145404836355,2.));
#4834=CARTESIAN_POINT('Ctrl Pts',(2.18786451278141,22.8353186979535,2.));
#4835=CARTESIAN_POINT('Ctrl Pts',(2.18769009675075,22.7554244394187,2.));
#4836=CARTESIAN_POINT('Ctrl Pts',(2.18758443588197,22.7070246636869,2.));
#4837=CARTESIAN_POINT('',(2.18758443588194,21.8161652982237,2.));
#4838=CARTESIAN_POINT('',(2.18758443588159,11.1307974904776,2.));
#4839=CARTESIAN_POINT('',(1.94201806777891,21.8161652982237,2.));
#4840=CARTESIAN_POINT('',(1.03240062591561,21.8161652982237,2.));
#4841=CARTESIAN_POINT('',(1.94201806777894,22.697474807501,2.));
#4842=CARTESIAN_POINT('',(1.94201806777857,11.1284100264311,2.));
#4843=CARTESIAN_POINT('',(1.9133696913141,22.9212133586408,2.));
#4844=CARTESIAN_POINT('Ctrl Pts',(1.94201806777894,22.697474807501,2.));
#4845=CARTESIAN_POINT('Ctrl Pts',(1.94179691049321,22.7414387634503,2.));
#4846=CARTESIAN_POINT('Ctrl Pts',(1.94141519263927,22.8173206267155,2.));
#4847=CARTESIAN_POINT('Ctrl Pts',(1.92167354675923,22.8904522673091,2.));
#4848=CARTESIAN_POINT('Ctrl Pts',(1.9133696913141,22.9212133586408,2.));
#4849=CARTESIAN_POINT('',(1.81104997390688,23.0399034917356,2.));
#4850=CARTESIAN_POINT('Ctrl Pts',(1.9133696913141,22.9212133586408,2.));
#4851=CARTESIAN_POINT('Ctrl Pts',(1.90173634380211,22.945038952919,2.));
#4852=CARTESIAN_POINT('Ctrl Pts',(1.87805664763036,22.9935359855259,2.));
#4853=CARTESIAN_POINT('Ctrl Pts',(1.8336437359091,23.0242689833841,2.));
#4854=CARTESIAN_POINT('Ctrl Pts',(1.81104997390688,23.0399034917356,2.));
#4855=CARTESIAN_POINT('',(1.6405187010187,23.0849237740042,2.));
#4856=CARTESIAN_POINT('Ctrl Pts',(1.81104997390688,23.0399034917356,2.));
#4857=CARTESIAN_POINT('Ctrl Pts',(1.78529278804883,23.0530292303581,2.));
#4858=CARTESIAN_POINT('Ctrl Pts',(1.73175978803901,23.0803093909192,2.));
#4859=CARTESIAN_POINT('Ctrl Pts',(1.67168746792563,23.0833474596978,2.));
#4860=CARTESIAN_POINT('Ctrl Pts',(1.6405187010187,23.0849237740042,2.));
#4861=CARTESIAN_POINT('',(1.36903146499574,22.985333055258,2.));
#4862=CARTESIAN_POINT('Ctrl Pts',(1.6405187010187,23.0849237740042,2.));
#4863=CARTESIAN_POINT('Ctrl Pts',(1.5901599595067,23.08092619606,2.));
#4864=CARTESIAN_POINT('Ctrl Pts',(1.49034462892045,23.0730026548425,2.));
#4865=CARTESIAN_POINT('Ctrl Pts',(1.40922479346078,23.0143796393095,2.));
#4866=CARTESIAN_POINT('Ctrl Pts',(1.36903146499574,22.985333055258,2.));
#4867=CARTESIAN_POINT('Ctrl Pts',(1.36903146499574,22.985333055258,2.));
#4868=CARTESIAN_POINT('Ctrl Pts',(1.33623489766044,22.9387619044405,2.));
#4869=CARTESIAN_POINT('Ctrl Pts',(1.25733432398157,22.8267230291881,2.));
#4870=CARTESIAN_POINT('Ctrl Pts',(1.2563647113175,22.6883120123172,2.));
#4871=CARTESIAN_POINT('Ctrl Pts',(1.25579813713013,22.607434242964,2.));
#4872=CARTESIAN_POINT('',(2.90791252845702,22.0439963042737,2.));
#4873=CARTESIAN_POINT('',(2.99249628776488,22.0262609422208,2.));
#4874=CARTESIAN_POINT('Ctrl Pts',(2.90791252845702,22.0439963042737,2.));
#4875=CARTESIAN_POINT('Ctrl Pts',(2.91980067927134,22.038841385655,2.));
#4876=CARTESIAN_POINT('Ctrl Pts',(2.94669755936859,22.0271784087828,2.));
#4877=CARTESIAN_POINT('Ctrl Pts',(2.97609321604801,22.0265895380212,2.));
#4878=CARTESIAN_POINT('Ctrl Pts',(2.99249628776488,22.0262609422208,2.));
#4879=CARTESIAN_POINT('',(3.10027221435485,22.0358107984067,2.));
#4880=CARTESIAN_POINT('Ctrl Pts',(2.99249628776488,22.0262609422208,2.));
#4881=CARTESIAN_POINT('Ctrl Pts',(3.00831884227107,22.026822391075,2.));
#4882=CARTESIAN_POINT('Ctrl Pts',(3.04440475692781,22.028102866704,2.));
#4883=CARTESIAN_POINT('Ctrl Pts',(3.08018211711028,22.0330390041531,2.));
#4884=CARTESIAN_POINT('Ctrl Pts',(3.10027221435485,22.0358107984067,2.));
#4885=CARTESIAN_POINT('',(3.13574293846067,21.8188939988614,2.));
#4886=CARTESIAN_POINT('',(4.82352097847679,11.4974974102036,2.));
#4887=CARTESIAN_POINT('',(2.95020440811094,21.7970655858518,2.));
#4888=CARTESIAN_POINT('Ctrl Pts',(3.13574293846067,21.8188939988614,2.));
#4889=CARTESIAN_POINT('Ctrl Pts',(3.10310353232661,21.812535360562,2.));
#4890=CARTESIAN_POINT('Ctrl Pts',(3.04179086185667,21.8005907469532,2.));
#4891=CARTESIAN_POINT('Ctrl Pts',(2.97938766439988,21.7981888489074,2.));
#4892=CARTESIAN_POINT('Ctrl Pts',(2.95020440811094,21.7970655858518,2.));
#4893=CARTESIAN_POINT('',(2.74283746475157,21.8393574655057,2.));
#4894=CARTESIAN_POINT('Ctrl Pts',(2.95020440811094,21.7970655858518,2.));
#4895=CARTESIAN_POINT('Ctrl Pts',(2.91003694952928,21.7978383877505,2.));
#4896=CARTESIAN_POINT('Ctrl Pts',(2.83812259796369,21.7992219840595,2.));
#4897=CARTESIAN_POINT('Ctrl Pts',(2.77201912217996,21.8270657277414,2.));
#4898=CARTESIAN_POINT('Ctrl Pts',(2.74283746475157,21.8393574655057,2.));
#4899=CARTESIAN_POINT('',(2.63915399307188,21.94986268878,2.));
#4900=CARTESIAN_POINT('Ctrl Pts',(2.74283746475157,21.8393574655057,2.));
#4901=CARTESIAN_POINT('Ctrl Pts',(2.72029338263718,21.8541074744946,2.));
#4902=CARTESIAN_POINT('Ctrl Pts',(2.67674049890227,21.8826029982122,2.));
#4903=CARTESIAN_POINT('Ctrl Pts',(2.65138489194405,21.927975938327,2.));
#4904=CARTESIAN_POINT('Ctrl Pts',(2.63915399307188,21.94986268878,2.));
#4905=CARTESIAN_POINT('',(2.6091394781488,22.2404490411283,2.));
#4906=CARTESIAN_POINT('Ctrl Pts',(2.63915399307188,21.94986268878,2.));
#4907=CARTESIAN_POINT('Ctrl Pts',(2.63052590548428,21.9855344677431,2.));
#4908=CARTESIAN_POINT('Ctrl Pts',(2.6074894888021,22.0807757313074,2.));
#4909=CARTESIAN_POINT('Ctrl Pts',(2.60850458027417,22.1790084959251,2.));
#4910=CARTESIAN_POINT('Ctrl Pts',(2.6091394781488,22.2404490411283,2.));
#4911=CARTESIAN_POINT('',(2.60913947814883,23.0740098655225,2.));
#4912=CARTESIAN_POINT('',(2.60913947814845,11.3286147266627,2.));
#4913=CARTESIAN_POINT('',(2.42905834907473,23.0740098655225,2.));
#4914=CARTESIAN_POINT('',(1.25954945680617,23.0740098655226,2.));
#4915=CARTESIAN_POINT('',(2.42905834907473,23.2650057971479,2.));
#4916=CARTESIAN_POINT('',(2.42905834907436,11.5847539156676,2.));
#4917=CARTESIAN_POINT('',(2.60913947814883,23.2650057971479,2.));
#4918=CARTESIAN_POINT('',(1.25954945680618,23.2650057971479,2.));
#4919=CARTESIAN_POINT('',(2.60913947814884,23.6238048970701,2.));
#4920=CARTESIAN_POINT('',(2.60913947814845,11.7222026735544,2.));
#4921=CARTESIAN_POINT('',(2.85334209197941,23.7711445987226,2.));
#4922=CARTESIAN_POINT('',(-3.51096020833617,19.931241382922,2.));
#4923=CARTESIAN_POINT('',(2.8533420919794,23.2650057971479,2.));
#4924=CARTESIAN_POINT('',(2.85334209197903,11.7590375989676,2.));
#4925=CARTESIAN_POINT('',(3.10027221435488,23.2650057971479,2.));
#4926=CARTESIAN_POINT('',(1.48840357658399,23.2650057971479,2.));
#4927=CARTESIAN_POINT('',(3.10027221435488,23.0740098655225,2.));
#4928=CARTESIAN_POINT('',(3.10027221435451,11.5847539156675,2.));
#4929=CARTESIAN_POINT('',(2.85334209197939,23.0740098655225,2.));
#4930=CARTESIAN_POINT('',(1.48840357658398,23.0740098655226,2.));
#4931=CARTESIAN_POINT('',(2.85334209197936,22.2268067300321,2.));
#4932=CARTESIAN_POINT('',(2.85334209197901,11.3252041488886,2.));
#4933=CARTESIAN_POINT('',(2.86562064880309,22.0917449891569,2.));
#4934=CARTESIAN_POINT('Ctrl Pts',(2.85334209197936,22.2268067300321,2.));
#4935=CARTESIAN_POINT('Ctrl Pts',(2.85299479125322,22.1978908376733,2.));
#4936=CARTESIAN_POINT('Ctrl Pts',(2.85244784540862,22.1523527032035,2.));
#4937=CARTESIAN_POINT('Ctrl Pts',(2.86209812305039,22.107952035383,2.));
#4938=CARTESIAN_POINT('Ctrl Pts',(2.86562064880309,22.0917449891569,2.));
#4939=CARTESIAN_POINT('Ctrl Pts',(2.86562064880309,22.0917449891569,2.));
#4940=CARTESIAN_POINT('Ctrl Pts',(2.87082071846924,22.0822349571149,2.));
#4941=CARTESIAN_POINT('Ctrl Pts',(2.88128166918434,22.0631036794827,2.));
#4942=CARTESIAN_POINT('Ctrl Pts',(2.89900123968561,22.0503900648508,2.));
#4943=CARTESIAN_POINT('Ctrl Pts',(2.90791252845702,22.0439963042737,2.));
#4944=CARTESIAN_POINT('',(12.,-13.,2.));
#4945=CARTESIAN_POINT('',(12.,-15.0000000298023,2.));
#4946=CARTESIAN_POINT('',(12.,-7.50000001490116,2.));
#4947=CARTESIAN_POINT('',(-12.,-15.0000000298023,2.));
#4948=CARTESIAN_POINT('',(-6.,-15.0000000298023,2.));
#4949=CARTESIAN_POINT('',(-12.,-13.,2.));
#4950=CARTESIAN_POINT('',(-12.,-6.5,2.));
#4951=CARTESIAN_POINT('',(-12.,0.,2.));
#4952=CARTESIAN_POINT('',(-12.,0.,2.));
#4953=CARTESIAN_POINT('',(-12.,9.99999997019768,2.));
#4954=CARTESIAN_POINT('',(-12.,4.99999998509884,2.));
#4955=CARTESIAN_POINT('',(12.,9.99999997019768,2.));
#4956=CARTESIAN_POINT('',(6.,9.99999997019768,2.));
#4957=CARTESIAN_POINT('',(12.,0.,2.));
#4958=CARTESIAN_POINT('',(12.,0.,2.));
#4959=CARTESIAN_POINT('',(12.,-6.5,2.));
#4960=CARTESIAN_POINT('Origin',(-32.5,0.,0.));
#4961=CARTESIAN_POINT('',(-32.5,-27.5,0.));
#4962=CARTESIAN_POINT('',(-32.5,27.5,0.));
#4963=CARTESIAN_POINT('Origin',(-32.5,-27.5,0.));
#4964=CARTESIAN_POINT('',(32.5,-27.5,0.));
#4965=CARTESIAN_POINT('Origin',(32.5,0.,0.));
#4966=CARTESIAN_POINT('',(32.5,27.5,0.));
#4967=CARTESIAN_POINT('Origin',(32.5,27.5,0.));
#4968=CARTESIAN_POINT('Origin',(32.5,0.,0.));
#4969=CARTESIAN_POINT('',(16.75,-1.92881870865708E-15,0.));
#4970=CARTESIAN_POINT('Origin',(-32.5,0.,0.));
#4971=CARTESIAN_POINT('',(-49.,-2.02066721859313E-15,0.));
#4972=CARTESIAN_POINT('Origin',(0.,0.,2.));
#4973=CARTESIAN_POINT('',(0.0443385004419161,23.0944736301901,2.));
#4974=CARTESIAN_POINT('',(-0.261255705414412,22.9566834867003,2.));
#4975=CARTESIAN_POINT('Ctrl Pts',(0.0443385004419161,23.0944736301901,2.));
#4976=CARTESIAN_POINT('Ctrl Pts',(-0.0144221950205692,23.0887510928328,
2.));
#4977=CARTESIAN_POINT('Ctrl Pts',(-0.131847799912455,23.0773153464481,2.));
#4978=CARTESIAN_POINT('Ctrl Pts',(-0.21814320111524,22.9968722336847,2.));
#4979=CARTESIAN_POINT('Ctrl Pts',(-0.261255705414412,22.9566834867003,2.));
#4980=CARTESIAN_POINT('',(-0.382673943100582,22.5405852496626,2.));
#4981=CARTESIAN_POINT('Ctrl Pts',(-0.261255705414412,22.9566834867003,2.));
#4982=CARTESIAN_POINT('Ctrl Pts',(-0.296554047579412,22.9005970120106,2.));
#4983=CARTESIAN_POINT('Ctrl Pts',(-0.376115324537201,22.7741799829751,2.));
#4984=CARTESIAN_POINT('Ctrl Pts',(-0.380329460533744,22.6240874040666,2.));
#4985=CARTESIAN_POINT('Ctrl Pts',(-0.382673943100582,22.5405852496626,2.));
#4986=CARTESIAN_POINT('',(-0.261255705414438,22.1231232583525,2.));
#4987=CARTESIAN_POINT('Ctrl Pts',(-0.382673943100582,22.5405852496626,2.));
#4988=CARTESIAN_POINT('Ctrl Pts',(-0.380284035707736,22.4569947543594,2.));
#4989=CARTESIAN_POINT('Ctrl Pts',(-0.375982058385131,22.3065268256623,2.));
#4990=CARTESIAN_POINT('Ctrl Pts',(-0.296557144357068,22.1795567600337,2.));
#4991=CARTESIAN_POINT('Ctrl Pts',(-0.261255705414438,22.1231232583525,2.));
#4992=CARTESIAN_POINT('',(0.0443385004418806,21.9853328168394,2.));
#4993=CARTESIAN_POINT('Ctrl Pts',(-0.261255705414438,22.1231232583525,2.));
#4994=CARTESIAN_POINT('Ctrl Pts',(-0.218142831449191,22.0829342381431,2.));
#4995=CARTESIAN_POINT('Ctrl Pts',(-0.131847328240489,22.0024911731498,2.));
#4996=CARTESIAN_POINT('Ctrl Pts',(-0.0144217486739495,21.9910553502506,
2.));
#4997=CARTESIAN_POINT('Ctrl Pts',(0.0443385004418806,21.9853328168394,2.));
#4998=CARTESIAN_POINT('',(0.348567759932852,22.124487012625,2.));
#4999=CARTESIAN_POINT('Ctrl Pts',(0.0443385004418806,21.9853328168394,2.));
#5000=CARTESIAN_POINT('Ctrl Pts',(0.102776081493665,21.9911983722899,2.));
#5001=CARTESIAN_POINT('Ctrl Pts',(0.219992952376868,22.002963781527,2.));
#5002=CARTESIAN_POINT('Ctrl Pts',(0.305626278438795,22.0839006203255,2.));
#5003=CARTESIAN_POINT('Ctrl Pts',(0.348567759932852,22.124487012625,2.));
#5004=CARTESIAN_POINT('',(0.469985997619022,22.5487713515761,2.));
#5005=CARTESIAN_POINT('Ctrl Pts',(0.348567759932852,22.124487012625,2.));
#5006=CARTESIAN_POINT('Ctrl Pts',(0.383856760944079,22.1815106901162,2.));
#5007=CARTESIAN_POINT('Ctrl Pts',(0.463822131075904,22.3107271413105,2.));
#5008=CARTESIAN_POINT('Ctrl Pts',(0.46777663197199,22.4634471971746,2.));
#5009=CARTESIAN_POINT('Ctrl Pts',(0.469985997619022,22.5487713515761,2.));
#5010=CARTESIAN_POINT('',(0.347202813567522,22.9553191363814,2.));
#5011=CARTESIAN_POINT('Ctrl Pts',(0.469985997619022,22.5487713515761,2.));
#5012=CARTESIAN_POINT('Ctrl Pts',(0.467322474991965,22.6298864053296,2.));
#5013=CARTESIAN_POINT('Ctrl Pts',(0.462490041363839,22.7770535851852,2.));
#5014=CARTESIAN_POINT('Ctrl Pts',(0.382917058458074,22.9000951564777,2.));
#5015=CARTESIAN_POINT('Ctrl Pts',(0.347202813567522,22.9553191363814,2.));
#5016=CARTESIAN_POINT('Ctrl Pts',(0.347202813567522,22.9553191363814,2.));
#5017=CARTESIAN_POINT('Ctrl Pts',(0.304383417145526,22.9959054523764,2.));
#5018=CARTESIAN_POINT('Ctrl Pts',(0.219176357463047,23.0766688665825,2.));
#5019=CARTESIAN_POINT('Ctrl Pts',(0.102420590654295,23.0885587905571,2.));
#5020=CARTESIAN_POINT('Ctrl Pts',(0.0443385004419161,23.0944736301901,2.));
#5021=CARTESIAN_POINT('Origin',(-1.35402461296145,21.8161652982238,2.));
#5022=CARTESIAN_POINT('',(-1.23124142890993,21.8161652982238,1.9));
#5023=CARTESIAN_POINT('',(-1.47680779701296,21.8161652982238,1.9));
#5024=CARTESIAN_POINT('',(-1.23124142890993,21.8161652982238,1.9));
#5025=CARTESIAN_POINT('',(-1.47680779701296,21.8161652982238,2.));
#5026=CARTESIAN_POINT('',(-1.23124142890993,21.8161652982238,2.));
#5027=CARTESIAN_POINT('Origin',(-1.47680779701294,22.5405855476859,2.));
#5028=CARTESIAN_POINT('',(-1.47680779701291,23.265005797148,1.9));
#5029=CARTESIAN_POINT('',(-1.47680779701296,21.8161652982238,1.9));
#5030=CARTESIAN_POINT('',(-1.47680779701291,23.265005797148,2.));
#5031=CARTESIAN_POINT('Origin',(-1.36630316978513,23.265005797148,2.));
#5032=CARTESIAN_POINT('',(-1.25579854255735,23.265005797148,1.9));
#5033=CARTESIAN_POINT('',(-1.47680779701291,23.265005797148,1.9));
#5034=CARTESIAN_POINT('',(-1.25579854255735,23.265005797148,2.));
#5035=CARTESIAN_POINT('Origin',(-1.25579854255735,23.1551830470565,2.));
#5036=CARTESIAN_POINT('',(-1.25579854255735,23.0453602969649,1.9));
#5037=CARTESIAN_POINT('',(-1.25579854255735,23.265005797148,1.9));
#5038=CARTESIAN_POINT('',(-1.25579854255735,23.0453602969649,2.));
#5039=CARTESIAN_POINT('Ctrl Pts',(-1.25579854255735,23.0453602969649,1.9));
#5040=CARTESIAN_POINT('Ctrl Pts',(-1.25579854255735,23.0453602969649,2.));
#5041=CARTESIAN_POINT('Ctrl Pts',(-1.23121367150634,23.0899606749743,1.9));
#5042=CARTESIAN_POINT('Ctrl Pts',(-1.23121367150634,23.0899606749743,2.));
#5043=CARTESIAN_POINT('Ctrl Pts',(-1.18944579208054,23.1657334218467,1.9));
#5044=CARTESIAN_POINT('Ctrl Pts',(-1.18944579208054,23.1657334218467,2.));
#5045=CARTESIAN_POINT('Ctrl Pts',(-1.12626532826019,23.2244706909007,1.9));
#5046=CARTESIAN_POINT('Ctrl Pts',(-1.12626532826019,23.2244706909007,2.));
#5047=CARTESIAN_POINT('Ctrl Pts',(-1.10027333503782,23.248634785414,1.9));
#5048=CARTESIAN_POINT('Ctrl Pts',(-1.10027333503782,23.248634785414,2.));
#5049=CARTESIAN_POINT('',(-1.10027333503782,23.248634785414,1.9));
#5050=CARTESIAN_POINT('Ctrl Pts',(-1.25579854255735,23.0453602969649,1.9));
#5051=CARTESIAN_POINT('Ctrl Pts',(-1.23121367150634,23.0899606749743,1.9));
#5052=CARTESIAN_POINT('Ctrl Pts',(-1.18944579208054,23.1657334218467,1.9));
#5053=CARTESIAN_POINT('Ctrl Pts',(-1.12626532826019,23.2244706909007,1.9));
#5054=CARTESIAN_POINT('Ctrl Pts',(-1.10027333503782,23.248634785414,1.9));
#5055=CARTESIAN_POINT('',(-1.10027333503782,23.248634785414,2.));
#5056=CARTESIAN_POINT('Ctrl Pts',(-1.10027333503782,23.248634785414,1.9));
#5057=CARTESIAN_POINT('Ctrl Pts',(-1.10027333503782,23.248634785414,2.));
#5058=CARTESIAN_POINT('Ctrl Pts',(-1.07566784224148,23.2629593370517,1.9));
#5059=CARTESIAN_POINT('Ctrl Pts',(-1.07566784224148,23.2629593370517,2.));
#5060=CARTESIAN_POINT('Ctrl Pts',(-1.0266778088524,23.291479808835,1.9));
#5061=CARTESIAN_POINT('Ctrl Pts',(-1.0266778088524,23.291479808835,2.));
#5062=CARTESIAN_POINT('Ctrl Pts',(-0.970153910526286,23.2956647749585,1.9));
#5063=CARTESIAN_POINT('Ctrl Pts',(-0.970153910526286,23.2956647749585,2.));
#5064=CARTESIAN_POINT('Ctrl Pts',(-0.942019426880465,23.297747820616,1.9));
#5065=CARTESIAN_POINT('Ctrl Pts',(-0.942019426880465,23.297747820616,2.));
#5066=CARTESIAN_POINT('',(-0.942019426880465,23.297747820616,1.9));
#5067=CARTESIAN_POINT('Ctrl Pts',(-1.10027333503782,23.248634785414,1.9));
#5068=CARTESIAN_POINT('Ctrl Pts',(-1.07566784224148,23.2629593370517,1.9));
#5069=CARTESIAN_POINT('Ctrl Pts',(-1.0266778088524,23.291479808835,1.9));
#5070=CARTESIAN_POINT('Ctrl Pts',(-0.970153910526286,23.2956647749585,1.9));
#5071=CARTESIAN_POINT('Ctrl Pts',(-0.942019426880465,23.297747820616,1.9));
#5072=CARTESIAN_POINT('',(-0.942019426880465,23.297747820616,2.));
#5073=CARTESIAN_POINT('Ctrl Pts',(-0.942019426880465,23.297747820616,1.9));
#5074=CARTESIAN_POINT('Ctrl Pts',(-0.942019426880465,23.297747820616,2.));
#5075=CARTESIAN_POINT('Ctrl Pts',(-0.899479560966605,23.2938258961877,1.9));
#5076=CARTESIAN_POINT('Ctrl Pts',(-0.899479560966605,23.2938258961877,2.));
#5077=CARTESIAN_POINT('Ctrl Pts',(-0.809815746818663,23.2855594220112,1.9));
#5078=CARTESIAN_POINT('Ctrl Pts',(-0.809815746818663,23.2855594220112,2.));
#5079=CARTESIAN_POINT('Ctrl Pts',(-0.731035732967114,23.2416814749433,1.9));
#5080=CARTESIAN_POINT('Ctrl Pts',(-0.731035732967114,23.2416814749433,2.));
#5081=CARTESIAN_POINT('Ctrl Pts',(-0.689631903229344,23.2186208665373,1.9));
#5082=CARTESIAN_POINT('Ctrl Pts',(-0.689631903229344,23.2186208665373,2.));
#5083=CARTESIAN_POINT('',(-0.689631903229344,23.2186208665373,1.9));
#5084=CARTESIAN_POINT('Ctrl Pts',(-0.942019426880465,23.297747820616,1.9));
#5085=CARTESIAN_POINT('Ctrl Pts',(-0.899479560966605,23.2938258961877,1.9));
#5086=CARTESIAN_POINT('Ctrl Pts',(-0.809815746818663,23.2855594220112,1.9));
#5087=CARTESIAN_POINT('Ctrl Pts',(-0.731035732967114,23.2416814749433,1.9));
#5088=CARTESIAN_POINT('Ctrl Pts',(-0.689631903229344,23.2186208665373,1.9));
#5089=CARTESIAN_POINT('',(-0.689631903229344,23.2186208665373,2.));
#5090=CARTESIAN_POINT('Origin',(-0.731923782883278,23.1047053635123,2.));
#5091=CARTESIAN_POINT('',(-0.774215662537213,22.9907898604872,1.9));
#5092=CARTESIAN_POINT('',(-0.689631903229344,23.2186208665373,1.9));
#5093=CARTESIAN_POINT('',(-0.774215662537213,22.9907898604872,2.));
#5094=CARTESIAN_POINT('Ctrl Pts',(-0.774215662537214,22.9907898604872,1.9));
#5095=CARTESIAN_POINT('Ctrl Pts',(-0.774215662537214,22.9907898604872,2.));
#5096=CARTESIAN_POINT('Ctrl Pts',(-0.803589361493711,23.0063012083493,1.9));
#5097=CARTESIAN_POINT('Ctrl Pts',(-0.803589361493711,23.0063012083493,2.));
#5098=CARTESIAN_POINT('Ctrl Pts',(-0.860109082882716,23.0361475365503,1.9));
#5099=CARTESIAN_POINT('Ctrl Pts',(-0.860109082882716,23.0361475365503,2.));
#5100=CARTESIAN_POINT('Ctrl Pts',(-0.92373763848038,23.0414494669664,1.9));
#5101=CARTESIAN_POINT('Ctrl Pts',(-0.92373763848038,23.0414494669664,2.));
#5102=CARTESIAN_POINT('Ctrl Pts',(-0.954297983704204,23.043995946646,1.9));
#5103=CARTESIAN_POINT('Ctrl Pts',(-0.954297983704204,23.043995946646,2.));
#5104=CARTESIAN_POINT('',(-0.954297983704204,23.043995946646,1.9));
#5105=CARTESIAN_POINT('Ctrl Pts',(-0.774215662537214,22.9907898604872,1.9));
#5106=CARTESIAN_POINT('Ctrl Pts',(-0.803589361493711,23.0063012083493,1.9));
#5107=CARTESIAN_POINT('Ctrl Pts',(-0.860109082882716,23.0361475365503,1.9));
#5108=CARTESIAN_POINT('Ctrl Pts',(-0.92373763848038,23.0414494669664,1.9));
#5109=CARTESIAN_POINT('Ctrl Pts',(-0.954297983704204,23.043995946646,1.9));
#5110=CARTESIAN_POINT('',(-0.954297983704204,23.043995946646,2.));
#5111=CARTESIAN_POINT('Ctrl Pts',(-0.954297983704204,23.043995946646,1.9));
#5112=CARTESIAN_POINT('Ctrl Pts',(-0.954297983704204,23.043995946646,2.));
#5113=CARTESIAN_POINT('Ctrl Pts',(-0.980455898959907,23.0419417927847,1.9));
#5114=CARTESIAN_POINT('Ctrl Pts',(-0.980455898959907,23.0419417927847,2.));
#5115=CARTESIAN_POINT('Ctrl Pts',(-1.03282059905869,23.0378296473844,1.9));
#5116=CARTESIAN_POINT('Ctrl Pts',(-1.03282059905869,23.0378296473844,2.));
#5117=CARTESIAN_POINT('Ctrl Pts',(-1.07686542379221,23.0092073940389,1.9));
#5118=CARTESIAN_POINT('Ctrl Pts',(-1.07686542379221,23.0092073940389,2.));
#5119=CARTESIAN_POINT('Ctrl Pts',(-1.09890838867247,22.994882911444,1.9));
#5120=CARTESIAN_POINT('Ctrl Pts',(-1.09890838867247,22.994882911444,2.));
#5121=CARTESIAN_POINT('',(-1.09890838867247,22.994882911444,1.9));
#5122=CARTESIAN_POINT('Ctrl Pts',(-0.954297983704204,23.043995946646,1.9));
#5123=CARTESIAN_POINT('Ctrl Pts',(-0.980455898959907,23.0419417927847,1.9));
#5124=CARTESIAN_POINT('Ctrl Pts',(-1.03282059905869,23.0378296473844,1.9));
#5125=CARTESIAN_POINT('Ctrl Pts',(-1.07686542379221,23.0092073940389,1.9));
#5126=CARTESIAN_POINT('Ctrl Pts',(-1.09890838867247,22.994882911444,1.9));
#5127=CARTESIAN_POINT('',(-1.09890838867247,22.994882911444,2.));
#5128=CARTESIAN_POINT('Ctrl Pts',(-1.09890838867247,22.994882911444,1.9));
#5129=CARTESIAN_POINT('Ctrl Pts',(-1.09890838867247,22.994882911444,2.));
#5130=CARTESIAN_POINT('Ctrl Pts',(-1.11888174696448,22.9769376019937,1.9));
#5131=CARTESIAN_POINT('Ctrl Pts',(-1.11888174696448,22.9769376019937,2.));
#5132=CARTESIAN_POINT('Ctrl Pts',(-1.16016359350909,22.9398474191567,1.9));
#5133=CARTESIAN_POINT('Ctrl Pts',(-1.16016359350909,22.9398474191567,2.));
#5134=CARTESIAN_POINT('Ctrl Pts',(-1.18004902320707,22.8879654724668,1.9));
#5135=CARTESIAN_POINT('Ctrl Pts',(-1.18004902320707,22.8879654724668,2.));
#5136=CARTESIAN_POINT('Ctrl Pts',(-1.19031330352843,22.8611855208876,1.9));
#5137=CARTESIAN_POINT('Ctrl Pts',(-1.19031330352843,22.8611855208876,2.));
#5138=CARTESIAN_POINT('',(-1.19031330352843,22.8611855208876,1.9));
#5139=CARTESIAN_POINT('Ctrl Pts',(-1.09890838867247,22.994882911444,1.9));
#5140=CARTESIAN_POINT('Ctrl Pts',(-1.11888174696448,22.9769376019937,1.9));
#5141=CARTESIAN_POINT('Ctrl Pts',(-1.16016359350909,22.9398474191567,1.9));
#5142=CARTESIAN_POINT('Ctrl Pts',(-1.18004902320707,22.8879654724668,1.9));
#5143=CARTESIAN_POINT('Ctrl Pts',(-1.19031330352843,22.8611855208876,1.9));
#5144=CARTESIAN_POINT('',(-1.19031330352843,22.8611855208876,2.));
#5145=CARTESIAN_POINT('Ctrl Pts',(-1.19031330352843,22.8611855208876,1.9));
#5146=CARTESIAN_POINT('Ctrl Pts',(-1.19031330352843,22.8611855208876,2.));
#5147=CARTESIAN_POINT('Ctrl Pts',(-1.20224747326914,22.8157304204398,1.9));
#5148=CARTESIAN_POINT('Ctrl Pts',(-1.20224747326914,22.8157304204398,2.));
#5149=CARTESIAN_POINT('Ctrl Pts',(-1.2269001729387,22.7218327330317,1.9));
#5150=CARTESIAN_POINT('Ctrl Pts',(-1.2269001729387,22.7218327330317,2.));
#5151=CARTESIAN_POINT('Ctrl Pts',(-1.22976397166293,22.624768469201,1.9));
#5152=CARTESIAN_POINT('Ctrl Pts',(-1.22976397166293,22.624768469201,2.));
#5153=CARTESIAN_POINT('Ctrl Pts',(-1.23124142890991,22.574692219496,1.9));
#5154=CARTESIAN_POINT('Ctrl Pts',(-1.23124142890991,22.574692219496,2.));
#5155=CARTESIAN_POINT('',(-1.23124142890991,22.574692219496,1.9));
#5156=CARTESIAN_POINT('Ctrl Pts',(-1.19031330352843,22.8611855208876,1.9));
#5157=CARTESIAN_POINT('Ctrl Pts',(-1.20224747326914,22.8157304204398,1.9));
#5158=CARTESIAN_POINT('Ctrl Pts',(-1.2269001729387,22.7218327330317,1.9));
#5159=CARTESIAN_POINT('Ctrl Pts',(-1.22976397166293,22.624768469201,1.9));
#5160=CARTESIAN_POINT('Ctrl Pts',(-1.23124142890991,22.574692219496,1.9));
#5161=CARTESIAN_POINT('',(-1.23124142890991,22.574692219496,2.));
#5162=CARTESIAN_POINT('Origin',(-1.23124142890992,22.1954287588599,2.));
#5163=CARTESIAN_POINT('',(-1.23124142890991,22.574692219496,1.9));
#5164=CARTESIAN_POINT('Origin',(0.,0.,1.9));
#5165=CARTESIAN_POINT('Ctrl Pts',(-0.261255705414412,22.9566834867003,1.9));
#5166=CARTESIAN_POINT('Ctrl Pts',(-0.261255705414412,22.9566834867003,2.));
#5167=CARTESIAN_POINT('Ctrl Pts',(-0.296554047579412,22.9005970120106,1.9));
#5168=CARTESIAN_POINT('Ctrl Pts',(-0.296554047579412,22.9005970120106,2.));
#5169=CARTESIAN_POINT('Ctrl Pts',(-0.376115324537201,22.7741799829751,1.9));
#5170=CARTESIAN_POINT('Ctrl Pts',(-0.376115324537201,22.7741799829751,2.));
#5171=CARTESIAN_POINT('Ctrl Pts',(-0.380329460533744,22.6240874040666,1.9));
#5172=CARTESIAN_POINT('Ctrl Pts',(-0.380329460533744,22.6240874040666,2.));
#5173=CARTESIAN_POINT('Ctrl Pts',(-0.382673943100582,22.5405852496626,1.9));
#5174=CARTESIAN_POINT('Ctrl Pts',(-0.382673943100582,22.5405852496626,2.));
#5175=CARTESIAN_POINT('',(-0.261255705414412,22.9566834867003,1.9));
#5176=CARTESIAN_POINT('',(-0.382673943100582,22.5405852496626,1.9));
#5177=CARTESIAN_POINT('Ctrl Pts',(-0.261255705414412,22.9566834867003,1.9));
#5178=CARTESIAN_POINT('Ctrl Pts',(-0.296554047579412,22.9005970120106,1.9));
#5179=CARTESIAN_POINT('Ctrl Pts',(-0.376115324537201,22.7741799829751,1.9));
#5180=CARTESIAN_POINT('Ctrl Pts',(-0.380329460533744,22.6240874040666,1.9));
#5181=CARTESIAN_POINT('Ctrl Pts',(-0.382673943100582,22.5405852496626,1.9));
#5182=CARTESIAN_POINT('',(-0.382673943100582,22.5405852496626,2.));
#5183=CARTESIAN_POINT('',(-0.261255705414412,22.9566834867003,2.));
#5184=CARTESIAN_POINT('Ctrl Pts',(-0.382673943100582,22.5405852496626,1.9));
#5185=CARTESIAN_POINT('Ctrl Pts',(-0.382673943100582,22.5405852496626,2.));
#5186=CARTESIAN_POINT('Ctrl Pts',(-0.380284035707736,22.4569947543594,1.9));
#5187=CARTESIAN_POINT('Ctrl Pts',(-0.380284035707736,22.4569947543594,2.));
#5188=CARTESIAN_POINT('Ctrl Pts',(-0.375982058385131,22.3065268256623,1.9));
#5189=CARTESIAN_POINT('Ctrl Pts',(-0.375982058385131,22.3065268256623,2.));
#5190=CARTESIAN_POINT('Ctrl Pts',(-0.296557144357068,22.1795567600337,1.9));
#5191=CARTESIAN_POINT('Ctrl Pts',(-0.296557144357068,22.1795567600337,2.));
#5192=CARTESIAN_POINT('Ctrl Pts',(-0.261255705414438,22.1231232583525,1.9));
#5193=CARTESIAN_POINT('Ctrl Pts',(-0.261255705414438,22.1231232583525,2.));
#5194=CARTESIAN_POINT('',(-0.261255705414438,22.1231232583525,1.9));
#5195=CARTESIAN_POINT('Ctrl Pts',(-0.382673943100582,22.5405852496626,1.9));
#5196=CARTESIAN_POINT('Ctrl Pts',(-0.380284035707736,22.4569947543594,1.9));
#5197=CARTESIAN_POINT('Ctrl Pts',(-0.375982058385131,22.3065268256623,1.9));
#5198=CARTESIAN_POINT('Ctrl Pts',(-0.296557144357068,22.1795567600337,1.9));
#5199=CARTESIAN_POINT('Ctrl Pts',(-0.261255705414438,22.1231232583525,1.9));
#5200=CARTESIAN_POINT('',(-0.261255705414438,22.1231232583525,2.));
#5201=CARTESIAN_POINT('Ctrl Pts',(-0.261255705414438,22.1231232583525,1.9));
#5202=CARTESIAN_POINT('Ctrl Pts',(-0.261255705414438,22.1231232583525,2.));
#5203=CARTESIAN_POINT('Ctrl Pts',(-0.218142831449191,22.0829342381431,1.9));
#5204=CARTESIAN_POINT('Ctrl Pts',(-0.218142831449191,22.0829342381431,2.));
#5205=CARTESIAN_POINT('Ctrl Pts',(-0.131847328240489,22.0024911731498,1.9));
#5206=CARTESIAN_POINT('Ctrl Pts',(-0.131847328240489,22.0024911731498,2.));
#5207=CARTESIAN_POINT('Ctrl Pts',(-0.0144217486739495,21.9910553502506,
1.9));
#5208=CARTESIAN_POINT('Ctrl Pts',(-0.0144217486739495,21.9910553502506,
2.));
#5209=CARTESIAN_POINT('Ctrl Pts',(0.0443385004418806,21.9853328168394,1.9));
#5210=CARTESIAN_POINT('Ctrl Pts',(0.0443385004418806,21.9853328168394,2.));
#5211=CARTESIAN_POINT('',(0.0443385004418806,21.9853328168394,1.9));
#5212=CARTESIAN_POINT('Ctrl Pts',(-0.261255705414438,22.1231232583525,1.9));
#5213=CARTESIAN_POINT('Ctrl Pts',(-0.218142831449191,22.0829342381431,1.9));
#5214=CARTESIAN_POINT('Ctrl Pts',(-0.131847328240489,22.0024911731498,1.9));
#5215=CARTESIAN_POINT('Ctrl Pts',(-0.0144217486739495,21.9910553502506,
1.9));
#5216=CARTESIAN_POINT('Ctrl Pts',(0.0443385004418806,21.9853328168394,1.9));
#5217=CARTESIAN_POINT('',(0.0443385004418806,21.9853328168394,2.));
#5218=CARTESIAN_POINT('Ctrl Pts',(0.0443385004418806,21.9853328168394,1.9));
#5219=CARTESIAN_POINT('Ctrl Pts',(0.0443385004418806,21.9853328168394,2.));
#5220=CARTESIAN_POINT('Ctrl Pts',(0.102776081493665,21.9911983722899,1.9));
#5221=CARTESIAN_POINT('Ctrl Pts',(0.102776081493665,21.9911983722899,2.));
#5222=CARTESIAN_POINT('Ctrl Pts',(0.219992952376868,22.002963781527,1.9));
#5223=CARTESIAN_POINT('Ctrl Pts',(0.219992952376868,22.002963781527,2.));
#5224=CARTESIAN_POINT('Ctrl Pts',(0.305626278438795,22.0839006203255,1.9));
#5225=CARTESIAN_POINT('Ctrl Pts',(0.305626278438795,22.0839006203255,2.));
#5226=CARTESIAN_POINT('Ctrl Pts',(0.348567759932852,22.124487012625,1.9));
#5227=CARTESIAN_POINT('Ctrl Pts',(0.348567759932852,22.124487012625,2.));
#5228=CARTESIAN_POINT('',(0.348567759932852,22.124487012625,1.9));
#5229=CARTESIAN_POINT('Ctrl Pts',(0.0443385004418806,21.9853328168394,1.9));
#5230=CARTESIAN_POINT('Ctrl Pts',(0.102776081493665,21.9911983722899,1.9));
#5231=CARTESIAN_POINT('Ctrl Pts',(0.219992952376868,22.002963781527,1.9));
#5232=CARTESIAN_POINT('Ctrl Pts',(0.305626278438795,22.0839006203255,1.9));
#5233=CARTESIAN_POINT('Ctrl Pts',(0.348567759932852,22.124487012625,1.9));
#5234=CARTESIAN_POINT('',(0.348567759932852,22.124487012625,2.));
#5235=CARTESIAN_POINT('Ctrl Pts',(0.348567759932852,22.124487012625,1.9));
#5236=CARTESIAN_POINT('Ctrl Pts',(0.348567759932852,22.124487012625,2.));
#5237=CARTESIAN_POINT('Ctrl Pts',(0.383856760944079,22.1815106901162,1.9));
#5238=CARTESIAN_POINT('Ctrl Pts',(0.383856760944079,22.1815106901162,2.));
#5239=CARTESIAN_POINT('Ctrl Pts',(0.463822131075904,22.3107271413105,1.9));
#5240=CARTESIAN_POINT('Ctrl Pts',(0.463822131075904,22.3107271413105,2.));
#5241=CARTESIAN_POINT('Ctrl Pts',(0.46777663197199,22.4634471971746,1.9));
#5242=CARTESIAN_POINT('Ctrl Pts',(0.46777663197199,22.4634471971746,2.));
#5243=CARTESIAN_POINT('Ctrl Pts',(0.469985997619022,22.5487713515761,1.9));
#5244=CARTESIAN_POINT('Ctrl Pts',(0.469985997619022,22.5487713515761,2.));
#5245=CARTESIAN_POINT('',(0.469985997619022,22.5487713515761,1.9));
#5246=CARTESIAN_POINT('Ctrl Pts',(0.348567759932852,22.124487012625,1.9));
#5247=CARTESIAN_POINT('Ctrl Pts',(0.383856760944079,22.1815106901162,1.9));
#5248=CARTESIAN_POINT('Ctrl Pts',(0.463822131075904,22.3107271413105,1.9));
#5249=CARTESIAN_POINT('Ctrl Pts',(0.46777663197199,22.4634471971746,1.9));
#5250=CARTESIAN_POINT('Ctrl Pts',(0.469985997619022,22.5487713515761,1.9));
#5251=CARTESIAN_POINT('',(0.469985997619022,22.5487713515761,2.));
#5252=CARTESIAN_POINT('Ctrl Pts',(0.469985997619022,22.5487713515761,1.9));
#5253=CARTESIAN_POINT('Ctrl Pts',(0.469985997619022,22.5487713515761,2.));
#5254=CARTESIAN_POINT('Ctrl Pts',(0.467322474991965,22.6298864053296,1.9));
#5255=CARTESIAN_POINT('Ctrl Pts',(0.467322474991965,22.6298864053296,2.));
#5256=CARTESIAN_POINT('Ctrl Pts',(0.462490041363839,22.7770535851852,1.9));
#5257=CARTESIAN_POINT('Ctrl Pts',(0.462490041363839,22.7770535851852,2.));
#5258=CARTESIAN_POINT('Ctrl Pts',(0.382917058458074,22.9000951564777,1.9));
#5259=CARTESIAN_POINT('Ctrl Pts',(0.382917058458074,22.9000951564777,2.));
#5260=CARTESIAN_POINT('Ctrl Pts',(0.347202813567522,22.9553191363814,1.9));
#5261=CARTESIAN_POINT('Ctrl Pts',(0.347202813567522,22.9553191363814,2.));
#5262=CARTESIAN_POINT('',(0.347202813567522,22.9553191363814,1.9));
#5263=CARTESIAN_POINT('Ctrl Pts',(0.469985997619022,22.5487713515761,1.9));
#5264=CARTESIAN_POINT('Ctrl Pts',(0.467322474991965,22.6298864053296,1.9));
#5265=CARTESIAN_POINT('Ctrl Pts',(0.462490041363839,22.7770535851852,1.9));
#5266=CARTESIAN_POINT('Ctrl Pts',(0.382917058458074,22.9000951564777,1.9));
#5267=CARTESIAN_POINT('Ctrl Pts',(0.347202813567522,22.9553191363814,1.9));
#5268=CARTESIAN_POINT('',(0.347202813567522,22.9553191363814,2.));
#5269=CARTESIAN_POINT('Ctrl Pts',(0.347202813567522,22.9553191363814,1.9));
#5270=CARTESIAN_POINT('Ctrl Pts',(0.347202813567522,22.9553191363814,2.));
#5271=CARTESIAN_POINT('Ctrl Pts',(0.304383417145526,22.9959054523764,1.9));
#5272=CARTESIAN_POINT('Ctrl Pts',(0.304383417145526,22.9959054523764,2.));
#5273=CARTESIAN_POINT('Ctrl Pts',(0.219176357463047,23.0766688665825,1.9));
#5274=CARTESIAN_POINT('Ctrl Pts',(0.219176357463047,23.0766688665825,2.));
#5275=CARTESIAN_POINT('Ctrl Pts',(0.102420590654295,23.0885587905571,1.9));
#5276=CARTESIAN_POINT('Ctrl Pts',(0.102420590654295,23.0885587905571,2.));
#5277=CARTESIAN_POINT('Ctrl Pts',(0.0443385004419161,23.0944736301901,1.9));
#5278=CARTESIAN_POINT('Ctrl Pts',(0.0443385004419161,23.0944736301901,2.));
#5279=CARTESIAN_POINT('',(0.0443385004419161,23.0944736301901,1.9));
#5280=CARTESIAN_POINT('Ctrl Pts',(0.347202813567522,22.9553191363814,1.9));
#5281=CARTESIAN_POINT('Ctrl Pts',(0.304383417145526,22.9959054523764,1.9));
#5282=CARTESIAN_POINT('Ctrl Pts',(0.219176357463047,23.0766688665825,1.9));
#5283=CARTESIAN_POINT('Ctrl Pts',(0.102420590654295,23.0885587905571,1.9));
#5284=CARTESIAN_POINT('Ctrl Pts',(0.0443385004419161,23.0944736301901,1.9));
#5285=CARTESIAN_POINT('',(0.0443385004419161,23.0944736301901,2.));
#5286=CARTESIAN_POINT('Ctrl Pts',(0.0443385004419161,23.0944736301901,1.9));
#5287=CARTESIAN_POINT('Ctrl Pts',(0.0443385004419161,23.0944736301901,2.));
#5288=CARTESIAN_POINT('Ctrl Pts',(-0.0144221950205692,23.0887510928328,
1.9));
#5289=CARTESIAN_POINT('Ctrl Pts',(-0.0144221950205692,23.0887510928328,
2.));
#5290=CARTESIAN_POINT('Ctrl Pts',(-0.131847799912455,23.0773153464481,1.9));
#5291=CARTESIAN_POINT('Ctrl Pts',(-0.131847799912455,23.0773153464481,2.));
#5292=CARTESIAN_POINT('Ctrl Pts',(-0.21814320111524,22.9968722336847,1.9));
#5293=CARTESIAN_POINT('Ctrl Pts',(-0.21814320111524,22.9968722336847,2.));
#5294=CARTESIAN_POINT('Ctrl Pts',(-0.261255705414412,22.9566834867003,1.9));
#5295=CARTESIAN_POINT('Ctrl Pts',(-0.261255705414412,22.9566834867003,2.));
#5296=CARTESIAN_POINT('Ctrl Pts',(0.0443385004419161,23.0944736301901,1.9));
#5297=CARTESIAN_POINT('Ctrl Pts',(-0.0144221950205692,23.0887510928328,
1.9));
#5298=CARTESIAN_POINT('Ctrl Pts',(-0.131847799912455,23.0773153464481,1.9));
#5299=CARTESIAN_POINT('Ctrl Pts',(-0.21814320111524,22.9968722336847,1.9));
#5300=CARTESIAN_POINT('Ctrl Pts',(-0.261255705414412,22.9566834867003,1.9));
#5301=CARTESIAN_POINT('Ctrl Pts',(-0.448157990036635,21.9785116612914,1.9));
#5302=CARTESIAN_POINT('Ctrl Pts',(-0.448157990036635,21.9785116612914,2.));
#5303=CARTESIAN_POINT('Ctrl Pts',(-0.502568330868578,22.0551674854304,1.9));
#5304=CARTESIAN_POINT('Ctrl Pts',(-0.502568330868578,22.0551674854304,2.));
#5305=CARTESIAN_POINT('Ctrl Pts',(-0.621452242049052,22.2226566804816,1.9));
#5306=CARTESIAN_POINT('Ctrl Pts',(-0.621452242049052,22.2226566804816,2.));
#5307=CARTESIAN_POINT('Ctrl Pts',(-0.630276086308332,22.4287927566595,1.9));
#5308=CARTESIAN_POINT('Ctrl Pts',(-0.630276086308332,22.4287927566595,2.));
#5309=CARTESIAN_POINT('Ctrl Pts',(-0.635061466751705,22.5405852496626,1.9));
#5310=CARTESIAN_POINT('Ctrl Pts',(-0.635061466751705,22.5405852496626,2.));
#5311=CARTESIAN_POINT('',(-0.448157990036635,21.9785116612914,1.9));
#5312=CARTESIAN_POINT('',(-0.635061466751705,22.5405852496626,1.9));
#5313=CARTESIAN_POINT('Ctrl Pts',(-0.448157990036635,21.9785116612914,1.9));
#5314=CARTESIAN_POINT('Ctrl Pts',(-0.502568330868578,22.0551674854304,1.9));
#5315=CARTESIAN_POINT('Ctrl Pts',(-0.621452242049052,22.2226566804816,1.9));
#5316=CARTESIAN_POINT('Ctrl Pts',(-0.630276086308332,22.4287927566595,1.9));
#5317=CARTESIAN_POINT('Ctrl Pts',(-0.635061466751705,22.5405852496626,1.9));
#5318=CARTESIAN_POINT('',(-0.635061466751705,22.5405852496626,2.));
#5319=CARTESIAN_POINT('',(-0.448157990036635,21.9785116612914,2.));
#5320=CARTESIAN_POINT('Ctrl Pts',(-0.635061466751705,22.5405852496626,1.9));
#5321=CARTESIAN_POINT('Ctrl Pts',(-0.635061466751705,22.5405852496626,2.));
#5322=CARTESIAN_POINT('Ctrl Pts',(-0.62946538546365,22.6625333048175,1.9));
#5323=CARTESIAN_POINT('Ctrl Pts',(-0.62946538546365,22.6625333048175,2.));
#5324=CARTESIAN_POINT('Ctrl Pts',(-0.61917257457327,22.8868310241586,1.9));
#5325=CARTESIAN_POINT('Ctrl Pts',(-0.61917257457327,22.8868310241586,2.));
#5326=CARTESIAN_POINT('Ctrl Pts',(-0.476449647251553,23.0584525890356,1.9));
#5327=CARTESIAN_POINT('Ctrl Pts',(-0.476449647251553,23.0584525890356,2.));
#5328=CARTESIAN_POINT('Ctrl Pts',(-0.411323511658304,23.1367655098441,1.9));
#5329=CARTESIAN_POINT('Ctrl Pts',(-0.411323511658304,23.1367655098441,2.));
#5330=CARTESIAN_POINT('',(-0.411323511658304,23.1367655098441,1.9));
#5331=CARTESIAN_POINT('Ctrl Pts',(-0.635061466751705,22.5405852496626,1.9));
#5332=CARTESIAN_POINT('Ctrl Pts',(-0.62946538546365,22.6625333048175,1.9));
#5333=CARTESIAN_POINT('Ctrl Pts',(-0.61917257457327,22.8868310241586,1.9));
#5334=CARTESIAN_POINT('Ctrl Pts',(-0.476449647251553,23.0584525890356,1.9));
#5335=CARTESIAN_POINT('Ctrl Pts',(-0.411323511658304,23.1367655098441,1.9));
#5336=CARTESIAN_POINT('',(-0.411323511658304,23.1367655098441,2.));
#5337=CARTESIAN_POINT('Ctrl Pts',(-0.411323511658304,23.1367655098441,1.9));
#5338=CARTESIAN_POINT('Ctrl Pts',(-0.411323511658304,23.1367655098441,2.));
#5339=CARTESIAN_POINT('Ctrl Pts',(-0.344601338309303,23.1837113707534,1.9));
#5340=CARTESIAN_POINT('Ctrl Pts',(-0.344601338309303,23.1837113707534,2.));
#5341=CARTESIAN_POINT('Ctrl Pts',(-0.2079368712429,23.2798687760075,1.9));
#5342=CARTESIAN_POINT('Ctrl Pts',(-0.2079368712429,23.2798687760075,2.));
#5343=CARTESIAN_POINT('Ctrl Pts',(-0.0410639233563504,23.2916952530008,
1.9));
#5344=CARTESIAN_POINT('Ctrl Pts',(-0.0410639233563504,23.2916952530008,
2.));
#5345=CARTESIAN_POINT('Ctrl Pts',(0.0443385004419228,23.297747820616,1.9));
#5346=CARTESIAN_POINT('Ctrl Pts',(0.0443385004419228,23.297747820616,2.));
#5347=CARTESIAN_POINT('',(0.0443385004419228,23.297747820616,1.9));
#5348=CARTESIAN_POINT('Ctrl Pts',(-0.411323511658304,23.1367655098441,1.9));
#5349=CARTESIAN_POINT('Ctrl Pts',(-0.344601338309303,23.1837113707534,1.9));
#5350=CARTESIAN_POINT('Ctrl Pts',(-0.2079368712429,23.2798687760075,1.9));
#5351=CARTESIAN_POINT('Ctrl Pts',(-0.0410639233563503,23.2916952530008,
1.9));
#5352=CARTESIAN_POINT('Ctrl Pts',(0.0443385004419228,23.297747820616,1.9));
#5353=CARTESIAN_POINT('',(0.0443385004419228,23.297747820616,2.));
#5354=CARTESIAN_POINT('Ctrl Pts',(0.0443385004419228,23.297747820616,1.9));
#5355=CARTESIAN_POINT('Ctrl Pts',(0.0443385004419228,23.297747820616,2.));
#5356=CARTESIAN_POINT('Ctrl Pts',(0.13853109490918,23.2904265762849,1.9));
#5357=CARTESIAN_POINT('Ctrl Pts',(0.13853109490918,23.2904265762849,2.));
#5358=CARTESIAN_POINT('Ctrl Pts',(0.322249579603164,23.2761468133992,1.9));
#5359=CARTESIAN_POINT('Ctrl Pts',(0.322249579603164,23.2761468133992,2.));
#5360=CARTESIAN_POINT('Ctrl Pts',(0.463776544251826,23.1585835705164,1.9));
#5361=CARTESIAN_POINT('Ctrl Pts',(0.463776544251826,23.1585835705164,2.));
#5362=CARTESIAN_POINT('Ctrl Pts',(0.532742536010153,23.1012950837614,1.9));
#5363=CARTESIAN_POINT('Ctrl Pts',(0.532742536010153,23.1012950837614,2.));
#5364=CARTESIAN_POINT('',(0.532742536010153,23.1012950837614,1.9));
#5365=CARTESIAN_POINT('Ctrl Pts',(0.0443385004419228,23.297747820616,1.9));
#5366=CARTESIAN_POINT('Ctrl Pts',(0.13853109490918,23.2904265762849,1.9));
#5367=CARTESIAN_POINT('Ctrl Pts',(0.322249579603164,23.2761468133992,1.9));
#5368=CARTESIAN_POINT('Ctrl Pts',(0.463776544251826,23.1585835705164,1.9));
#5369=CARTESIAN_POINT('Ctrl Pts',(0.532742536010153,23.1012950837614,1.9));
#5370=CARTESIAN_POINT('',(0.532742536010153,23.1012950837614,2.));
#5371=CARTESIAN_POINT('Ctrl Pts',(0.532742536010153,23.1012950837614,1.9));
#5372=CARTESIAN_POINT('Ctrl Pts',(0.532742536010153,23.1012950837614,2.));
#5373=CARTESIAN_POINT('Ctrl Pts',(0.587986986263396,23.026627797025,1.9));
#5374=CARTESIAN_POINT('Ctrl Pts',(0.587986986263396,23.026627797025,2.));
#5375=CARTESIAN_POINT('Ctrl Pts',(0.706303383769298,22.8667137361974,1.9));
#5376=CARTESIAN_POINT('Ctrl Pts',(0.706303383769298,22.8667137361974,2.));
#5377=CARTESIAN_POINT('Ctrl Pts',(0.716785649204026,22.6673342582983,1.9));
#5378=CARTESIAN_POINT('Ctrl Pts',(0.716785649204026,22.6673342582983,2.));
#5379=CARTESIAN_POINT('Ctrl Pts',(0.722373521270145,22.5610493123533,1.9));
#5380=CARTESIAN_POINT('Ctrl Pts',(0.722373521270145,22.5610493123533,2.));
#5381=CARTESIAN_POINT('',(0.722373521270145,22.5610493123533,1.9));
#5382=CARTESIAN_POINT('Ctrl Pts',(0.532742536010153,23.1012950837614,1.9));
#5383=CARTESIAN_POINT('Ctrl Pts',(0.587986986263396,23.026627797025,1.9));
#5384=CARTESIAN_POINT('Ctrl Pts',(0.706303383769298,22.8667137361974,1.9));
#5385=CARTESIAN_POINT('Ctrl Pts',(0.716785649204026,22.6673342582983,1.9));
#5386=CARTESIAN_POINT('Ctrl Pts',(0.722373521270145,22.5610493123533,1.9));
#5387=CARTESIAN_POINT('',(0.722373521270145,22.5610493123533,2.));
#5388=CARTESIAN_POINT('Ctrl Pts',(0.722373521270145,22.5610493123533,1.9));
#5389=CARTESIAN_POINT('Ctrl Pts',(0.722373521270145,22.5610493123533,2.));
#5390=CARTESIAN_POINT('Ctrl Pts',(0.720698433171603,22.4766108818668,1.9));
#5391=CARTESIAN_POINT('Ctrl Pts',(0.720698433171603,22.4766108818668,2.));
#5392=CARTESIAN_POINT('Ctrl Pts',(0.717681827186269,22.3245487455411,1.9));
#5393=CARTESIAN_POINT('Ctrl Pts',(0.717681827186269,22.3245487455411,2.));
#5394=CARTESIAN_POINT('Ctrl Pts',(0.662382141081237,22.1832373090151,1.9));
#5395=CARTESIAN_POINT('Ctrl Pts',(0.662382141081237,22.1832373090151,2.));
#5396=CARTESIAN_POINT('Ctrl Pts',(0.637789761962271,22.1203945577147,1.9));
#5397=CARTESIAN_POINT('Ctrl Pts',(0.637789761962271,22.1203945577147,2.));
#5398=CARTESIAN_POINT('',(0.637789761962271,22.1203945577147,1.9));
#5399=CARTESIAN_POINT('Ctrl Pts',(0.722373521270145,22.5610493123533,1.9));
#5400=CARTESIAN_POINT('Ctrl Pts',(0.720698433171603,22.4766108818668,1.9));
#5401=CARTESIAN_POINT('Ctrl Pts',(0.717681827186269,22.3245487455411,1.9));
#5402=CARTESIAN_POINT('Ctrl Pts',(0.662382141081237,22.1832373090151,1.9));
#5403=CARTESIAN_POINT('Ctrl Pts',(0.637789761962271,22.1203945577147,1.9));
#5404=CARTESIAN_POINT('',(0.637789761962271,22.1203945577147,2.));
#5405=CARTESIAN_POINT('Ctrl Pts',(0.637789761962271,22.1203945577147,1.9));
#5406=CARTESIAN_POINT('Ctrl Pts',(0.637789761962271,22.1203945577147,2.));
#5407=CARTESIAN_POINT('Ctrl Pts',(0.606662379342278,22.0700634814522,1.9));
#5408=CARTESIAN_POINT('Ctrl Pts',(0.606662379342278,22.0700634814522,2.));
#5409=CARTESIAN_POINT('Ctrl Pts',(0.544060629306629,21.9688402757085,1.9));
#5410=CARTESIAN_POINT('Ctrl Pts',(0.544060629306629,21.9688402757085,2.));
#5411=CARTESIAN_POINT('Ctrl Pts',(0.443929974357113,21.9044657521851,1.9));
#5412=CARTESIAN_POINT('Ctrl Pts',(0.443929974357113,21.9044657521851,2.));
#5413=CARTESIAN_POINT('Ctrl Pts',(0.393587148131695,21.8721000850203,1.9));
#5414=CARTESIAN_POINT('Ctrl Pts',(0.393587148131695,21.8721000850203,2.));
#5415=CARTESIAN_POINT('',(0.393587148131695,21.8721000850203,1.9));
#5416=CARTESIAN_POINT('Ctrl Pts',(0.637789761962271,22.1203945577147,1.9));
#5417=CARTESIAN_POINT('Ctrl Pts',(0.606662379342278,22.0700634814522,1.9));
#5418=CARTESIAN_POINT('Ctrl Pts',(0.544060629306629,21.9688402757085,1.9));
#5419=CARTESIAN_POINT('Ctrl Pts',(0.443929974357113,21.9044657521851,1.9));
#5420=CARTESIAN_POINT('Ctrl Pts',(0.393587148131695,21.8721000850203,1.9));
#5421=CARTESIAN_POINT('',(0.393587148131695,21.8721000850203,2.));
#5422=CARTESIAN_POINT('Ctrl Pts',(0.393587148131695,21.8721000850203,1.9));
#5423=CARTESIAN_POINT('Ctrl Pts',(0.393587148131695,21.8721000850203,2.));
#5424=CARTESIAN_POINT('Ctrl Pts',(0.338823268681887,21.8462368093234,1.9));
#5425=CARTESIAN_POINT('Ctrl Pts',(0.338823268681887,21.8462368093234,2.));
#5426=CARTESIAN_POINT('Ctrl Pts',(0.228198192100688,21.7939920289436,1.9));
#5427=CARTESIAN_POINT('Ctrl Pts',(0.228198192100688,21.7939920289436,2.));
#5428=CARTESIAN_POINT('Ctrl Pts',(0.106029006519268,21.786969412512,1.9));
#5429=CARTESIAN_POINT('Ctrl Pts',(0.106029006519268,21.786969412512,2.));
#5430=CARTESIAN_POINT('Ctrl Pts',(0.0443385004418739,21.7834232747557,1.9));
#5431=CARTESIAN_POINT('Ctrl Pts',(0.0443385004418739,21.7834232747557,2.));
#5432=CARTESIAN_POINT('',(0.0443385004418739,21.7834232747557,1.9));
#5433=CARTESIAN_POINT('Ctrl Pts',(0.393587148131695,21.8721000850203,1.9));
#5434=CARTESIAN_POINT('Ctrl Pts',(0.338823268681887,21.8462368093234,1.9));
#5435=CARTESIAN_POINT('Ctrl Pts',(0.228198192100688,21.7939920289436,1.9));
#5436=CARTESIAN_POINT('Ctrl Pts',(0.106029006519268,21.786969412512,1.9));
#5437=CARTESIAN_POINT('Ctrl Pts',(0.0443385004418739,21.7834232747557,1.9));
#5438=CARTESIAN_POINT('',(0.0443385004418739,21.7834232747557,2.));
#5439=CARTESIAN_POINT('Ctrl Pts',(0.0443385004418739,21.7834232747557,1.9));
#5440=CARTESIAN_POINT('Ctrl Pts',(0.0443385004418739,21.7834232747557,2.));
#5441=CARTESIAN_POINT('Ctrl Pts',(-0.0511409835783394,21.7904423036963,
1.9));
#5442=CARTESIAN_POINT('Ctrl Pts',(-0.0511409835783394,21.7904423036963,
2.));
#5443=CARTESIAN_POINT('Ctrl Pts',(-0.236090740490773,21.8040386035679,1.9));
#5444=CARTESIAN_POINT('Ctrl Pts',(-0.236090740490773,21.8040386035679,2.));
#5445=CARTESIAN_POINT('Ctrl Pts',(-0.379016846433244,21.9216275041911,1.9));
#5446=CARTESIAN_POINT('Ctrl Pts',(-0.379016846433244,21.9216275041911,2.));
#5447=CARTESIAN_POINT('Ctrl Pts',(-0.448157990036635,21.9785116612914,1.9));
#5448=CARTESIAN_POINT('Ctrl Pts',(-0.448157990036635,21.9785116612914,2.));
#5449=CARTESIAN_POINT('Ctrl Pts',(0.0443385004418739,21.7834232747557,1.9));
#5450=CARTESIAN_POINT('Ctrl Pts',(-0.0511409835783394,21.7904423036963,
1.9));
#5451=CARTESIAN_POINT('Ctrl Pts',(-0.236090740490773,21.8040386035679,1.9));
#5452=CARTESIAN_POINT('Ctrl Pts',(-0.379016846433244,21.9216275041911,1.9));
#5453=CARTESIAN_POINT('Ctrl Pts',(-0.448157990036635,21.9785116612914,1.9));
#5454=CARTESIAN_POINT('Origin',(0.,0.,1.9));
#5455=CARTESIAN_POINT('Origin',(-3.00341089969698,21.8161652982238,2.));
#5456=CARTESIAN_POINT('',(-2.871078455506,21.8161652982238,1.9));
#5457=CARTESIAN_POINT('',(-3.13574334388796,21.8161652982238,1.9));
#5458=CARTESIAN_POINT('',(-2.871078455506,21.8161652982238,1.9));
#5459=CARTESIAN_POINT('',(-3.13574334388796,21.8161652982238,2.));
#5460=CARTESIAN_POINT('',(-2.871078455506,21.8161652982238,2.));
#5461=CARTESIAN_POINT('Origin',(-3.13574334388793,22.8161652386192,2.));
#5462=CARTESIAN_POINT('',(-3.1357433438879,23.8161651790145,1.9));
#5463=CARTESIAN_POINT('',(-3.13574334388796,21.8161652982238,1.9));
#5464=CARTESIAN_POINT('',(-3.1357433438879,23.8161651790145,2.));
#5465=CARTESIAN_POINT('Origin',(-2.4611189008337,23.8161651790145,2.));
#5466=CARTESIAN_POINT('',(-1.7864944577795,23.8161651790145,1.9));
#5467=CARTESIAN_POINT('',(-3.1357433438879,23.8161651790145,1.9));
#5468=CARTESIAN_POINT('',(-1.7864944577795,23.8161651790145,2.));
#5469=CARTESIAN_POINT('Origin',(-1.7864944577795,23.6981570720675,2.));
#5470=CARTESIAN_POINT('',(-1.7864944577795,23.5801489651206,1.9));
#5471=CARTESIAN_POINT('',(-1.7864944577795,23.8161651790145,1.9));
#5472=CARTESIAN_POINT('',(-1.7864944577795,23.5801489651206,2.));
#5473=CARTESIAN_POINT('Origin',(-2.32878645664272,23.5801489651206,2.));
#5474=CARTESIAN_POINT('',(-2.87107845550594,23.5801489651206,1.9));
#5475=CARTESIAN_POINT('',(-1.7864944577795,23.5801489651206,1.9));
#5476=CARTESIAN_POINT('',(-2.87107845550594,23.5801489651206,2.));
#5477=CARTESIAN_POINT('Origin',(-2.87107845550595,23.2704627513889,2.));
#5478=CARTESIAN_POINT('',(-2.87107845550596,22.9607765376571,1.9));
#5479=CARTESIAN_POINT('',(-2.87107845550594,23.5801489651206,1.9));
#5480=CARTESIAN_POINT('',(-2.87107845550596,22.9607765376571,2.));
#5481=CARTESIAN_POINT('Origin',(-2.40177413230955,22.9607765376571,2.));
#5482=CARTESIAN_POINT('',(-1.93246980911314,22.9607765376571,1.9));
#5483=CARTESIAN_POINT('',(-2.87107845550596,22.9607765376571,1.9));
#5484=CARTESIAN_POINT('',(-1.93246980911314,22.9607765376571,2.));
#5485=CARTESIAN_POINT('Origin',(-1.93246980911315,22.8427682816985,2.));
#5486=CARTESIAN_POINT('',(-1.93246980911315,22.72476002574,1.9));
#5487=CARTESIAN_POINT('',(-1.93246980911314,22.9607765376571,1.9));
#5488=CARTESIAN_POINT('',(-1.93246980911315,22.72476002574,2.));
#5489=CARTESIAN_POINT('Origin',(-2.40177413230956,22.72476002574,2.));
#5490=CARTESIAN_POINT('',(-2.87107845550597,22.72476002574,1.9));
#5491=CARTESIAN_POINT('',(-1.93246980911315,22.72476002574,1.9));
#5492=CARTESIAN_POINT('',(-2.87107845550597,22.72476002574,2.));
#5493=CARTESIAN_POINT('Origin',(-2.87107845550599,22.2704626619819,2.));
#5494=CARTESIAN_POINT('',(-2.87107845550597,22.72476002574,1.9));
#5495=CARTESIAN_POINT('Origin',(0.,0.,1.9));
#5496=CARTESIAN_POINT('Origin',(1.13301495307859,21.8161652982237,2.));
#5497=CARTESIAN_POINT('',(1.25579813713011,21.8161652982237,1.9));
#5498=CARTESIAN_POINT('',(1.01023176902708,21.8161652982237,1.9));
#5499=CARTESIAN_POINT('',(1.25579813713011,21.8161652982237,1.9));
#5500=CARTESIAN_POINT('',(1.01023176902708,21.8161652982237,2.));
#5501=CARTESIAN_POINT('',(1.25579813713011,21.8161652982237,2.));
#5502=CARTESIAN_POINT('Origin',(1.0102317690271,22.5405855476858,2.));
#5503=CARTESIAN_POINT('',(1.01023176902713,23.2650057971479,1.9));
#5504=CARTESIAN_POINT('',(1.01023176902708,21.8161652982237,1.9));
#5505=CARTESIAN_POINT('',(1.01023176902713,23.2650057971479,2.));
#5506=CARTESIAN_POINT('Origin',(1.12073639625491,23.2650057971479,2.));
#5507=CARTESIAN_POINT('',(1.23124102348269,23.2650057971479,1.9));
#5508=CARTESIAN_POINT('',(1.01023176902713,23.2650057971479,1.9));
#5509=CARTESIAN_POINT('',(1.23124102348269,23.2650057971479,2.));
#5510=CARTESIAN_POINT('Origin',(1.23124102348269,23.1620043516161,2.));
#5511=CARTESIAN_POINT('',(1.23124102348269,23.0590029060842,1.9));
#5512=CARTESIAN_POINT('',(1.23124102348269,23.2650057971479,1.9));
#5513=CARTESIAN_POINT('',(1.23124102348269,23.0590029060842,2.));
#5514=CARTESIAN_POINT('Ctrl Pts',(1.23124102348269,23.0590029060842,1.9));
#5515=CARTESIAN_POINT('Ctrl Pts',(1.23124102348269,23.0590029060842,2.));
#5516=CARTESIAN_POINT('Ctrl Pts',(1.29107341703006,23.1286326322106,1.9));
#5517=CARTESIAN_POINT('Ctrl Pts',(1.29107341703006,23.1286326322106,2.));
#5518=CARTESIAN_POINT('Ctrl Pts',(1.41250913584695,23.2699529996882,1.9));
#5519=CARTESIAN_POINT('Ctrl Pts',(1.41250913584695,23.2699529996882,2.));
#5520=CARTESIAN_POINT('Ctrl Pts',(1.59817413464437,23.2883932405428,1.9));
#5521=CARTESIAN_POINT('Ctrl Pts',(1.59817413464437,23.2883932405428,2.));
#5522=CARTESIAN_POINT('Ctrl Pts',(1.69236043685855,23.2977478206159,1.9));
#5523=CARTESIAN_POINT('Ctrl Pts',(1.69236043685855,23.2977478206159,2.));
#5524=CARTESIAN_POINT('',(1.69236043685855,23.2977478206159,1.9));
#5525=CARTESIAN_POINT('Ctrl Pts',(1.23124102348269,23.0590029060842,1.9));
#5526=CARTESIAN_POINT('Ctrl Pts',(1.29107341703006,23.1286326322106,1.9));
#5527=CARTESIAN_POINT('Ctrl Pts',(1.41250913584695,23.2699529996882,1.9));
#5528=CARTESIAN_POINT('Ctrl Pts',(1.59817413464437,23.2883932405428,1.9));
#5529=CARTESIAN_POINT('Ctrl Pts',(1.69236043685855,23.2977478206159,1.9));
#5530=CARTESIAN_POINT('',(1.69236043685855,23.2977478206159,2.));
#5531=CARTESIAN_POINT('Ctrl Pts',(1.69236043685855,23.2977478206159,1.9));
#5532=CARTESIAN_POINT('Ctrl Pts',(1.69236043685855,23.2977478206159,2.));
#5533=CARTESIAN_POINT('Ctrl Pts',(1.73463932668167,23.2959600572565,1.9));
#5534=CARTESIAN_POINT('Ctrl Pts',(1.73463932668167,23.2959600572565,2.));
#5535=CARTESIAN_POINT('Ctrl Pts',(1.81717973172285,23.2924698352468,1.9));
#5536=CARTESIAN_POINT('Ctrl Pts',(1.81717973172285,23.2924698352468,2.));
#5537=CARTESIAN_POINT('Ctrl Pts',(1.89467083447441,23.2639232674747,1.9));
#5538=CARTESIAN_POINT('Ctrl Pts',(1.89467083447441,23.2639232674747,2.));
#5539=CARTESIAN_POINT('Ctrl Pts',(1.93246940368594,23.2499988377096,1.9));
#5540=CARTESIAN_POINT('Ctrl Pts',(1.93246940368594,23.2499988377096,2.));
#5541=CARTESIAN_POINT('',(1.93246940368594,23.2499988377096,1.9));
#5542=CARTESIAN_POINT('Ctrl Pts',(1.69236043685855,23.2977478206159,1.9));
#5543=CARTESIAN_POINT('Ctrl Pts',(1.73463932668167,23.2959600572565,1.9));
#5544=CARTESIAN_POINT('Ctrl Pts',(1.81717973172285,23.2924698352468,1.9));
#5545=CARTESIAN_POINT('Ctrl Pts',(1.89467083447441,23.2639232674747,1.9));
#5546=CARTESIAN_POINT('Ctrl Pts',(1.93246940368594,23.2499988377096,1.9));
#5547=CARTESIAN_POINT('',(1.93246940368594,23.2499988377096,2.));
#5548=CARTESIAN_POINT('Ctrl Pts',(1.93246940368594,23.2499988377096,1.9));
#5549=CARTESIAN_POINT('Ctrl Pts',(1.93246940368594,23.2499988377096,2.));
#5550=CARTESIAN_POINT('Ctrl Pts',(1.96628829485528,23.2342066679823,1.9));
#5551=CARTESIAN_POINT('Ctrl Pts',(1.96628829485528,23.2342066679823,2.));
#5552=CARTESIAN_POINT('Ctrl Pts',(2.02984027596099,23.20453024639,1.9));
#5553=CARTESIAN_POINT('Ctrl Pts',(2.02984027596099,23.20453024639,2.));
#5554=CARTESIAN_POINT('Ctrl Pts',(2.07596405210901,23.1518586179972,1.9));
#5555=CARTESIAN_POINT('Ctrl Pts',(2.07596405210901,23.1518586179972,2.));
#5556=CARTESIAN_POINT('Ctrl Pts',(2.09754327529848,23.1272159516813,1.9));
#5557=CARTESIAN_POINT('Ctrl Pts',(2.09754327529848,23.1272159516813,2.));
#5558=CARTESIAN_POINT('',(2.09754327529848,23.1272159516813,1.9));
#5559=CARTESIAN_POINT('Ctrl Pts',(1.93246940368594,23.2499988377096,1.9));
#5560=CARTESIAN_POINT('Ctrl Pts',(1.96628829485528,23.2342066679823,1.9));
#5561=CARTESIAN_POINT('Ctrl Pts',(2.02984027596099,23.20453024639,1.9));
#5562=CARTESIAN_POINT('Ctrl Pts',(2.07596405210901,23.1518586179972,1.9));
#5563=CARTESIAN_POINT('Ctrl Pts',(2.09754327529848,23.1272159516813,1.9));
#5564=CARTESIAN_POINT('',(2.09754327529848,23.1272159516813,2.));
#5565=CARTESIAN_POINT('Ctrl Pts',(2.09754327529848,23.1272159516813,1.9));
#5566=CARTESIAN_POINT('Ctrl Pts',(2.09754327529848,23.1272159516813,2.));
#5567=CARTESIAN_POINT('Ctrl Pts',(2.11448375252314,23.0999910204943,1.9));
#5568=CARTESIAN_POINT('Ctrl Pts',(2.11448375252314,23.0999910204943,2.));
#5569=CARTESIAN_POINT('Ctrl Pts',(2.14957178546035,23.0436012701033,1.9));
#5570=CARTESIAN_POINT('Ctrl Pts',(2.14957178546035,23.0436012701033,2.));
#5571=CARTESIAN_POINT('Ctrl Pts',(2.16563448506846,22.979119759573,1.9));
#5572=CARTESIAN_POINT('Ctrl Pts',(2.16563448506846,22.979119759573,2.));
#5573=CARTESIAN_POINT('Ctrl Pts',(2.17394212478578,22.9457698762418,1.9));
#5574=CARTESIAN_POINT('Ctrl Pts',(2.17394212478578,22.9457698762418,2.));
#5575=CARTESIAN_POINT('',(2.17394212478578,22.9457698762418,1.9));
#5576=CARTESIAN_POINT('Ctrl Pts',(2.09754327529848,23.1272159516813,1.9));
#5577=CARTESIAN_POINT('Ctrl Pts',(2.11448375252314,23.0999910204943,1.9));
#5578=CARTESIAN_POINT('Ctrl Pts',(2.14957178546035,23.0436012701033,1.9));
#5579=CARTESIAN_POINT('Ctrl Pts',(2.16563448506846,22.979119759573,1.9));
#5580=CARTESIAN_POINT('Ctrl Pts',(2.17394212478578,22.9457698762418,1.9));
#5581=CARTESIAN_POINT('',(2.17394212478578,22.9457698762418,2.));
#5582=CARTESIAN_POINT('Ctrl Pts',(2.17394212478578,22.9457698762418,1.9));
#5583=CARTESIAN_POINT('Ctrl Pts',(2.17394212478578,22.9457698762418,2.));
#5584=CARTESIAN_POINT('Ctrl Pts',(2.17787859452265,22.9145404836355,1.9));
#5585=CARTESIAN_POINT('Ctrl Pts',(2.17787859452265,22.9145404836355,2.));
#5586=CARTESIAN_POINT('Ctrl Pts',(2.18786451278141,22.8353186979535,1.9));
#5587=CARTESIAN_POINT('Ctrl Pts',(2.18786451278141,22.8353186979535,2.));
#5588=CARTESIAN_POINT('Ctrl Pts',(2.18769009675075,22.7554244394187,1.9));
#5589=CARTESIAN_POINT('Ctrl Pts',(2.18769009675075,22.7554244394187,2.));
#5590=CARTESIAN_POINT('Ctrl Pts',(2.18758443588197,22.7070246636869,1.9));
#5591=CARTESIAN_POINT('Ctrl Pts',(2.18758443588197,22.7070246636869,2.));
#5592=CARTESIAN_POINT('',(2.18758443588197,22.7070246636869,1.9));
#5593=CARTESIAN_POINT('Ctrl Pts',(2.17394212478578,22.9457698762418,1.9));
#5594=CARTESIAN_POINT('Ctrl Pts',(2.17787859452265,22.9145404836355,1.9));
#5595=CARTESIAN_POINT('Ctrl Pts',(2.18786451278141,22.8353186979535,1.9));
#5596=CARTESIAN_POINT('Ctrl Pts',(2.18769009675075,22.7554244394187,1.9));
#5597=CARTESIAN_POINT('Ctrl Pts',(2.18758443588197,22.7070246636869,1.9));
#5598=CARTESIAN_POINT('',(2.18758443588197,22.7070246636869,2.));
#5599=CARTESIAN_POINT('Origin',(2.18758443588195,22.2615949809553,2.));
#5600=CARTESIAN_POINT('',(2.18758443588194,21.8161652982237,1.9));
#5601=CARTESIAN_POINT('',(2.18758443588197,22.7070246636869,1.9));
#5602=CARTESIAN_POINT('',(2.18758443588194,21.8161652982237,2.));
#5603=CARTESIAN_POINT('Origin',(2.06480125183042,21.8161652982237,2.));
#5604=CARTESIAN_POINT('',(1.94201806777891,21.8161652982237,1.9));
#5605=CARTESIAN_POINT('',(2.18758443588194,21.8161652982237,1.9));
#5606=CARTESIAN_POINT('',(1.94201806777891,21.8161652982237,2.));
#5607=CARTESIAN_POINT('Origin',(1.94201806777892,22.2568200528623,2.));
#5608=CARTESIAN_POINT('',(1.94201806777894,22.697474807501,1.9));
#5609=CARTESIAN_POINT('',(1.94201806777891,21.8161652982237,1.9));
#5610=CARTESIAN_POINT('',(1.94201806777894,22.697474807501,2.));
#5611=CARTESIAN_POINT('Ctrl Pts',(1.94201806777894,22.697474807501,1.9));
#5612=CARTESIAN_POINT('Ctrl Pts',(1.94201806777894,22.697474807501,2.));
#5613=CARTESIAN_POINT('Ctrl Pts',(1.94179691049321,22.7414387634503,1.9));
#5614=CARTESIAN_POINT('Ctrl Pts',(1.94179691049321,22.7414387634503,2.));
#5615=CARTESIAN_POINT('Ctrl Pts',(1.94141519263927,22.8173206267155,1.9));
#5616=CARTESIAN_POINT('Ctrl Pts',(1.94141519263927,22.8173206267155,2.));
#5617=CARTESIAN_POINT('Ctrl Pts',(1.92167354675923,22.8904522673091,1.9));
#5618=CARTESIAN_POINT('Ctrl Pts',(1.92167354675923,22.8904522673091,2.));
#5619=CARTESIAN_POINT('Ctrl Pts',(1.9133696913141,22.9212133586408,1.9));
#5620=CARTESIAN_POINT('Ctrl Pts',(1.9133696913141,22.9212133586408,2.));
#5621=CARTESIAN_POINT('',(1.9133696913141,22.9212133586408,1.9));
#5622=CARTESIAN_POINT('Ctrl Pts',(1.94201806777894,22.697474807501,1.9));
#5623=CARTESIAN_POINT('Ctrl Pts',(1.94179691049321,22.7414387634503,1.9));
#5624=CARTESIAN_POINT('Ctrl Pts',(1.94141519263927,22.8173206267155,1.9));
#5625=CARTESIAN_POINT('Ctrl Pts',(1.92167354675923,22.8904522673091,1.9));
#5626=CARTESIAN_POINT('Ctrl Pts',(1.9133696913141,22.9212133586408,1.9));
#5627=CARTESIAN_POINT('',(1.9133696913141,22.9212133586408,2.));
#5628=CARTESIAN_POINT('Ctrl Pts',(1.9133696913141,22.9212133586408,1.9));
#5629=CARTESIAN_POINT('Ctrl Pts',(1.9133696913141,22.9212133586408,2.));
#5630=CARTESIAN_POINT('Ctrl Pts',(1.90173634380211,22.945038952919,1.9));
#5631=CARTESIAN_POINT('Ctrl Pts',(1.90173634380211,22.945038952919,2.));
#5632=CARTESIAN_POINT('Ctrl Pts',(1.87805664763036,22.9935359855259,1.9));
#5633=CARTESIAN_POINT('Ctrl Pts',(1.87805664763036,22.9935359855259,2.));
#5634=CARTESIAN_POINT('Ctrl Pts',(1.8336437359091,23.0242689833841,1.9));
#5635=CARTESIAN_POINT('Ctrl Pts',(1.8336437359091,23.0242689833841,2.));
#5636=CARTESIAN_POINT('Ctrl Pts',(1.81104997390688,23.0399034917356,1.9));
#5637=CARTESIAN_POINT('Ctrl Pts',(1.81104997390688,23.0399034917356,2.));
#5638=CARTESIAN_POINT('',(1.81104997390688,23.0399034917356,1.9));
#5639=CARTESIAN_POINT('Ctrl Pts',(1.9133696913141,22.9212133586408,1.9));
#5640=CARTESIAN_POINT('Ctrl Pts',(1.90173634380211,22.945038952919,1.9));
#5641=CARTESIAN_POINT('Ctrl Pts',(1.87805664763036,22.9935359855259,1.9));
#5642=CARTESIAN_POINT('Ctrl Pts',(1.8336437359091,23.0242689833841,1.9));
#5643=CARTESIAN_POINT('Ctrl Pts',(1.81104997390688,23.0399034917356,1.9));
#5644=CARTESIAN_POINT('',(1.81104997390688,23.0399034917356,2.));
#5645=CARTESIAN_POINT('Ctrl Pts',(1.81104997390688,23.0399034917356,1.9));
#5646=CARTESIAN_POINT('Ctrl Pts',(1.81104997390688,23.0399034917356,2.));
#5647=CARTESIAN_POINT('Ctrl Pts',(1.78529278804883,23.0530292303581,1.9));
#5648=CARTESIAN_POINT('Ctrl Pts',(1.78529278804883,23.0530292303581,2.));
#5649=CARTESIAN_POINT('Ctrl Pts',(1.73175978803901,23.0803093909192,1.9));
#5650=CARTESIAN_POINT('Ctrl Pts',(1.73175978803901,23.0803093909192,2.));
#5651=CARTESIAN_POINT('Ctrl Pts',(1.67168746792563,23.0833474596978,1.9));
#5652=CARTESIAN_POINT('Ctrl Pts',(1.67168746792563,23.0833474596978,2.));
#5653=CARTESIAN_POINT('Ctrl Pts',(1.6405187010187,23.0849237740042,1.9));
#5654=CARTESIAN_POINT('Ctrl Pts',(1.6405187010187,23.0849237740042,2.));
#5655=CARTESIAN_POINT('',(1.6405187010187,23.0849237740042,1.9));
#5656=CARTESIAN_POINT('Ctrl Pts',(1.81104997390688,23.0399034917356,1.9));
#5657=CARTESIAN_POINT('Ctrl Pts',(1.78529278804883,23.0530292303581,1.9));
#5658=CARTESIAN_POINT('Ctrl Pts',(1.73175978803901,23.0803093909192,1.9));
#5659=CARTESIAN_POINT('Ctrl Pts',(1.67168746792563,23.0833474596978,1.9));
#5660=CARTESIAN_POINT('Ctrl Pts',(1.6405187010187,23.0849237740042,1.9));
#5661=CARTESIAN_POINT('',(1.6405187010187,23.0849237740042,2.));
#5662=CARTESIAN_POINT('Ctrl Pts',(1.6405187010187,23.0849237740042,1.9));
#5663=CARTESIAN_POINT('Ctrl Pts',(1.6405187010187,23.0849237740042,2.));
#5664=CARTESIAN_POINT('Ctrl Pts',(1.5901599595067,23.08092619606,1.9));
#5665=CARTESIAN_POINT('Ctrl Pts',(1.5901599595067,23.08092619606,2.));
#5666=CARTESIAN_POINT('Ctrl Pts',(1.49034462892045,23.0730026548425,1.9));
#5667=CARTESIAN_POINT('Ctrl Pts',(1.49034462892045,23.0730026548425,2.));
#5668=CARTESIAN_POINT('Ctrl Pts',(1.40922479346078,23.0143796393095,1.9));
#5669=CARTESIAN_POINT('Ctrl Pts',(1.40922479346078,23.0143796393095,2.));
#5670=CARTESIAN_POINT('Ctrl Pts',(1.36903146499574,22.985333055258,1.9));
#5671=CARTESIAN_POINT('Ctrl Pts',(1.36903146499574,22.985333055258,2.));
#5672=CARTESIAN_POINT('',(1.36903146499574,22.985333055258,1.9));
#5673=CARTESIAN_POINT('Ctrl Pts',(1.6405187010187,23.0849237740042,1.9));
#5674=CARTESIAN_POINT('Ctrl Pts',(1.5901599595067,23.08092619606,1.9));
#5675=CARTESIAN_POINT('Ctrl Pts',(1.49034462892045,23.0730026548425,1.9));
#5676=CARTESIAN_POINT('Ctrl Pts',(1.40922479346078,23.0143796393095,1.9));
#5677=CARTESIAN_POINT('Ctrl Pts',(1.36903146499574,22.985333055258,1.9));
#5678=CARTESIAN_POINT('',(1.36903146499574,22.985333055258,2.));
#5679=CARTESIAN_POINT('Ctrl Pts',(1.36903146499574,22.985333055258,1.9));
#5680=CARTESIAN_POINT('Ctrl Pts',(1.36903146499574,22.985333055258,2.));
#5681=CARTESIAN_POINT('Ctrl Pts',(1.33623489766044,22.9387619044405,1.9));
#5682=CARTESIAN_POINT('Ctrl Pts',(1.33623489766044,22.9387619044405,2.));
#5683=CARTESIAN_POINT('Ctrl Pts',(1.25733432398157,22.8267230291881,1.9));
#5684=CARTESIAN_POINT('Ctrl Pts',(1.25733432398157,22.8267230291881,2.));
#5685=CARTESIAN_POINT('Ctrl Pts',(1.2563647113175,22.6883120123172,1.9));
#5686=CARTESIAN_POINT('Ctrl Pts',(1.2563647113175,22.6883120123172,2.));
#5687=CARTESIAN_POINT('Ctrl Pts',(1.25579813713013,22.607434242964,1.9));
#5688=CARTESIAN_POINT('Ctrl Pts',(1.25579813713013,22.607434242964,2.));
#5689=CARTESIAN_POINT('',(1.25579813713013,22.607434242964,1.9));
#5690=CARTESIAN_POINT('Ctrl Pts',(1.36903146499574,22.985333055258,1.9));
#5691=CARTESIAN_POINT('Ctrl Pts',(1.33623489766044,22.9387619044405,1.9));
#5692=CARTESIAN_POINT('Ctrl Pts',(1.25733432398157,22.8267230291881,1.9));
#5693=CARTESIAN_POINT('Ctrl Pts',(1.2563647113175,22.6883120123172,1.9));
#5694=CARTESIAN_POINT('Ctrl Pts',(1.25579813713013,22.607434242964,1.9));
#5695=CARTESIAN_POINT('',(1.25579813713013,22.607434242964,2.));
#5696=CARTESIAN_POINT('Origin',(1.25579813713012,22.2117997705938,2.));
#5697=CARTESIAN_POINT('',(1.25579813713013,22.607434242964,1.9));
#5698=CARTESIAN_POINT('Origin',(0.,0.,1.9));
#5699=CARTESIAN_POINT('Ctrl Pts',(2.99249628776488,22.0262609422208,1.9));
#5700=CARTESIAN_POINT('Ctrl Pts',(2.99249628776488,22.0262609422208,2.));
#5701=CARTESIAN_POINT('Ctrl Pts',(3.00831884227107,22.026822391075,1.9));
#5702=CARTESIAN_POINT('Ctrl Pts',(3.00831884227107,22.026822391075,2.));
#5703=CARTESIAN_POINT('Ctrl Pts',(3.04440475692781,22.028102866704,1.9));
#5704=CARTESIAN_POINT('Ctrl Pts',(3.04440475692781,22.028102866704,2.));
#5705=CARTESIAN_POINT('Ctrl Pts',(3.08018211711028,22.0330390041531,1.9));
#5706=CARTESIAN_POINT('Ctrl Pts',(3.08018211711028,22.0330390041531,2.));
#5707=CARTESIAN_POINT('Ctrl Pts',(3.10027221435485,22.0358107984067,1.9));
#5708=CARTESIAN_POINT('Ctrl Pts',(3.10027221435485,22.0358107984067,2.));
#5709=CARTESIAN_POINT('',(2.99249628776488,22.0262609422208,1.9));
#5710=CARTESIAN_POINT('',(3.10027221435485,22.0358107984067,1.9));
#5711=CARTESIAN_POINT('Ctrl Pts',(2.99249628776488,22.0262609422208,1.9));
#5712=CARTESIAN_POINT('Ctrl Pts',(3.00831884227107,22.026822391075,1.9));
#5713=CARTESIAN_POINT('Ctrl Pts',(3.04440475692781,22.028102866704,1.9));
#5714=CARTESIAN_POINT('Ctrl Pts',(3.08018211711028,22.0330390041531,1.9));
#5715=CARTESIAN_POINT('Ctrl Pts',(3.10027221435485,22.0358107984067,1.9));
#5716=CARTESIAN_POINT('',(3.10027221435485,22.0358107984067,2.));
#5717=CARTESIAN_POINT('',(2.99249628776488,22.0262609422208,2.));
#5718=CARTESIAN_POINT('Origin',(3.11800757640776,21.9273523986341,2.));
#5719=CARTESIAN_POINT('',(3.13574293846067,21.8188939988614,1.9));
#5720=CARTESIAN_POINT('',(3.10027221435485,22.0358107984067,1.9));
#5721=CARTESIAN_POINT('',(3.13574293846067,21.8188939988614,2.));
#5722=CARTESIAN_POINT('Ctrl Pts',(3.13574293846067,21.8188939988614,1.9));
#5723=CARTESIAN_POINT('Ctrl Pts',(3.13574293846067,21.8188939988614,2.));
#5724=CARTESIAN_POINT('Ctrl Pts',(3.10310353232661,21.812535360562,1.9));
#5725=CARTESIAN_POINT('Ctrl Pts',(3.10310353232661,21.812535360562,2.));
#5726=CARTESIAN_POINT('Ctrl Pts',(3.04179086185667,21.8005907469532,1.9));
#5727=CARTESIAN_POINT('Ctrl Pts',(3.04179086185667,21.8005907469532,2.));
#5728=CARTESIAN_POINT('Ctrl Pts',(2.97938766439988,21.7981888489074,1.9));
#5729=CARTESIAN_POINT('Ctrl Pts',(2.97938766439988,21.7981888489074,2.));
#5730=CARTESIAN_POINT('Ctrl Pts',(2.95020440811094,21.7970655858518,1.9));
#5731=CARTESIAN_POINT('Ctrl Pts',(2.95020440811094,21.7970655858518,2.));
#5732=CARTESIAN_POINT('',(2.95020440811094,21.7970655858518,1.9));
#5733=CARTESIAN_POINT('Ctrl Pts',(3.13574293846067,21.8188939988614,1.9));
#5734=CARTESIAN_POINT('Ctrl Pts',(3.10310353232661,21.812535360562,1.9));
#5735=CARTESIAN_POINT('Ctrl Pts',(3.04179086185667,21.8005907469532,1.9));
#5736=CARTESIAN_POINT('Ctrl Pts',(2.97938766439988,21.7981888489074,1.9));
#5737=CARTESIAN_POINT('Ctrl Pts',(2.95020440811094,21.7970655858518,1.9));
#5738=CARTESIAN_POINT('',(2.95020440811094,21.7970655858518,2.));
#5739=CARTESIAN_POINT('Ctrl Pts',(2.95020440811094,21.7970655858518,1.9));
#5740=CARTESIAN_POINT('Ctrl Pts',(2.95020440811094,21.7970655858518,2.));
#5741=CARTESIAN_POINT('Ctrl Pts',(2.91003694952928,21.7978383877505,1.9));
#5742=CARTESIAN_POINT('Ctrl Pts',(2.91003694952928,21.7978383877505,2.));
#5743=CARTESIAN_POINT('Ctrl Pts',(2.83812259796369,21.7992219840595,1.9));
#5744=CARTESIAN_POINT('Ctrl Pts',(2.83812259796369,21.7992219840595,2.));
#5745=CARTESIAN_POINT('Ctrl Pts',(2.77201912217996,21.8270657277414,1.9));
#5746=CARTESIAN_POINT('Ctrl Pts',(2.77201912217996,21.8270657277414,2.));
#5747=CARTESIAN_POINT('Ctrl Pts',(2.74283746475157,21.8393574655057,1.9));
#5748=CARTESIAN_POINT('Ctrl Pts',(2.74283746475157,21.8393574655057,2.));
#5749=CARTESIAN_POINT('',(2.74283746475157,21.8393574655057,1.9));
#5750=CARTESIAN_POINT('Ctrl Pts',(2.95020440811094,21.7970655858518,1.9));
#5751=CARTESIAN_POINT('Ctrl Pts',(2.91003694952928,21.7978383877505,1.9));
#5752=CARTESIAN_POINT('Ctrl Pts',(2.83812259796369,21.7992219840595,1.9));
#5753=CARTESIAN_POINT('Ctrl Pts',(2.77201912217996,21.8270657277414,1.9));
#5754=CARTESIAN_POINT('Ctrl Pts',(2.74283746475157,21.8393574655057,1.9));
#5755=CARTESIAN_POINT('',(2.74283746475157,21.8393574655057,2.));
#5756=CARTESIAN_POINT('Ctrl Pts',(2.74283746475157,21.8393574655057,1.9));
#5757=CARTESIAN_POINT('Ctrl Pts',(2.74283746475157,21.8393574655057,2.));
#5758=CARTESIAN_POINT('Ctrl Pts',(2.72029338263718,21.8541074744946,1.9));
#5759=CARTESIAN_POINT('Ctrl Pts',(2.72029338263718,21.8541074744946,2.));
#5760=CARTESIAN_POINT('Ctrl Pts',(2.67674049890227,21.8826029982122,1.9));
#5761=CARTESIAN_POINT('Ctrl Pts',(2.67674049890227,21.8826029982122,2.));
#5762=CARTESIAN_POINT('Ctrl Pts',(2.65138489194405,21.927975938327,1.9));
#5763=CARTESIAN_POINT('Ctrl Pts',(2.65138489194405,21.927975938327,2.));
#5764=CARTESIAN_POINT('Ctrl Pts',(2.63915399307188,21.94986268878,1.9));
#5765=CARTESIAN_POINT('Ctrl Pts',(2.63915399307188,21.94986268878,2.));
#5766=CARTESIAN_POINT('',(2.63915399307188,21.94986268878,1.9));
#5767=CARTESIAN_POINT('Ctrl Pts',(2.74283746475157,21.8393574655057,1.9));
#5768=CARTESIAN_POINT('Ctrl Pts',(2.72029338263718,21.8541074744946,1.9));
#5769=CARTESIAN_POINT('Ctrl Pts',(2.67674049890227,21.8826029982122,1.9));
#5770=CARTESIAN_POINT('Ctrl Pts',(2.65138489194405,21.927975938327,1.9));
#5771=CARTESIAN_POINT('Ctrl Pts',(2.63915399307188,21.94986268878,1.9));
#5772=CARTESIAN_POINT('',(2.63915399307188,21.94986268878,2.));
#5773=CARTESIAN_POINT('Ctrl Pts',(2.63915399307188,21.94986268878,1.9));
#5774=CARTESIAN_POINT('Ctrl Pts',(2.63915399307188,21.94986268878,2.));
#5775=CARTESIAN_POINT('Ctrl Pts',(2.63052590548428,21.9855344677431,1.9));
#5776=CARTESIAN_POINT('Ctrl Pts',(2.63052590548428,21.9855344677431,2.));
#5777=CARTESIAN_POINT('Ctrl Pts',(2.6074894888021,22.0807757313074,1.9));
#5778=CARTESIAN_POINT('Ctrl Pts',(2.6074894888021,22.0807757313074,2.));
#5779=CARTESIAN_POINT('Ctrl Pts',(2.60850458027417,22.1790084959251,1.9));
#5780=CARTESIAN_POINT('Ctrl Pts',(2.60850458027417,22.1790084959251,2.));
#5781=CARTESIAN_POINT('Ctrl Pts',(2.6091394781488,22.2404490411283,1.9));
#5782=CARTESIAN_POINT('Ctrl Pts',(2.6091394781488,22.2404490411283,2.));
#5783=CARTESIAN_POINT('',(2.6091394781488,22.2404490411283,1.9));
#5784=CARTESIAN_POINT('Ctrl Pts',(2.63915399307188,21.94986268878,1.9));
#5785=CARTESIAN_POINT('Ctrl Pts',(2.63052590548428,21.9855344677431,1.9));
#5786=CARTESIAN_POINT('Ctrl Pts',(2.6074894888021,22.0807757313074,1.9));
#5787=CARTESIAN_POINT('Ctrl Pts',(2.60850458027417,22.1790084959251,1.9));
#5788=CARTESIAN_POINT('Ctrl Pts',(2.6091394781488,22.2404490411283,1.9));
#5789=CARTESIAN_POINT('',(2.6091394781488,22.2404490411283,2.));
#5790=CARTESIAN_POINT('Origin',(2.60913947814881,22.6572294533254,2.));
#5791=CARTESIAN_POINT('',(2.60913947814883,23.0740098655225,1.9));
#5792=CARTESIAN_POINT('',(2.6091394781488,22.2404490411283,1.9));
#5793=CARTESIAN_POINT('',(2.60913947814883,23.0740098655225,2.));
#5794=CARTESIAN_POINT('Origin',(2.51909891361178,23.0740098655225,2.));
#5795=CARTESIAN_POINT('',(2.42905834907473,23.0740098655225,1.9));
#5796=CARTESIAN_POINT('',(2.60913947814883,23.0740098655225,1.9));
#5797=CARTESIAN_POINT('',(2.42905834907473,23.0740098655225,2.));
#5798=CARTESIAN_POINT('Origin',(2.42905834907473,23.1695078313352,2.));
#5799=CARTESIAN_POINT('',(2.42905834907473,23.2650057971479,1.9));
#5800=CARTESIAN_POINT('',(2.42905834907473,23.0740098655225,1.9));
#5801=CARTESIAN_POINT('',(2.42905834907473,23.2650057971479,2.));
#5802=CARTESIAN_POINT('Origin',(2.51909891361178,23.2650057971479,2.));
#5803=CARTESIAN_POINT('',(2.60913947814883,23.2650057971479,1.9));
#5804=CARTESIAN_POINT('',(2.42905834907473,23.2650057971479,1.9));
#5805=CARTESIAN_POINT('',(2.60913947814883,23.2650057971479,2.));
#5806=CARTESIAN_POINT('Origin',(2.60913947814884,23.444405347109,2.));
#5807=CARTESIAN_POINT('',(2.60913947814884,23.6238048970701,1.9));
#5808=CARTESIAN_POINT('',(2.60913947814883,23.2650057971479,1.9));
#5809=CARTESIAN_POINT('',(2.60913947814884,23.6238048970701,2.));
#5810=CARTESIAN_POINT('Origin',(2.73124078506413,23.6974747478963,2.));
#5811=CARTESIAN_POINT('',(2.85334209197941,23.7711445987226,1.9));
#5812=CARTESIAN_POINT('',(2.60913947814884,23.6238048970701,1.9));
#5813=CARTESIAN_POINT('',(2.85334209197941,23.7711445987226,2.));
#5814=CARTESIAN_POINT('Origin',(2.85334209197941,23.5180751979352,2.));
#5815=CARTESIAN_POINT('',(2.8533420919794,23.2650057971479,1.9));
#5816=CARTESIAN_POINT('',(2.85334209197941,23.7711445987226,1.9));
#5817=CARTESIAN_POINT('',(2.8533420919794,23.2650057971479,2.));
#5818=CARTESIAN_POINT('Origin',(2.97680715316714,23.2650057971479,2.));
#5819=CARTESIAN_POINT('',(3.10027221435488,23.2650057971479,1.9));
#5820=CARTESIAN_POINT('',(2.8533420919794,23.2650057971479,1.9));
#5821=CARTESIAN_POINT('',(3.10027221435488,23.2650057971479,2.));
#5822=CARTESIAN_POINT('Origin',(3.10027221435488,23.1695078313352,2.));
#5823=CARTESIAN_POINT('',(3.10027221435488,23.0740098655225,1.9));
#5824=CARTESIAN_POINT('',(3.10027221435488,23.2650057971479,1.9));
#5825=CARTESIAN_POINT('',(3.10027221435488,23.0740098655225,2.));
#5826=CARTESIAN_POINT('Origin',(2.97680715316713,23.0740098655225,2.));
#5827=CARTESIAN_POINT('',(2.85334209197939,23.0740098655225,1.9));
#5828=CARTESIAN_POINT('',(3.10027221435488,23.0740098655225,1.9));
#5829=CARTESIAN_POINT('',(2.85334209197939,23.0740098655225,2.));
#5830=CARTESIAN_POINT('Origin',(2.85334209197938,22.6504082977773,2.));
#5831=CARTESIAN_POINT('',(2.85334209197936,22.2268067300321,1.9));
#5832=CARTESIAN_POINT('',(2.85334209197939,23.0740098655225,1.9));
#5833=CARTESIAN_POINT('',(2.85334209197936,22.2268067300321,2.));
#5834=CARTESIAN_POINT('Ctrl Pts',(2.85334209197936,22.2268067300321,1.9));
#5835=CARTESIAN_POINT('Ctrl Pts',(2.85334209197936,22.2268067300321,2.));
#5836=CARTESIAN_POINT('Ctrl Pts',(2.85299479125322,22.1978908376733,1.9));
#5837=CARTESIAN_POINT('Ctrl Pts',(2.85299479125322,22.1978908376733,2.));
#5838=CARTESIAN_POINT('Ctrl Pts',(2.85244784540862,22.1523527032035,1.9));
#5839=CARTESIAN_POINT('Ctrl Pts',(2.85244784540862,22.1523527032035,2.));
#5840=CARTESIAN_POINT('Ctrl Pts',(2.86209812305039,22.107952035383,1.9));
#5841=CARTESIAN_POINT('Ctrl Pts',(2.86209812305039,22.107952035383,2.));
#5842=CARTESIAN_POINT('Ctrl Pts',(2.86562064880309,22.0917449891569,1.9));
#5843=CARTESIAN_POINT('Ctrl Pts',(2.86562064880309,22.0917449891569,2.));
#5844=CARTESIAN_POINT('',(2.86562064880309,22.0917449891569,1.9));
#5845=CARTESIAN_POINT('Ctrl Pts',(2.85334209197936,22.2268067300321,1.9));
#5846=CARTESIAN_POINT('Ctrl Pts',(2.85299479125322,22.1978908376733,1.9));
#5847=CARTESIAN_POINT('Ctrl Pts',(2.85244784540862,22.1523527032035,1.9));
#5848=CARTESIAN_POINT('Ctrl Pts',(2.86209812305039,22.107952035383,1.9));
#5849=CARTESIAN_POINT('Ctrl Pts',(2.86562064880309,22.0917449891569,1.9));
#5850=CARTESIAN_POINT('',(2.86562064880309,22.0917449891569,2.));
#5851=CARTESIAN_POINT('Ctrl Pts',(2.86562064880309,22.0917449891569,1.9));
#5852=CARTESIAN_POINT('Ctrl Pts',(2.86562064880309,22.0917449891569,2.));
#5853=CARTESIAN_POINT('Ctrl Pts',(2.87082071846924,22.0822349571149,1.9));
#5854=CARTESIAN_POINT('Ctrl Pts',(2.87082071846924,22.0822349571149,2.));
#5855=CARTESIAN_POINT('Ctrl Pts',(2.88128166918434,22.0631036794827,1.9));
#5856=CARTESIAN_POINT('Ctrl Pts',(2.88128166918434,22.0631036794827,2.));
#5857=CARTESIAN_POINT('Ctrl Pts',(2.89900123968561,22.0503900648508,1.9));
#5858=CARTESIAN_POINT('Ctrl Pts',(2.89900123968561,22.0503900648508,2.));
#5859=CARTESIAN_POINT('Ctrl Pts',(2.90791252845702,22.0439963042737,1.9));
#5860=CARTESIAN_POINT('Ctrl Pts',(2.90791252845702,22.0439963042737,2.));
#5861=CARTESIAN_POINT('',(2.90791252845702,22.0439963042737,1.9));
#5862=CARTESIAN_POINT('Ctrl Pts',(2.86562064880309,22.0917449891569,1.9));
#5863=CARTESIAN_POINT('Ctrl Pts',(2.87082071846924,22.0822349571149,1.9));
#5864=CARTESIAN_POINT('Ctrl Pts',(2.88128166918434,22.0631036794827,1.9));
#5865=CARTESIAN_POINT('Ctrl Pts',(2.89900123968561,22.0503900648508,1.9));
#5866=CARTESIAN_POINT('Ctrl Pts',(2.90791252845702,22.0439963042737,1.9));
#5867=CARTESIAN_POINT('',(2.90791252845702,22.0439963042737,2.));
#5868=CARTESIAN_POINT('Ctrl Pts',(2.90791252845702,22.0439963042737,1.9));
#5869=CARTESIAN_POINT('Ctrl Pts',(2.90791252845702,22.0439963042737,2.));
#5870=CARTESIAN_POINT('Ctrl Pts',(2.91980067927134,22.038841385655,1.9));
#5871=CARTESIAN_POINT('Ctrl Pts',(2.91980067927134,22.038841385655,2.));
#5872=CARTESIAN_POINT('Ctrl Pts',(2.94669755936859,22.0271784087828,1.9));
#5873=CARTESIAN_POINT('Ctrl Pts',(2.94669755936859,22.0271784087828,2.));
#5874=CARTESIAN_POINT('Ctrl Pts',(2.97609321604801,22.0265895380212,1.9));
#5875=CARTESIAN_POINT('Ctrl Pts',(2.97609321604801,22.0265895380212,2.));
#5876=CARTESIAN_POINT('Ctrl Pts',(2.99249628776488,22.0262609422208,1.9));
#5877=CARTESIAN_POINT('Ctrl Pts',(2.99249628776488,22.0262609422208,2.));
#5878=CARTESIAN_POINT('Ctrl Pts',(2.90791252845702,22.0439963042737,1.9));
#5879=CARTESIAN_POINT('Ctrl Pts',(2.91980067927134,22.038841385655,1.9));
#5880=CARTESIAN_POINT('Ctrl Pts',(2.94669755936859,22.0271784087828,1.9));
#5881=CARTESIAN_POINT('Ctrl Pts',(2.97609321604801,22.0265895380212,1.9));
#5882=CARTESIAN_POINT('Ctrl Pts',(2.99249628776488,22.0262609422208,1.9));
#5883=CARTESIAN_POINT('Origin',(0.,0.,1.9));
#5884=CARTESIAN_POINT('Origin',(-19.,-21.5,1.));
#5885=CARTESIAN_POINT('',(-17.5,-21.5,1.));
#5886=CARTESIAN_POINT('Origin',(19.,21.5,1.));
#5887=CARTESIAN_POINT('',(20.5,21.5,1.));
#5888=CARTESIAN_POINT('Origin',(-19.,21.5,1.));
#5889=CARTESIAN_POINT('',(-17.5,21.5,1.));
#5890=CARTESIAN_POINT('Origin',(19.,-21.5,1.));
#5891=CARTESIAN_POINT('',(20.5,-21.5,1.));
#5892=CARTESIAN_POINT('Origin',(12.,-13.,0.));
#5893=CARTESIAN_POINT('',(12.,-13.,0.));
#5894=CARTESIAN_POINT('',(12.,0.,0.));
#5895=CARTESIAN_POINT('Origin',(12.,0.,0.));
#5896=CARTESIAN_POINT('',(12.,9.99999997019768,0.));
#5897=CARTESIAN_POINT('Origin',(12.,9.99999997019768,0.));
#5898=CARTESIAN_POINT('',(-12.,9.99999997019768,0.));
#5899=CARTESIAN_POINT('Origin',(-12.,9.99999997019768,0.));
#5900=CARTESIAN_POINT('',(-12.,1.83697019872103E-16,0.));
#5901=CARTESIAN_POINT('Origin',(-12.,0.,0.));
#5902=CARTESIAN_POINT('',(-12.,-13.,0.));
#5903=CARTESIAN_POINT('Origin',(-12.,-13.,0.));
#5904=CARTESIAN_POINT('',(-12.,-15.0000000298023,0.));
#5905=CARTESIAN_POINT('Origin',(-12.,-15.0000000298023,0.));
#5906=CARTESIAN_POINT('',(12.,-15.0000000298023,0.));
#5907=CARTESIAN_POINT('Origin',(12.,-15.0000000298023,0.));
#5908=CARTESIAN_POINT('',(0.,0.,0.));
#5909=CARTESIAN_POINT('Origin',(-10.5,-13.,2.));
#5910=CARTESIAN_POINT('',(-9.5,-13.,0.));
#5911=CARTESIAN_POINT('Origin',(-10.5,-13.,0.));
#5912=CARTESIAN_POINT('',(-9.5,-13.,2.5));
#5913=CARTESIAN_POINT('',(-9.5,-13.,2.));
#5914=CARTESIAN_POINT('Origin',(-10.5,-13.,2.5));
#5915=CARTESIAN_POINT('Origin',(10.5,0.,2.));
#5916=CARTESIAN_POINT('',(11.5,1.22464679914735E-16,0.));
#5917=CARTESIAN_POINT('Origin',(10.5,0.,0.));
#5918=CARTESIAN_POINT('',(11.5,1.22464679914735E-16,4.));
#5919=CARTESIAN_POINT('',(11.5,1.22464679914735E-16,2.));
#5920=CARTESIAN_POINT('Origin',(10.5,0.,4.));
#5921=CARTESIAN_POINT('Origin',(10.5,0.,4.));
#5922=CARTESIAN_POINT('Origin',(-10.5,0.,2.));
#5923=CARTESIAN_POINT('',(-9.5,1.22464679914735E-16,0.));
#5924=CARTESIAN_POINT('Origin',(-10.5,0.,0.));
#5925=CARTESIAN_POINT('',(-9.5,1.22464679914735E-16,4.));
#5926=CARTESIAN_POINT('',(-9.5,1.22464679914735E-16,2.));
#5927=CARTESIAN_POINT('Origin',(-10.5,0.,4.));
#5928=CARTESIAN_POINT('Origin',(-10.5,0.,4.));
#5929=CARTESIAN_POINT('Origin',(10.5,-13.,2.));
#5930=CARTESIAN_POINT('',(11.5,-13.,0.));
#5931=CARTESIAN_POINT('Origin',(10.5,-13.,0.));
#5932=CARTESIAN_POINT('',(11.5,-13.,2.5));
#5933=CARTESIAN_POINT('',(11.5,-13.,2.));
#5934=CARTESIAN_POINT('Origin',(10.5,-13.,2.5));
#5935=CARTESIAN_POINT('Origin',(-6.24999418789543,-6.24999418790098,0.));
#5936=CARTESIAN_POINT('',(-6.24999418789543,-6.24999418790098,0.));
#5937=CARTESIAN_POINT('',(6.25000581210456,-6.24999418790098,0.));
#5938=CARTESIAN_POINT('',(-19.3749970939478,-6.24999418790098,0.));
#5939=CARTESIAN_POINT('',(-6.24999418789543,-6.24999418790098,4.));
#5940=CARTESIAN_POINT('',(-6.24999418789543,-6.24999418790098,0.));
#5941=CARTESIAN_POINT('',(6.25000581210456,-6.24999418790098,4.));
#5942=CARTESIAN_POINT('',(-6.24999418789543,-6.24999418790098,4.));
#5943=CARTESIAN_POINT('',(6.25000581210456,-6.24999418790098,0.));
#5944=CARTESIAN_POINT('Origin',(-6.24999418789544,6.25000581209902,0.));
#5945=CARTESIAN_POINT('',(-6.24999418789544,6.25000581209902,0.));
#5946=CARTESIAN_POINT('',(-6.24999418789543,3.12500290604952,0.));
#5947=CARTESIAN_POINT('',(-6.24999418789544,6.25000581209902,4.));
#5948=CARTESIAN_POINT('',(-6.24999418789544,6.25000581209902,0.));
#5949=CARTESIAN_POINT('',(-6.24999418789544,6.25000581209902,4.));
#5950=CARTESIAN_POINT('Origin',(6.25000581210456,6.25000581209902,0.));
#5951=CARTESIAN_POINT('',(6.25000581210456,6.25000581209902,0.));
#5952=CARTESIAN_POINT('',(-13.1249970939478,6.25000581209902,0.));
#5953=CARTESIAN_POINT('',(6.25000581210456,6.25000581209902,4.));
#5954=CARTESIAN_POINT('',(6.25000581210456,6.25000581209902,0.));
#5955=CARTESIAN_POINT('',(6.25000581210456,6.25000581209902,4.));
#5956=CARTESIAN_POINT('Origin',(6.25000581210456,-6.24999418790098,0.));
#5957=CARTESIAN_POINT('',(6.25000581210457,-3.12499709395048,0.));
#5958=CARTESIAN_POINT('',(6.25000581210456,-6.24999418790098,4.));
#5959=CARTESIAN_POINT('Origin',(5.81210456429559E-6,5.8120990242827E-6,
4.));
#5960=CARTESIAN_POINT('',(-4.49999999999999,-9.71485351073975E-14,4.));
#5961=CARTESIAN_POINT('Origin',(6.66133814775094E-15,-9.76996261670138E-14,
4.));
#5962=CARTESIAN_POINT('Origin',(32.5,16.9999999999999,0.));
#5963=CARTESIAN_POINT('',(32.5,16.9999999999999,0.));
#5964=CARTESIAN_POINT('',(-18.9330364487849,16.9999999999999,0.));
#5965=CARTESIAN_POINT('',(32.5,16.9999999999999,0.));
#5966=CARTESIAN_POINT('',(-18.9330364487849,16.9999999999999,2.5));
#5967=CARTESIAN_POINT('',(-18.9330364487849,16.9999999999999,0.));
#5968=CARTESIAN_POINT('',(32.5,16.9999999999999,2.5));
#5969=CARTESIAN_POINT('',(32.5,16.9999999999999,2.5));
#5970=CARTESIAN_POINT('',(32.5000000000001,16.9999999999999,0.));
#5971=CARTESIAN_POINT('Origin',(6.78348177560753,12.25,2.5));
#5972=CARTESIAN_POINT('',(17.2438536976077,7.49999999999991,2.5));
#5973=CARTESIAN_POINT('Origin',(32.5000000000001,-8.88178419700125E-15,
2.5));
#5974=CARTESIAN_POINT('',(-12.0840136167759,7.49999999999991,2.5));
#5975=CARTESIAN_POINT('Origin',(-32.5000000000002,9.99200722162641E-15,
2.5));
#5976=CARTESIAN_POINT('',(12.0136677366076,7.49999999999991,2.5));
#5977=CARTESIAN_POINT('Origin',(-18.9330364487852,-17.0000000000001,0.));
#5978=CARTESIAN_POINT('',(-18.9330364487852,-17.0000000000001,0.));
#5979=CARTESIAN_POINT('',(32.5,-17.0000000000001,0.));
#5980=CARTESIAN_POINT('',(-32.5,-17.0000000000001,0.));
#5981=CARTESIAN_POINT('',(32.5,-17.0000000000001,2.5));
#5982=CARTESIAN_POINT('',(32.5000000000001,-17.0000000000001,0.));
#5983=CARTESIAN_POINT('',(-18.9330364487852,-17.0000000000001,2.5));
#5984=CARTESIAN_POINT('',(-32.5,-17.0000000000001,2.5));
#5985=CARTESIAN_POINT('',(-18.9330364487852,-17.0000000000001,0.));
#5986=CARTESIAN_POINT('Origin',(6.78348177560741,-12.2500000000001,2.5));
#5987=CARTESIAN_POINT('',(17.2438536976077,-7.50000000000009,2.5));
#5988=CARTESIAN_POINT('Origin',(32.5000000000001,-8.88178419700125E-15,
2.5));
#5989=CARTESIAN_POINT('',(-12.0840136167759,-7.50000000000009,2.5));
#5990=CARTESIAN_POINT('',(-2.65026592058426,-7.50000000000009,2.5));
#5991=CARTESIAN_POINT('Origin',(-32.5000000000002,9.99200722162641E-15,
2.5));
#5992=CARTESIAN_POINT('Origin',(-32.5000000000002,9.99200722162641E-15,
0.));
#5993=CARTESIAN_POINT('',(-53.5928922548226,-5.3058831806262,9.375));
#5994=CARTESIAN_POINT('',(-54.2500000000002,7.32840043348091E-15,9.375));
#5995=CARTESIAN_POINT('Origin',(-32.5000000000002,9.99200722162641E-15,
9.375));
#5996=CARTESIAN_POINT('Origin',(-32.5000000000002,9.99200722162641E-15,
9.375));
#5997=CARTESIAN_POINT('',(-54.2500000000002,7.32840043348091E-15,0.));
#5998=CARTESIAN_POINT('',(-54.2500000000002,7.32840043348091E-15,0.));
#5999=CARTESIAN_POINT('Origin',(-32.5000000000002,9.99200722162641E-15,
0.));
#6000=CARTESIAN_POINT('',(-12.0840136167759,-7.50000000000009,5.5));
#6001=CARTESIAN_POINT('',(-12.0840136167759,-7.50000000000009,0.));
#6002=CARTESIAN_POINT('',(-12.0840136167759,7.49999999999991,5.5));
#6003=CARTESIAN_POINT('Origin',(-32.5000000000002,9.99200722162641E-15,
5.5));
#6004=CARTESIAN_POINT('',(-12.0840136167759,7.49999999999991,0.));
#6005=CARTESIAN_POINT('Origin',(-32.5000000000002,9.99200722162641E-15,
0.));
#6006=CARTESIAN_POINT('Origin',(-12.0840136167759,-7.50000000000009,0.));
#6007=CARTESIAN_POINT('',(17.2438536976077,-7.50000000000009,5.5));
#6008=CARTESIAN_POINT('',(17.2438536976077,-7.50000000000009,0.));
#6009=CARTESIAN_POINT('',(-20.,-7.50000000000009,5.5));
#6010=CARTESIAN_POINT('Origin',(6.66133814775094E-15,-9.76996261670138E-14,
0.));
#6011=CARTESIAN_POINT('',(-4.49999999999999,-9.82507172266301E-14,5.5));
#6012=CARTESIAN_POINT('Origin',(6.66133814775094E-15,-9.76996261670138E-14,
5.5));
#6013=CARTESIAN_POINT('',(-4.49999999999999,-9.82507172266301E-14,0.));
#6014=CARTESIAN_POINT('Origin',(17.2438536976077,7.49999999999991,0.));
#6015=CARTESIAN_POINT('',(17.2438536976077,7.49999999999991,5.5));
#6016=CARTESIAN_POINT('',(20.,7.49999999999991,5.5));
#6017=CARTESIAN_POINT('',(17.2438536976077,7.49999999999991,0.));
#6018=CARTESIAN_POINT('Origin',(2.5799200404159,-8.88178419700125E-14,5.5));
#6019=CARTESIAN_POINT('',(15.5000000000001,-1.09636837555518E-14,5.5));
#6020=CARTESIAN_POINT('Origin',(32.5000000000001,-8.88178419700125E-15,
5.5));
#6021=CARTESIAN_POINT('Origin',(32.5000000000001,-8.88178419700125E-15,
5.5));
#6022=CARTESIAN_POINT('Origin',(32.5000000000001,-8.88178419700125E-15,
0.));
#6023=CARTESIAN_POINT('',(26.7628296364703,-16.0026521620585,9.375));
#6024=CARTESIAN_POINT('',(15.5000000000001,-1.09636837555518E-14,9.375));
#6025=CARTESIAN_POINT('Origin',(32.5000000000001,-8.88178419700125E-15,
9.375));
#6026=CARTESIAN_POINT('Origin',(32.5000000000001,-8.88178419700125E-15,
9.375));
#6027=CARTESIAN_POINT('',(15.5000000000001,-1.09636837555518E-14,0.));
#6028=CARTESIAN_POINT('Origin',(32.5000000000001,-8.88178419700125E-15,
0.));
#6029=CARTESIAN_POINT('Origin',(32.5000000000001,-8.88178419700125E-15,
9.375));
#6030=CARTESIAN_POINT('',(27.1846803984946,-14.8259865619072,9.375));
#6031=CARTESIAN_POINT('',(16.75,-1.08106029056583E-14,9.375));
#6032=CARTESIAN_POINT('Origin',(32.5000000000001,-8.88178419700125E-15,
9.375));
#6033=CARTESIAN_POINT('Origin',(32.5000000000001,-8.88178419700125E-15,
9.375));
#6034=CARTESIAN_POINT('Origin',(26.9737550174825,-15.4143193619829,9.375));
#6035=CARTESIAN_POINT('Origin',(32.5000000000001,-8.88178419700125E-15,
0.));
#6036=CARTESIAN_POINT('',(16.75,-1.08106029056583E-14,0.));
#6037=CARTESIAN_POINT('',(16.75,-1.08106029056583E-14,0.));
#6038=CARTESIAN_POINT('Origin',(32.5000000000001,-8.88178419700125E-15,
0.));
#6039=CARTESIAN_POINT('Origin',(-32.5000000000002,9.99200722162641E-15,
9.375));
#6040=CARTESIAN_POINT('',(-52.3806570677639,-5.00094736564768,9.375));
#6041=CARTESIAN_POINT('',(-53.0000000000002,7.48148128337434E-15,9.375));
#6042=CARTESIAN_POINT('Origin',(-32.5000000000002,9.99200722162641E-15,
9.375));
#6043=CARTESIAN_POINT('Origin',(-32.5000000000002,9.99200722162641E-15,
9.375));
#6044=CARTESIAN_POINT('Origin',(-52.9867746612933,-5.15341527313694,9.375));
#6045=CARTESIAN_POINT('Origin',(-32.5000000000002,9.99200722162641E-15,
0.));
#6046=CARTESIAN_POINT('',(-53.0000000000002,7.48148128337434E-15,0.));
#6047=CARTESIAN_POINT('',(-53.0000000000002,7.48148128337434E-15,0.));
#6048=CARTESIAN_POINT('Origin',(-32.5000000000002,9.99200722162641E-15,
0.));
#6049=CARTESIAN_POINT('Origin',(-32.5000000000002,8.88178419700125E-15,
0.));
#6050=CARTESIAN_POINT('',(0.,0.,0.));
#6051=CARTESIAN_POINT('Origin',(2.22044604925031E-15,0.,4.));
#6052=CARTESIAN_POINT('',(14.,-4.33012701892217,4.));
#6053=CARTESIAN_POINT('',(13.5738636363636,1.67372708200629,4.));
#6054=CARTESIAN_POINT('Origin',(32.5,-8.88178419700125E-15,4.));
#6055=CARTESIAN_POINT('',(14.,-7.59934207678533,4.));
#6056=CARTESIAN_POINT('',(14.,15.,4.));
#6057=CARTESIAN_POINT('',(12.5511363636364,1.42927940507396,4.));
#6058=CARTESIAN_POINT('Origin',(32.5,-8.88178419700125E-15,4.));
#6059=CARTESIAN_POINT('',(12.5,1.49999999999999,4.));
#6060=CARTESIAN_POINT('Origin',(10.5,0.,4.));
#6061=CARTESIAN_POINT('',(12.5,15.,4.));
#6062=CARTESIAN_POINT('',(12.5,7.5,4.));
#6063=CARTESIAN_POINT('',(13.5,15.,4.));
#6064=CARTESIAN_POINT('',(26.25,15.,4.));
#6065=CARTESIAN_POINT('',(13.5,1.80277563773198,4.));
#6066=CARTESIAN_POINT('',(13.5,7.5,4.));
#6067=CARTESIAN_POINT('Origin',(10.5,0.,4.));
#6068=CARTESIAN_POINT('Origin',(14.,-15.,0.));
#6069=CARTESIAN_POINT('',(14.,-4.33012701892217,0.));
#6070=CARTESIAN_POINT('',(14.,-4.33012701892217,0.));
#6071=CARTESIAN_POINT('',(14.,-7.59934207678533,0.));
#6072=CARTESIAN_POINT('',(14.,-8.75,0.));
#6073=CARTESIAN_POINT('',(14.,-7.59934207678532,0.));
#6074=CARTESIAN_POINT('Origin',(10.5,0.,0.));
#6075=CARTESIAN_POINT('',(13.5,1.80277563773198,5.5));
#6076=CARTESIAN_POINT('',(13.5,1.80277563773198,0.));
#6077=CARTESIAN_POINT('',(13.5738636363636,1.67372708200628,5.5));
#6078=CARTESIAN_POINT('Origin',(10.5,0.,5.5));
#6079=CARTESIAN_POINT('',(13.5738636363636,1.67372708200629,0.));
#6080=CARTESIAN_POINT('Origin',(13.5,15.,0.));
#6081=CARTESIAN_POINT('',(13.5,15.,5.5));
#6082=CARTESIAN_POINT('',(13.5,15.,0.));
#6083=CARTESIAN_POINT('',(13.5,6.24999999999999,5.5));
#6084=CARTESIAN_POINT('Origin',(32.5,-8.88178419700125E-15,0.));
#6085=CARTESIAN_POINT('',(52.5,-8.88178419700125E-15,0.));
#6086=CARTESIAN_POINT('Origin',(32.5,-8.88178419700125E-15,0.));
#6087=CARTESIAN_POINT('',(52.5,-8.88178419700125E-15,6.5));
#6088=CARTESIAN_POINT('',(52.5,-8.88178419700125E-15,0.));
#6089=CARTESIAN_POINT('',(12.5511363636364,1.42927940507396,6.5));
#6090=CARTESIAN_POINT('Origin',(32.5,-8.88178419700125E-15,6.5));
#6091=CARTESIAN_POINT('',(12.5511363636364,1.42927940507396,0.));
#6092=CARTESIAN_POINT('Origin',(52.5,15.,0.));
#6093=CARTESIAN_POINT('',(12.5,15.,6.5));
#6094=CARTESIAN_POINT('',(12.5,15.,0.));
#6095=CARTESIAN_POINT('',(52.5,15.,6.5));
#6096=CARTESIAN_POINT('',(12.5,15.,6.5));
#6097=CARTESIAN_POINT('',(52.5,15.,0.));
#6098=CARTESIAN_POINT('',(52.5,15.,0.));
#6099=CARTESIAN_POINT('',(51.5,15.,0.));
#6100=CARTESIAN_POINT('',(12.5,15.,0.));
#6101=CARTESIAN_POINT('',(51.5,15.,5.5));
#6102=CARTESIAN_POINT('',(51.5,15.,0.));
#6103=CARTESIAN_POINT('',(42.5,15.,5.5));
#6104=CARTESIAN_POINT('Origin',(32.5,-8.88178419700125E-15,10.));
#6105=CARTESIAN_POINT('',(45.5,-7.28974335810969E-15,5.5));
#6106=CARTESIAN_POINT('Origin',(32.5,-8.88178419700125E-15,5.5));
#6107=CARTESIAN_POINT('',(45.5,-1.04738250358928E-14,6.5));
#6108=CARTESIAN_POINT('',(45.5,-7.28974335810969E-15,10.));
#6109=CARTESIAN_POINT('Origin',(32.5,-8.88178419700125E-15,6.5));
#6110=CARTESIAN_POINT('Origin',(51.5,-8.88178419700125E-15,0.));
#6111=CARTESIAN_POINT('',(51.5,-8.88178419700125E-15,0.));
#6112=CARTESIAN_POINT('',(51.5,-1.25000000000001,0.));
#6113=CARTESIAN_POINT('',(51.5,-8.88178419700125E-15,5.5));
#6114=CARTESIAN_POINT('',(51.5,-8.88178419700125E-15,0.));
#6115=CARTESIAN_POINT('',(51.5,-1.25000000000001,5.5));
#6116=CARTESIAN_POINT('Origin',(32.5,-8.88178419700125E-15,0.));
#6117=CARTESIAN_POINT('Origin',(32.5,-8.88178419700125E-15,5.5));
#6118=CARTESIAN_POINT('Origin',(32.5,-8.88178419700125E-15,0.));
#6119=CARTESIAN_POINT('Origin',(32.5,-2.50000000000001,5.5));
#6120=CARTESIAN_POINT('Origin',(10.5,0.,0.));
#6121=CARTESIAN_POINT('',(12.5,1.49999999999999,6.5));
#6122=CARTESIAN_POINT('Origin',(10.5,0.,6.5));
#6123=CARTESIAN_POINT('',(12.5,1.49999999999999,0.));
#6124=CARTESIAN_POINT('Origin',(12.5,15.,0.));
#6125=CARTESIAN_POINT('',(12.5,-8.88178419700125E-15,6.5));
#6126=CARTESIAN_POINT('Origin',(52.5,-8.88178419700125E-15,0.));
#6127=CARTESIAN_POINT('',(52.5,15.,0.));
#6128=CARTESIAN_POINT('',(52.5,15.,6.5));
#6129=CARTESIAN_POINT('Origin',(32.5,-2.50000000000001,6.5));
#6130=CARTESIAN_POINT('Origin',(32.5,-2.50000000000001,0.));
#6131=CARTESIAN_POINT('Origin',(2.22044604925031E-15,0.,4.));
#6132=CARTESIAN_POINT('',(-14.,-7.59934207678531,4.));
#6133=CARTESIAN_POINT('',(-12.5511363636364,1.42927940507396,4.));
#6134=CARTESIAN_POINT('Origin',(-32.5,0.,4.));
#6135=CARTESIAN_POINT('',(-14.,-4.33012701892215,4.));
#6136=CARTESIAN_POINT('',(-14.,-15.,4.));
#6137=CARTESIAN_POINT('',(-13.5738636363636,1.67372708200629,4.));
#6138=CARTESIAN_POINT('Origin',(-32.5,0.,4.));
#6139=CARTESIAN_POINT('',(-13.5,1.802775637732,4.));
#6140=CARTESIAN_POINT('Origin',(-10.5,1.66533453693773E-15,4.));
#6141=CARTESIAN_POINT('',(-13.5,15.,4.));
#6142=CARTESIAN_POINT('',(-13.5,0.750000000000002,4.));
#6143=CARTESIAN_POINT('',(-12.5,15.,4.));
#6144=CARTESIAN_POINT('',(-6.25,15.,4.));
#6145=CARTESIAN_POINT('',(-12.5,1.5,4.));
#6146=CARTESIAN_POINT('',(-12.5,0.750000000000002,4.));
#6147=CARTESIAN_POINT('Origin',(-10.5,1.66533453693773E-15,4.));
#6148=CARTESIAN_POINT('Origin',(-14.,15.,0.));
#6149=CARTESIAN_POINT('',(-14.,-7.59934207678531,0.));
#6150=CARTESIAN_POINT('',(-14.,-7.59934207678531,0.));
#6151=CARTESIAN_POINT('',(-14.,-4.33012701892215,0.));
#6152=CARTESIAN_POINT('',(-14.,6.25,0.));
#6153=CARTESIAN_POINT('',(-14.,-4.33012701892215,0.));
#6154=CARTESIAN_POINT('Origin',(-32.5,0.,0.));
#6155=CARTESIAN_POINT('',(-12.5511363636364,1.42927940507396,6.5));
#6156=CARTESIAN_POINT('',(-12.5511363636364,1.42927940507396,0.));
#6157=CARTESIAN_POINT('',(-52.5,0.,6.5));
#6158=CARTESIAN_POINT('Origin',(-32.5,0.,6.5));
#6159=CARTESIAN_POINT('',(-52.5,0.,0.));
#6160=CARTESIAN_POINT('',(-52.5,0.,0.));
#6161=CARTESIAN_POINT('Origin',(-32.5,0.,0.));
#6162=CARTESIAN_POINT('Origin',(-10.5,1.66533453693773E-15,0.));
#6163=CARTESIAN_POINT('',(-12.5,1.5,6.5));
#6164=CARTESIAN_POINT('',(-12.5,1.5,0.));
#6165=CARTESIAN_POINT('Origin',(-10.5,1.66533453693773E-15,6.5));
#6166=CARTESIAN_POINT('Origin',(-12.5,1.5,0.));
#6167=CARTESIAN_POINT('',(-12.5,15.,6.5));
#6168=CARTESIAN_POINT('',(-12.5,15.,0.));
#6169=CARTESIAN_POINT('',(-12.5,15.,6.5));
#6170=CARTESIAN_POINT('Origin',(-12.5,15.,0.));
#6171=CARTESIAN_POINT('',(-13.5,15.,5.5));
#6172=CARTESIAN_POINT('',(-13.5,15.,0.));
#6173=CARTESIAN_POINT('',(-51.5,15.,5.5));
#6174=CARTESIAN_POINT('',(-22.5,15.,5.5));
#6175=CARTESIAN_POINT('',(-51.5,15.,0.));
#6176=CARTESIAN_POINT('',(-51.5,15.,0.));
#6177=CARTESIAN_POINT('',(-52.5,15.,0.));
#6178=CARTESIAN_POINT('',(-52.5,15.,0.));
#6179=CARTESIAN_POINT('',(-52.5,15.,6.5));
#6180=CARTESIAN_POINT('',(-52.5,15.,0.));
#6181=CARTESIAN_POINT('',(-52.5,15.,6.5));
#6182=CARTESIAN_POINT('Origin',(-32.5,0.,10.));
#6183=CARTESIAN_POINT('',(-19.5,1.59204083889156E-15,5.5));
#6184=CARTESIAN_POINT('Origin',(-32.5,0.,5.5));
#6185=CARTESIAN_POINT('',(-19.5,-1.59204083889156E-15,6.5));
#6186=CARTESIAN_POINT('',(-19.5,1.59204083889156E-15,10.));
#6187=CARTESIAN_POINT('Origin',(-32.5,0.,6.5));
#6188=CARTESIAN_POINT('Origin',(-51.5,15.,0.));
#6189=CARTESIAN_POINT('',(-51.5,0.,0.));
#6190=CARTESIAN_POINT('',(-51.5,6.25,0.));
#6191=CARTESIAN_POINT('',(-51.5,0.,5.5));
#6192=CARTESIAN_POINT('',(-51.5,6.25,5.5));
#6193=CARTESIAN_POINT('',(-51.5,0.,0.));
#6194=CARTESIAN_POINT('Origin',(-13.5,1.5,0.));
#6195=CARTESIAN_POINT('',(-13.5,1.802775637732,5.5));
#6196=CARTESIAN_POINT('',(-13.5,1.802775637732,0.));
#6197=CARTESIAN_POINT('',(-13.5,-0.499999999999998,5.5));
#6198=CARTESIAN_POINT('Origin',(-10.5,1.66533453693773E-15,0.));
#6199=CARTESIAN_POINT('',(-13.5738636363636,1.67372708200629,5.5));
#6200=CARTESIAN_POINT('',(-13.5738636363636,1.67372708200629,0.));
#6201=CARTESIAN_POINT('Origin',(-10.5,1.66533453693773E-15,5.5));
#6202=CARTESIAN_POINT('Origin',(-32.5,0.,0.));
#6203=CARTESIAN_POINT('Origin',(-32.5,0.,0.));
#6204=CARTESIAN_POINT('Origin',(-32.5,0.,5.5));
#6205=CARTESIAN_POINT('Origin',(-32.5,-2.5,5.5));
#6206=CARTESIAN_POINT('Origin',(-32.5,-2.5,0.));
#6207=CARTESIAN_POINT('',(-52.5,0.,0.));
#6208=CARTESIAN_POINT('Origin',(-52.5,15.,0.));
#6209=CARTESIAN_POINT('',(-52.5,0.,6.5));
#6210=CARTESIAN_POINT('Origin',(-32.5,-2.5,6.5));
#6211=CARTESIAN_POINT('Origin',(-45.,9.99999999999986,5.5));
#6212=CARTESIAN_POINT('',(-48.,9.99999999999986,5.5));
#6213=CARTESIAN_POINT('Origin',(-45.,9.99999999999986,5.5));
#6214=CARTESIAN_POINT('',(-44.,9.99999999999986,5.5));
#6215=CARTESIAN_POINT('Origin',(-45.,9.99999999999986,5.5));
#6216=CARTESIAN_POINT('Origin',(-45.,9.99999999999986,8.));
#6217=CARTESIAN_POINT('',(-44.,9.99999999999986,15.));
#6218=CARTESIAN_POINT('',(-44.,9.99999999999986,8.));
#6219=CARTESIAN_POINT('Origin',(-45.,9.99999999999986,15.));
#6220=CARTESIAN_POINT('Origin',(-45.,9.99999999999986,0.));
#6221=CARTESIAN_POINT('',(-48.,9.99999999999986,15.));
#6222=CARTESIAN_POINT('Origin',(-45.,9.99999999999986,15.));
#6223=CARTESIAN_POINT('',(-48.,9.99999999999986,0.));
#6224=CARTESIAN_POINT('Origin',(-45.,9.99999999999986,15.));
#6225=CARTESIAN_POINT('Origin',(45.,9.99999999999986,5.5));
#6226=CARTESIAN_POINT('',(42.,9.99999999999986,5.5));
#6227=CARTESIAN_POINT('Origin',(45.,9.99999999999986,5.5));
#6228=CARTESIAN_POINT('',(46.,9.99999999999986,5.5));
#6229=CARTESIAN_POINT('Origin',(45.,9.99999999999986,5.5));
#6230=CARTESIAN_POINT('Origin',(45.,9.99999999999986,8.));
#6231=CARTESIAN_POINT('',(46.,9.99999999999986,15.));
#6232=CARTESIAN_POINT('',(46.,9.99999999999986,8.));
#6233=CARTESIAN_POINT('Origin',(45.,9.99999999999986,15.));
#6234=CARTESIAN_POINT('Origin',(45.,9.99999999999986,0.));
#6235=CARTESIAN_POINT('',(42.,9.99999999999986,15.));
#6236=CARTESIAN_POINT('Origin',(45.,9.99999999999986,15.));
#6237=CARTESIAN_POINT('',(42.,9.99999999999986,0.));
#6238=CARTESIAN_POINT('Origin',(45.,9.99999999999986,15.));
#6239=CARTESIAN_POINT('Origin',(8.88178419700125E-15,-20.0000000000001,
8.));
#6240=CARTESIAN_POINT('',(1.00000000000001,-20.0000000000001,0.));
#6241=CARTESIAN_POINT('Origin',(8.88178419700125E-15,-20.0000000000001,
0.));
#6242=CARTESIAN_POINT('',(1.00000000000001,-20.0000000000001,15.));
#6243=CARTESIAN_POINT('',(1.00000000000001,-20.0000000000001,8.));
#6244=CARTESIAN_POINT('Origin',(8.88178419700125E-15,-20.0000000000001,
15.));
#6245=CARTESIAN_POINT('Origin',(8.88178419700125E-15,-20.0000000000001,
0.));
#6246=CARTESIAN_POINT('',(-2.99999999999999,-20.0000000000001,15.));
#6247=CARTESIAN_POINT('Origin',(8.88178419700125E-15,-20.0000000000001,
15.));
#6248=CARTESIAN_POINT('',(-2.99999999999999,-20.0000000000001,0.));
#6249=CARTESIAN_POINT('',(-2.99999999999999,-20.0000000000001,0.));
#6250=CARTESIAN_POINT('Origin',(8.88178419700125E-15,-20.0000000000001,
0.));
#6251=CARTESIAN_POINT('Origin',(8.88178419700125E-15,-20.0000000000001,
15.));
#6252=CARTESIAN_POINT('Origin',(8.88178419700125E-15,-20.0000000000001,
0.));
#6253=CARTESIAN_POINT('',(0.,0.,0.));
#6254=CARTESIAN_POINT('',(0.,0.,2.));
#6255=CARTESIAN_POINT('',(-1.85297183311667E-15,3.38050837585785E-48,-0.00781386263188244));
#6256=UNCERTAINTY_MEASURE_WITH_UNIT(LENGTH_MEASURE(0.01),#6266,
'DISTANCE_ACCURACY_VALUE',
'Maximum model space distance between geometric entities at asserted c
onnectivities');
#6257=UNCERTAINTY_MEASURE_WITH_UNIT(LENGTH_MEASURE(0.01),#6266,
'DISTANCE_ACCURACY_VALUE',
'Maximum model space distance between geometric entities at asserted c
onnectivities');
#6258=UNCERTAINTY_MEASURE_WITH_UNIT(LENGTH_MEASURE(0.01),#6266,
'DISTANCE_ACCURACY_VALUE',
'Maximum model space distance between geometric entities at asserted c
onnectivities');
#6259=UNCERTAINTY_MEASURE_WITH_UNIT(LENGTH_MEASURE(0.01),#6266,
'DISTANCE_ACCURACY_VALUE',
'Maximum model space distance between geometric entities at asserted c
onnectivities');
#6260=UNCERTAINTY_MEASURE_WITH_UNIT(LENGTH_MEASURE(0.01),#6266,
'DISTANCE_ACCURACY_VALUE',
'Maximum model space distance between geometric entities at asserted c
onnectivities');
#6261=(
GEOMETRIC_REPRESENTATION_CONTEXT(3)
GLOBAL_UNCERTAINTY_ASSIGNED_CONTEXT((#6256))
GLOBAL_UNIT_ASSIGNED_CONTEXT((#6266,#6268,#6269))
REPRESENTATION_CONTEXT('','3D')
);
#6262=(
GEOMETRIC_REPRESENTATION_CONTEXT(3)
GLOBAL_UNCERTAINTY_ASSIGNED_CONTEXT((#6257))
GLOBAL_UNIT_ASSIGNED_CONTEXT((#6266,#6268,#6269))
REPRESENTATION_CONTEXT('','3D')
);
#6263=(
GEOMETRIC_REPRESENTATION_CONTEXT(3)
GLOBAL_UNCERTAINTY_ASSIGNED_CONTEXT((#6258))
GLOBAL_UNIT_ASSIGNED_CONTEXT((#6266,#6268,#6269))
REPRESENTATION_CONTEXT('','3D')
);
#6264=(
GEOMETRIC_REPRESENTATION_CONTEXT(3)
GLOBAL_UNCERTAINTY_ASSIGNED_CONTEXT((#6259))
GLOBAL_UNIT_ASSIGNED_CONTEXT((#6266,#6268,#6269))
REPRESENTATION_CONTEXT('','3D')
);
#6265=(
GEOMETRIC_REPRESENTATION_CONTEXT(3)
GLOBAL_UNCERTAINTY_ASSIGNED_CONTEXT((#6260))
GLOBAL_UNIT_ASSIGNED_CONTEXT((#6266,#6268,#6269))
REPRESENTATION_CONTEXT('','3D')
);
#6266=(
LENGTH_UNIT()
NAMED_UNIT(*)
SI_UNIT(.MILLI.,.METRE.)
);
#6267=(
LENGTH_UNIT()
NAMED_UNIT(*)
SI_UNIT($,.METRE.)
);
#6268=(
NAMED_UNIT(*)
PLANE_ANGLE_UNIT()
SI_UNIT($,.RADIAN.)
);
#6269=(
NAMED_UNIT(*)
SI_UNIT($,.STERADIAN.)
SOLID_ANGLE_UNIT()
);
#6270=SHAPE_DEFINITION_REPRESENTATION(#6274,#6281);
#6271=SHAPE_DEFINITION_REPRESENTATION(#6275,#6282);
#6272=SHAPE_DEFINITION_REPRESENTATION(#6276,#6283);
#6273=SHAPE_DEFINITION_REPRESENTATION(#6277,#6284);
#6274=PRODUCT_DEFINITION_SHAPE('',$,#6286);
#6275=PRODUCT_DEFINITION_SHAPE('',$,#6287);
#6276=PRODUCT_DEFINITION_SHAPE('',$,#6288);
#6277=PRODUCT_DEFINITION_SHAPE('',$,#6289);
#6278=PRODUCT_DEFINITION_SHAPE($,$,#20);
#6279=PRODUCT_DEFINITION_SHAPE($,$,#21);
#6280=PRODUCT_DEFINITION_SHAPE($,$,#22);
#6281=SHAPE_REPRESENTATION('',(#3484,#3737,#3738,#3739),#6261);
#6282=SHAPE_REPRESENTATION('',(#3485),#6262);
#6283=SHAPE_REPRESENTATION('',(#3599),#6263);
#6284=SHAPE_REPRESENTATION('',(#3658),#6264);
#6285=PRODUCT_DEFINITION_CONTEXT('part definition',#6299,'design');
#6286=PRODUCT_DEFINITION('2026-05-23-18-00-20-526','Assembly New',#6290,
#6285);
#6287=PRODUCT_DEFINITION('2026-05-21-10-23-20-271','Mounting Plate',#6291,
#6285);
#6288=PRODUCT_DEFINITION('2026-05-23-17-49-39-232','Front',#6292,#6285);
#6289=PRODUCT_DEFINITION('2026-05-22-18-50-29-568','Backside',#6293,#6285);
#6290=PRODUCT_DEFINITION_FORMATION('',$,#6301);
#6291=PRODUCT_DEFINITION_FORMATION('',$,#6302);
#6292=PRODUCT_DEFINITION_FORMATION('',$,#6303);
#6293=PRODUCT_DEFINITION_FORMATION('',$,#6304);
#6294=PRODUCT_RELATED_PRODUCT_CATEGORY('Assembly New','Assembly New',(#6301));
#6295=PRODUCT_RELATED_PRODUCT_CATEGORY('Mounting Plate',
'Mounting Plate',(#6302));
#6296=PRODUCT_RELATED_PRODUCT_CATEGORY('Front','Front',(#6303));
#6297=PRODUCT_RELATED_PRODUCT_CATEGORY('Backside','Backside',(#6304));
#6298=APPLICATION_PROTOCOL_DEFINITION('international standard',
'automotive_design',2009,#6299);
#6299=APPLICATION_CONTEXT(
'Core Data for Automotive Mechanical Design Process');
#6300=PRODUCT_CONTEXT('part definition',#6299,'mechanical');
#6301=PRODUCT('2026-05-23-18-00-20-526','Assembly New',$,(#6300));
#6302=PRODUCT('2026-05-21-10-23-20-271','Mounting Plate',$,(#6300));
#6303=PRODUCT('2026-05-23-17-49-39-232','Front',$,(#6300));
#6304=PRODUCT('2026-05-22-18-50-29-568','Backside',$,(#6300));
#6305=PRESENTATION_STYLE_ASSIGNMENT((#6306));
#6306=SURFACE_STYLE_USAGE(.BOTH.,#6307);
#6307=SURFACE_SIDE_STYLE('',(#6308));
#6308=SURFACE_STYLE_FILL_AREA(#6309);
#6309=FILL_AREA_STYLE('Steel - Satin',(#6310));
#6310=FILL_AREA_STYLE_COLOUR('Steel - Satin',#6311);
#6311=COLOUR_RGB('Steel - Satin',0.627450980392157,0.627450980392157,0.627450980392157);
ENDSEC;
END-ISO-10303-21;
