ISO-10303-21;
HEADER;
/* Generated by software containing ST-Developer
 * from STEP Tools, Inc. (www.steptools.com) 
 */

FILE_DESCRIPTION(
/* description */ (''),
/* implementation_level */ '2;1');

FILE_NAME(
/* name */ 'Mounting Plate 0.2.step',
/* time_stamp */ '2026-08-09T17:37:55+02:00',
/* author */ (''),
/* organization */ (''),
/* preprocessor_version */ 'ST-DEVELOPER v20.1',
/* originating_system */ 'Autodesk Translation Framework v15.8.0.0',
/* authorisation */ '');

FILE_SCHEMA (('AUTOMOTIVE_DESIGN { 1 0 10303 214 3 1 1 }'));
ENDSEC;

DATA;
#10=MECHANICAL_DESIGN_GEOMETRIC_PRESENTATION_REPRESENTATION('',(#157,#158,
#159,#160,#161,#162,#163,#164,#165,#166,#167),#6265);
#11=ITEM_DEFINED_TRANSFORMATION($,$,#3485,#3737);
#12=ITEM_DEFINED_TRANSFORMATION($,$,#3564,#3738);
#13=ITEM_DEFINED_TRANSFORMATION($,$,#3678,#3739);
#14=(
REPRESENTATION_RELATIONSHIP($,$,#6282,#6281)
REPRESENTATION_RELATIONSHIP_WITH_TRANSFORMATION(#11)
SHAPE_REPRESENTATION_RELATIONSHIP()
);
#15=(
REPRESENTATION_RELATIONSHIP($,$,#6283,#6281)
REPRESENTATION_RELATIONSHIP_WITH_TRANSFORMATION(#12)
SHAPE_REPRESENTATION_RELATIONSHIP()
);
#16=(
REPRESENTATION_RELATIONSHIP($,$,#6284,#6281)
REPRESENTATION_RELATIONSHIP_WITH_TRANSFORMATION(#13)
SHAPE_REPRESENTATION_RELATIONSHIP()
);
#17=CONTEXT_DEPENDENT_SHAPE_REPRESENTATION(#14,#6278);
#18=CONTEXT_DEPENDENT_SHAPE_REPRESENTATION(#15,#6279);
#19=CONTEXT_DEPENDENT_SHAPE_REPRESENTATION(#16,#6280);
#20=NEXT_ASSEMBLY_USAGE_OCCURRENCE('Backside:1','Backside:1',
'Backside:1',#6286,#6287,'Backside:1');
#21=NEXT_ASSEMBLY_USAGE_OCCURRENCE('Mounting Plate:1',
'Mounting Plate:1','Mounting Plate:1',#6286,#6288,'Mounting Plate:1');
#22=NEXT_ASSEMBLY_USAGE_OCCURRENCE('Front:1','Front:1','Front:1',#6286,
#6289,'Front:1');
#23=TOROIDAL_SURFACE('',#3724,16.375,0.625);
#24=TOROIDAL_SURFACE('',#3730,21.125,0.625);
#25=B_SPLINE_SURFACE_WITH_KNOTS('',3,1,((#5242,#5243),(#5244,#5245),(#5246,
#5247),(#5248,#5249),(#5250,#5251)),.UNSPECIFIED.,.F.,.F.,.F.,(4,1,4),(2,
2),(0.,0.0151483505945373,0.0257359284016429),(-0.01,0.),.UNSPECIFIED.);
#26=B_SPLINE_SURFACE_WITH_KNOTS('',3,1,((#5259,#5260),(#5261,#5262),(#5263,
#5264),(#5265,#5266),(#5267,#5268)),.UNSPECIFIED.,.F.,.F.,.F.,(4,1,4),(2,
2),(0.,0.0084201310290062,0.0167646510340522),(-0.01,0.),.UNSPECIFIED.);
#27=B_SPLINE_SURFACE_WITH_KNOTS('',3,1,((#5276,#5277),(#5278,#5279),(#5280,
#5281),(#5282,#5283),(#5284,#5285)),.UNSPECIFIED.,.F.,.F.,.F.,(4,1,4),(2,
2),(0.,0.0126723236255138,0.0267102127844365),(-0.01,0.),.UNSPECIFIED.);
#28=B_SPLINE_SURFACE_WITH_KNOTS('',3,1,((#5297,#5298),(#5299,#5300),(#5301,
#5302),(#5303,#5304),(#5305,#5306)),.UNSPECIFIED.,.F.,.F.,.F.,(4,1,4),(2,
2),(0.,0.00984874255130837,0.0189505759437374),(-0.01,0.),.UNSPECIFIED.);
#29=B_SPLINE_SURFACE_WITH_KNOTS('',3,1,((#5314,#5315),(#5316,#5317),(#5318,
#5319),(#5320,#5321),(#5322,#5323)),.UNSPECIFIED.,.F.,.F.,.F.,(4,1,4),(2,
2),(0.,0.0077378018161011,0.0154900786972013),(-0.01,0.),.UNSPECIFIED.);
#30=B_SPLINE_SURFACE_WITH_KNOTS('',3,1,((#5331,#5332),(#5333,#5334),(#5335,
#5336),(#5337,#5338),(#5339,#5340)),.UNSPECIFIED.,.F.,.F.,.F.,(4,1,4),(2,
2),(0.,0.00793625608882299,0.0164029387784545),(-0.01,0.),.UNSPECIFIED.);
#31=B_SPLINE_SURFACE_WITH_KNOTS('',3,1,((#5348,#5349),(#5350,#5351),(#5352,
#5353),(#5354,#5355),(#5356,#5357)),.UNSPECIFIED.,.F.,.F.,.F.,(4,1,4),(2,
2),(0.,0.014050189230938,0.0290238104439837),(-0.01,0.),.UNSPECIFIED.);
#32=B_SPLINE_SURFACE_WITH_KNOTS('',3,1,((#5368,#5369),(#5370,#5371),(#5372,
#5373),(#5374,#5375),(#5376,#5377)),.UNSPECIFIED.,.F.,.F.,.F.,(4,1,4),(2,
2),(0.,0.0195432460364258,0.0440498197702933),(-0.01,0.),.UNSPECIFIED.);
#33=B_SPLINE_SURFACE_WITH_KNOTS('',3,1,((#5387,#5388),(#5389,#5390),(#5391,
#5392),(#5393,#5394),(#5395,#5396)),.UNSPECIFIED.,.F.,.F.,.F.,(4,1,4),(2,
2),(0.,0.0245404349873792,0.0441742645227043),(-0.01,0.),.UNSPECIFIED.);
#34=B_SPLINE_SURFACE_WITH_KNOTS('',3,1,((#5404,#5405),(#5406,#5407),(#5408,
#5409),(#5410,#5411),(#5412,#5413)),.UNSPECIFIED.,.F.,.F.,.F.,(4,1,4),(2,
2),(0.,0.0171692678872837,0.0343663749828183),(-0.01,0.),.UNSPECIFIED.);
#35=B_SPLINE_SURFACE_WITH_KNOTS('',3,1,((#5421,#5422),(#5423,#5424),(#5425,
#5426),(#5427,#5428),(#5429,#5430)),.UNSPECIFIED.,.F.,.F.,.F.,(4,1,4),(2,
2),(0.,0.017103812777972,0.0343076628213478),(-0.01,0.),.UNSPECIFIED.);
#36=B_SPLINE_SURFACE_WITH_KNOTS('',3,1,((#5438,#5439),(#5440,#5441),(#5442,
#5443),(#5444,#5445),(#5446,#5447)),.UNSPECIFIED.,.F.,.F.,.F.,(4,1,4),(2,
2),(0.,0.0197850649459506,0.0448332379565832),(-0.01,0.),.UNSPECIFIED.);
#37=B_SPLINE_SURFACE_WITH_KNOTS('',3,1,((#5455,#5456),(#5457,#5458),(#5459,
#5460),(#5461,#5462),(#5463,#5464)),.UNSPECIFIED.,.F.,.F.,.F.,(4,1,4),(2,
2),(0.,0.0238004037163798,0.0431811150621365),(-0.01,0.),.UNSPECIFIED.);
#38=B_SPLINE_SURFACE_WITH_KNOTS('',3,1,((#5472,#5473),(#5474,#5475),(#5476,
#5477),(#5478,#5479),(#5480,#5481)),.UNSPECIFIED.,.F.,.F.,.F.,(4,1,4),(2,
2),(0.,0.0171767587065922,0.0341803239996938),(-0.01,0.),.UNSPECIFIED.);
#39=B_SPLINE_SURFACE_WITH_KNOTS('',3,1,((#5489,#5490),(#5491,#5492),(#5493,
#5494),(#5495,#5496),(#5497,#5498)),.UNSPECIFIED.,.F.,.F.,.F.,(4,1,4),(2,
2),(0.,0.0171972179191098,0.0343664085478268),(-0.01,0.),.UNSPECIFIED.);
#40=B_SPLINE_SURFACE_WITH_KNOTS('',3,1,((#5504,#5505),(#5506,#5507),(#5508,
#5509),(#5510,#5511),(#5512,#5513)),.UNSPECIFIED.,.F.,.F.,.F.,(4,1,4),(2,
2),(0.,0.0276267012919842,0.0603630092614416),(-0.01,0.),.UNSPECIFIED.);
#41=B_SPLINE_SURFACE_WITH_KNOTS('',3,1,((#5523,#5524),(#5525,#5526),(#5527,
#5528),(#5529,#5530),(#5531,#5532)),.UNSPECIFIED.,.F.,.F.,.F.,(4,1,4),(2,
2),(0.,0.0354710539562652,0.0652415942271479),(-0.01,0.),.UNSPECIFIED.);
#42=B_SPLINE_SURFACE_WITH_KNOTS('',3,1,((#5540,#5541),(#5542,#5543),(#5544,
#5545),(#5546,#5547),(#5548,#5549)),.UNSPECIFIED.,.F.,.F.,.F.,(4,1,4),(2,
2),(0.,0.0239954974779894,0.0491490566062573),(-0.01,0.),.UNSPECIFIED.);
#43=B_SPLINE_SURFACE_WITH_KNOTS('',3,1,((#5557,#5558),(#5559,#5560),(#5561,
#5562),(#5563,#5564),(#5565,#5566)),.UNSPECIFIED.,.F.,.F.,.F.,(4,1,4),(2,
2),(0.,0.0275893837463137,0.0538118713491378),(-0.01,0.),.UNSPECIFIED.);
#44=B_SPLINE_SURFACE_WITH_KNOTS('',3,1,((#5574,#5575),(#5576,#5577),(#5578,
#5579),(#5580,#5581),(#5582,#5583)),.UNSPECIFIED.,.F.,.F.,.F.,(4,1,4),(2,
2),(0.,0.0272641045769424,0.0583912161308643),(-0.01,0.),.UNSPECIFIED.);
#45=B_SPLINE_SURFACE_WITH_KNOTS('',3,1,((#5591,#5592),(#5593,#5594),(#5595,
#5596),(#5597,#5598),(#5599,#5600)),.UNSPECIFIED.,.F.,.F.,.F.,(4,1,4),(2,
2),(0.,0.0250892520355257,0.0451824368738564),(-0.01,0.),.UNSPECIFIED.);
#46=B_SPLINE_SURFACE_WITH_KNOTS('',3,1,((#5608,#5609),(#5610,#5611),(#5612,
#5613),(#5614,#5615),(#5616,#5617)),.UNSPECIFIED.,.F.,.F.,.F.,(4,1,4),(2,
2),(0.,0.0175128187377292,0.0352209175207213),(-0.01,0.),.UNSPECIFIED.);
#47=B_SPLINE_SURFACE_WITH_KNOTS('',3,1,((#5625,#5626),(#5627,#5628),(#5629,
#5630),(#5631,#5632),(#5633,#5634)),.UNSPECIFIED.,.F.,.F.,.F.,(4,1,4),(2,
2),(0.,0.0179868088206236,0.0363340351120249),(-0.01,0.),.UNSPECIFIED.);
#48=B_SPLINE_SURFACE_WITH_KNOTS('',3,1,((#5642,#5643),(#5644,#5645),(#5646,
#5647),(#5648,#5649),(#5650,#5651)),.UNSPECIFIED.,.F.,.F.,.F.,(4,1,4),(2,
2),(0.,0.0279526542949987,0.0541460468703717),(-0.01,0.),.UNSPECIFIED.);
#49=B_SPLINE_SURFACE_WITH_KNOTS('',3,1,((#5717,#5718),(#5719,#5720),(#5721,
#5722),(#5723,#5724),(#5725,#5726)),.UNSPECIFIED.,.F.,.F.,.F.,(4,1,4),(2,
2),(0.,0.0264805456898912,0.0537448681201392),(-0.01,0.),.UNSPECIFIED.);
#50=B_SPLINE_SURFACE_WITH_KNOTS('',3,1,((#5734,#5735),(#5736,#5737),(#5738,
#5739),(#5740,#5741),(#5742,#5743)),.UNSPECIFIED.,.F.,.F.,.F.,(4,1,4),(2,
2),(0.,0.012607828049509,0.0246140624375386),(-0.01,0.),.UNSPECIFIED.);
#51=B_SPLINE_SURFACE_WITH_KNOTS('',3,1,((#5751,#5752),(#5753,#5754),(#5755,
#5756),(#5757,#5758),(#5759,#5760)),.UNSPECIFIED.,.F.,.F.,.F.,(4,1,4),(2,
2),(0.,0.0110545560899796,0.0207735651723353),(-0.01,0.),.UNSPECIFIED.);
#52=B_SPLINE_SURFACE_WITH_KNOTS('',3,1,((#5768,#5769),(#5770,#5771),(#5772,
#5773),(#5774,#5775),(#5776,#5777)),.UNSPECIFIED.,.F.,.F.,.F.,(4,1,4),(2,
2),(0.,0.00955727941011537,0.0197955826729153),(-0.01,0.),.UNSPECIFIED.);
#53=B_SPLINE_SURFACE_WITH_KNOTS('',3,1,((#5785,#5786),(#5787,#5788),(#5789,
#5790),(#5791,#5792),(#5793,#5794)),.UNSPECIFIED.,.F.,.F.,.F.,(4,1,4),(2,
2),(0.,0.00943486847498222,0.0239341366492662),(-0.01,0.),.UNSPECIFIED.);
#54=B_SPLINE_SURFACE_WITH_KNOTS('',3,1,((#5814,#5815),(#5816,#5817),(#5818,
#5819),(#5820,#5821),(#5822,#5823)),.UNSPECIFIED.,.F.,.F.,.F.,(4,1,4),(2,
2),(0.,0.0131164375236199,0.0226389645963719),(-0.01,0.),.UNSPECIFIED.);
#55=B_SPLINE_SURFACE_WITH_KNOTS('',3,1,((#5831,#5832),(#5833,#5834),(#5835,
#5836),(#5837,#5838),(#5839,#5840)),.UNSPECIFIED.,.F.,.F.,.F.,(4,1,4),(2,
2),(0.,0.00781459243759616,0.0159065880016634),(-0.01,0.),.UNSPECIFIED.);
#56=B_SPLINE_SURFACE_WITH_KNOTS('',3,1,((#5848,#5849),(#5850,#5851),(#5852,
#5853),(#5854,#5855),(#5856,#5857)),.UNSPECIFIED.,.F.,.F.,.F.,(4,1,4),(2,
2),(0.,0.00857159658988499,0.0178149617298782),(-0.01,0.),.UNSPECIFIED.);
#57=B_SPLINE_SURFACE_WITH_KNOTS('',3,1,((#5865,#5866),(#5867,#5868),(#5869,
#5870),(#5871,#5872),(#5873,#5874)),.UNSPECIFIED.,.F.,.F.,.F.,(4,1,4),(2,
2),(0.,0.0148420698357983,0.0294182511866701),(-0.01,0.),.UNSPECIFIED.);
#58=B_SPLINE_SURFACE_WITH_KNOTS('',3,1,((#5882,#5883),(#5884,#5885),(#5886,
#5887),(#5888,#5889),(#5890,#5891)),.UNSPECIFIED.,.F.,.F.,.F.,(4,1,4),(2,
2),(0.,0.0167409842087226,0.0402747706743192),(-0.01,0.),.UNSPECIFIED.);
#59=B_SPLINE_SURFACE_WITH_KNOTS('',3,1,((#5902,#5903),(#5904,#5905),(#5906,
#5907),(#5908,#5909),(#5910,#5911)),.UNSPECIFIED.,.F.,.F.,.F.,(4,1,4),(2,
2),(0.,0.00474684051457709,0.010825940025809),(-0.01,0.),.UNSPECIFIED.);
#60=B_SPLINE_SURFACE_WITH_KNOTS('',3,1,((#5925,#5926),(#5927,#5928),(#5929,
#5930),(#5931,#5932),(#5933,#5934)),.UNSPECIFIED.,.F.,.F.,.F.,(4,1,4),(2,
2),(0.,0.00995822016266543,0.018706382379594),(-0.01,0.),.UNSPECIFIED.);
#61=B_SPLINE_SURFACE_WITH_KNOTS('',3,1,((#5942,#5943),(#5944,#5945),(#5946,
#5947),(#5948,#5949),(#5950,#5951)),.UNSPECIFIED.,.F.,.F.,.F.,(4,1,4),(2,
2),(0.,0.0119159557735041,0.021333902272171),(-0.01,0.),.UNSPECIFIED.);
#62=B_SPLINE_SURFACE_WITH_KNOTS('',3,1,((#5959,#5960),(#5961,#5962),(#5963,
#5964),(#5965,#5966),(#5967,#5968)),.UNSPECIFIED.,.F.,.F.,.F.,(4,1,4),(2,
2),(0.,0.00794801894870844,0.0153547180798537),(-0.01,0.),.UNSPECIFIED.);
#63=B_SPLINE_SURFACE_WITH_KNOTS('',3,1,((#5976,#5977),(#5978,#5979),(#5980,
#5981),(#5982,#5983),(#5984,#5985)),.UNSPECIFIED.,.F.,.F.,.F.,(4,1,4),(2,
2),(0.,0.0109768182320919,0.0293073216742118),(-0.01,0.),.UNSPECIFIED.);
#64=B_SPLINE_SURFACE_WITH_KNOTS('',3,1,((#6037,#6038),(#6039,#6040),(#6041,
#6042),(#6043,#6044),(#6045,#6046)),.UNSPECIFIED.,.F.,.F.,.F.,(4,1,4),(2,
2),(0.,0.00863439283076888,0.0135977803572058),(-0.01,0.),.UNSPECIFIED.);
#65=B_SPLINE_SURFACE_WITH_KNOTS('',3,1,((#6054,#6055),(#6056,#6057),(#6058,
#6059),(#6060,#6061),(#6062,#6063)),.UNSPECIFIED.,.F.,.F.,.F.,(4,1,4),(2,
2),(0.,0.00320705999316447,0.00645168798649485),(-0.01,0.),
 .UNSPECIFIED.);
#66=B_SPLINE_SURFACE_WITH_KNOTS('',3,1,((#6071,#6072),(#6073,#6074),(#6075,
#6076),(#6077,#6078),(#6079,#6080)),.UNSPECIFIED.,.F.,.F.,.F.,(4,1,4),(2,
2),(0.,0.00385218010943339,0.00871555068414853),(-0.01,0.),
 .UNSPECIFIED.);
#67=B_SPLINE_CURVE_WITH_KNOTS('',3,(#4883,#4884,#4885,#4886,#4887),
 .UNSPECIFIED.,.F.,.F.,(4,1,4),(0.,0.0151483505945373,0.0257359284016429),
 .UNSPECIFIED.);
#68=B_SPLINE_CURVE_WITH_KNOTS('',3,(#4889,#4890,#4891,#4892,#4893),
 .UNSPECIFIED.,.F.,.F.,(4,1,4),(0.,0.0084201310290062,0.0167646510340522),
 .UNSPECIFIED.);
#69=B_SPLINE_CURVE_WITH_KNOTS('',3,(#4895,#4896,#4897,#4898,#4899),
 .UNSPECIFIED.,.F.,.F.,(4,1,4),(0.,0.0126723236255138,0.0267102127844365),
 .UNSPECIFIED.);
#70=B_SPLINE_CURVE_WITH_KNOTS('',3,(#4903,#4904,#4905,#4906,#4907),
 .UNSPECIFIED.,.F.,.F.,(4,1,4),(0.,0.00984874255130837,0.0189505759437374),
 .UNSPECIFIED.);
#71=B_SPLINE_CURVE_WITH_KNOTS('',3,(#4909,#4910,#4911,#4912,#4913),
 .UNSPECIFIED.,.F.,.F.,(4,1,4),(0.,0.0077378018161011,0.0154900786972013),
 .UNSPECIFIED.);
#72=B_SPLINE_CURVE_WITH_KNOTS('',3,(#4915,#4916,#4917,#4918,#4919),
 .UNSPECIFIED.,.F.,.F.,(4,1,4),(0.,0.00793625608882299,0.0164029387784545),
 .UNSPECIFIED.);
#73=B_SPLINE_CURVE_WITH_KNOTS('',3,(#4920,#4921,#4922,#4923,#4924),
 .UNSPECIFIED.,.F.,.F.,(4,1,4),(0.,0.014050189230938,0.0290238104439837),
 .UNSPECIFIED.);
#74=B_SPLINE_CURVE_WITH_KNOTS('',3,(#4927,#4928,#4929,#4930,#4931),
 .UNSPECIFIED.,.F.,.F.,(4,1,4),(0.,0.0279526542949987,0.0541460468703717),
 .UNSPECIFIED.);
#75=B_SPLINE_CURVE_WITH_KNOTS('',3,(#4933,#4934,#4935,#4936,#4937),
 .UNSPECIFIED.,.F.,.F.,(4,1,4),(0.,0.0276267012919842,0.0603630092614416),
 .UNSPECIFIED.);
#76=B_SPLINE_CURVE_WITH_KNOTS('',3,(#4939,#4940,#4941,#4942,#4943),
 .UNSPECIFIED.,.F.,.F.,(4,1,4),(0.,0.0354710539562652,0.0652415942271479),
 .UNSPECIFIED.);
#77=B_SPLINE_CURVE_WITH_KNOTS('',3,(#4945,#4946,#4947,#4948,#4949),
 .UNSPECIFIED.,.F.,.F.,(4,1,4),(0.,0.0239954974779894,0.0491490566062573),
 .UNSPECIFIED.);
#78=B_SPLINE_CURVE_WITH_KNOTS('',3,(#4951,#4952,#4953,#4954,#4955),
 .UNSPECIFIED.,.F.,.F.,(4,1,4),(0.,0.0275893837463137,0.0538118713491378),
 .UNSPECIFIED.);
#79=B_SPLINE_CURVE_WITH_KNOTS('',3,(#4957,#4958,#4959,#4960,#4961),
 .UNSPECIFIED.,.F.,.F.,(4,1,4),(0.,0.0272641045769424,0.0583912161308643),
 .UNSPECIFIED.);
#80=B_SPLINE_CURVE_WITH_KNOTS('',3,(#4963,#4964,#4965,#4966,#4967),
 .UNSPECIFIED.,.F.,.F.,(4,1,4),(0.,0.0250892520355257,0.0451824368738564),
 .UNSPECIFIED.);
#81=B_SPLINE_CURVE_WITH_KNOTS('',3,(#4969,#4970,#4971,#4972,#4973),
 .UNSPECIFIED.,.F.,.F.,(4,1,4),(0.,0.0175128187377292,0.0352209175207213),
 .UNSPECIFIED.);
#82=B_SPLINE_CURVE_WITH_KNOTS('',3,(#4974,#4975,#4976,#4977,#4978),
 .UNSPECIFIED.,.F.,.F.,(4,1,4),(0.,0.0179868088206236,0.0363340351120249),
 .UNSPECIFIED.);
#83=B_SPLINE_CURVE_WITH_KNOTS('',3,(#5011,#5012,#5013,#5014,#5015),
 .UNSPECIFIED.,.F.,.F.,(4,1,4),(0.,0.0264805456898912,0.0537448681201392),
 .UNSPECIFIED.);
#84=B_SPLINE_CURVE_WITH_KNOTS('',3,(#5017,#5018,#5019,#5020,#5021),
 .UNSPECIFIED.,.F.,.F.,(4,1,4),(0.,0.012607828049509,0.0246140624375386),
 .UNSPECIFIED.);
#85=B_SPLINE_CURVE_WITH_KNOTS('',3,(#5023,#5024,#5025,#5026,#5027),
 .UNSPECIFIED.,.F.,.F.,(4,1,4),(0.,0.0110545560899796,0.0207735651723353),
 .UNSPECIFIED.);
#86=B_SPLINE_CURVE_WITH_KNOTS('',3,(#5029,#5030,#5031,#5032,#5033),
 .UNSPECIFIED.,.F.,.F.,(4,1,4),(0.,0.00955727941011537,0.0197955826729153),
 .UNSPECIFIED.);
#87=B_SPLINE_CURVE_WITH_KNOTS('',3,(#5035,#5036,#5037,#5038,#5039),
 .UNSPECIFIED.,.F.,.F.,(4,1,4),(0.,0.00943486847498222,0.0239341366492662),
 .UNSPECIFIED.);
#88=B_SPLINE_CURVE_WITH_KNOTS('',3,(#5047,#5048,#5049,#5050,#5051),
 .UNSPECIFIED.,.F.,.F.,(4,1,4),(0.,0.0131164375236199,0.0226389645963719),
 .UNSPECIFIED.);
#89=B_SPLINE_CURVE_WITH_KNOTS('',3,(#5053,#5054,#5055,#5056,#5057),
 .UNSPECIFIED.,.F.,.F.,(4,1,4),(0.,0.00781459243759616,0.0159065880016634),
 .UNSPECIFIED.);
#90=B_SPLINE_CURVE_WITH_KNOTS('',3,(#5059,#5060,#5061,#5062,#5063),
 .UNSPECIFIED.,.F.,.F.,(4,1,4),(0.,0.00857159658988499,0.0178149617298782),
 .UNSPECIFIED.);
#91=B_SPLINE_CURVE_WITH_KNOTS('',3,(#5065,#5066,#5067,#5068,#5069),
 .UNSPECIFIED.,.F.,.F.,(4,1,4),(0.,0.0148420698357983,0.0294182511866701),
 .UNSPECIFIED.);
#92=B_SPLINE_CURVE_WITH_KNOTS('',3,(#5070,#5071,#5072,#5073,#5074),
 .UNSPECIFIED.,.F.,.F.,(4,1,4),(0.,0.0167409842087226,0.0402747706743192),
 .UNSPECIFIED.);
#93=B_SPLINE_CURVE_WITH_KNOTS('',3,(#5077,#5078,#5079,#5080,#5081),
 .UNSPECIFIED.,.F.,.F.,(4,1,4),(0.,0.00385218010943339,0.00871555068414853),
 .UNSPECIFIED.);
#94=B_SPLINE_CURVE_WITH_KNOTS('',3,(#5083,#5084,#5085,#5086,#5087),
 .UNSPECIFIED.,.F.,.F.,(4,1,4),(0.,0.00474684051457709,0.010825940025809),
 .UNSPECIFIED.);
#95=B_SPLINE_CURVE_WITH_KNOTS('',3,(#5091,#5092,#5093,#5094,#5095),
 .UNSPECIFIED.,.F.,.F.,(4,1,4),(0.,0.00995822016266543,0.018706382379594),
 .UNSPECIFIED.);
#96=B_SPLINE_CURVE_WITH_KNOTS('',3,(#5097,#5098,#5099,#5100,#5101),
 .UNSPECIFIED.,.F.,.F.,(4,1,4),(0.,0.0119159557735041,0.021333902272171),
 .UNSPECIFIED.);
#97=B_SPLINE_CURVE_WITH_KNOTS('',3,(#5103,#5104,#5105,#5106,#5107),
 .UNSPECIFIED.,.F.,.F.,(4,1,4),(0.,0.00794801894870844,0.0153547180798537),
 .UNSPECIFIED.);
#98=B_SPLINE_CURVE_WITH_KNOTS('',3,(#5109,#5110,#5111,#5112,#5113),
 .UNSPECIFIED.,.F.,.F.,(4,1,4),(0.,0.0109768182320919,0.0293073216742118),
 .UNSPECIFIED.);
#99=B_SPLINE_CURVE_WITH_KNOTS('',3,(#5137,#5138,#5139,#5140,#5141),
 .UNSPECIFIED.,.F.,.F.,(4,1,4),(0.,0.00863439283076888,0.0135977803572058),
 .UNSPECIFIED.);
#100=B_SPLINE_CURVE_WITH_KNOTS('',3,(#5142,#5143,#5144,#5145,#5146),
 .UNSPECIFIED.,.F.,.F.,(4,1,4),(0.,0.00320705999316447,0.00645168798649485),
 .UNSPECIFIED.);
#101=B_SPLINE_CURVE_WITH_KNOTS('',3,(#5178,#5179,#5180,#5181,#5182),
 .UNSPECIFIED.,.F.,.F.,(4,1,4),(0.,0.0171972179191098,0.0343664085478268),
 .UNSPECIFIED.);
#102=B_SPLINE_CURVE_WITH_KNOTS('',3,(#5184,#5185,#5186,#5187,#5188),
 .UNSPECIFIED.,.F.,.F.,(4,1,4),(0.,0.0195432460364258,0.0440498197702933),
 .UNSPECIFIED.);
#103=B_SPLINE_CURVE_WITH_KNOTS('',3,(#5190,#5191,#5192,#5193,#5194),
 .UNSPECIFIED.,.F.,.F.,(4,1,4),(0.,0.0245404349873792,0.0441742645227043),
 .UNSPECIFIED.);
#104=B_SPLINE_CURVE_WITH_KNOTS('',3,(#5196,#5197,#5198,#5199,#5200),
 .UNSPECIFIED.,.F.,.F.,(4,1,4),(0.,0.0171692678872837,0.0343663749828183),
 .UNSPECIFIED.);
#105=B_SPLINE_CURVE_WITH_KNOTS('',3,(#5202,#5203,#5204,#5205,#5206),
 .UNSPECIFIED.,.F.,.F.,(4,1,4),(0.,0.017103812777972,0.0343076628213478),
 .UNSPECIFIED.);
#106=B_SPLINE_CURVE_WITH_KNOTS('',3,(#5208,#5209,#5210,#5211,#5212),
 .UNSPECIFIED.,.F.,.F.,(4,1,4),(0.,0.0197850649459506,0.0448332379565832),
 .UNSPECIFIED.);
#107=B_SPLINE_CURVE_WITH_KNOTS('',3,(#5214,#5215,#5216,#5217,#5218),
 .UNSPECIFIED.,.F.,.F.,(4,1,4),(0.,0.0238004037163798,0.0431811150621365),
 .UNSPECIFIED.);
#108=B_SPLINE_CURVE_WITH_KNOTS('',3,(#5219,#5220,#5221,#5222,#5223),
 .UNSPECIFIED.,.F.,.F.,(4,1,4),(0.,0.0171767587065922,0.0341803239996938),
 .UNSPECIFIED.);
#109=B_SPLINE_CURVE_WITH_KNOTS('',3,(#5253,#5254,#5255,#5256,#5257),
 .UNSPECIFIED.,.F.,.F.,(4,1,4),(0.,0.0151483505945373,0.0257359284016429),
 .UNSPECIFIED.);
#110=B_SPLINE_CURVE_WITH_KNOTS('',3,(#5270,#5271,#5272,#5273,#5274),
 .UNSPECIFIED.,.F.,.F.,(4,1,4),(0.,0.0084201310290062,0.0167646510340522),
 .UNSPECIFIED.);
#111=B_SPLINE_CURVE_WITH_KNOTS('',3,(#5287,#5288,#5289,#5290,#5291),
 .UNSPECIFIED.,.F.,.F.,(4,1,4),(0.,0.0126723236255138,0.0267102127844365),
 .UNSPECIFIED.);
#112=B_SPLINE_CURVE_WITH_KNOTS('',3,(#5308,#5309,#5310,#5311,#5312),
 .UNSPECIFIED.,.F.,.F.,(4,1,4),(0.,0.00984874255130837,0.0189505759437374),
 .UNSPECIFIED.);
#113=B_SPLINE_CURVE_WITH_KNOTS('',3,(#5325,#5326,#5327,#5328,#5329),
 .UNSPECIFIED.,.F.,.F.,(4,1,4),(0.,0.0077378018161011,0.0154900786972013),
 .UNSPECIFIED.);
#114=B_SPLINE_CURVE_WITH_KNOTS('',3,(#5342,#5343,#5344,#5345,#5346),
 .UNSPECIFIED.,.F.,.F.,(4,1,4),(0.,0.00793625608882299,0.0164029387784545),
 .UNSPECIFIED.);
#115=B_SPLINE_CURVE_WITH_KNOTS('',3,(#5359,#5360,#5361,#5362,#5363),
 .UNSPECIFIED.,.F.,.F.,(4,1,4),(0.,0.014050189230938,0.0290238104439837),
 .UNSPECIFIED.);
#116=B_SPLINE_CURVE_WITH_KNOTS('',3,(#5380,#5381,#5382,#5383,#5384),
 .UNSPECIFIED.,.F.,.F.,(4,1,4),(0.,0.0195432460364258,0.0440498197702933),
 .UNSPECIFIED.);
#117=B_SPLINE_CURVE_WITH_KNOTS('',3,(#5398,#5399,#5400,#5401,#5402),
 .UNSPECIFIED.,.F.,.F.,(4,1,4),(0.,0.0245404349873792,0.0441742645227043),
 .UNSPECIFIED.);
#118=B_SPLINE_CURVE_WITH_KNOTS('',3,(#5415,#5416,#5417,#5418,#5419),
 .UNSPECIFIED.,.F.,.F.,(4,1,4),(0.,0.0171692678872837,0.0343663749828183),
 .UNSPECIFIED.);
#119=B_SPLINE_CURVE_WITH_KNOTS('',3,(#5432,#5433,#5434,#5435,#5436),
 .UNSPECIFIED.,.F.,.F.,(4,1,4),(0.,0.017103812777972,0.0343076628213478),
 .UNSPECIFIED.);
#120=B_SPLINE_CURVE_WITH_KNOTS('',3,(#5449,#5450,#5451,#5452,#5453),
 .UNSPECIFIED.,.F.,.F.,(4,1,4),(0.,0.0197850649459506,0.0448332379565832),
 .UNSPECIFIED.);
#121=B_SPLINE_CURVE_WITH_KNOTS('',3,(#5466,#5467,#5468,#5469,#5470),
 .UNSPECIFIED.,.F.,.F.,(4,1,4),(0.,0.0238004037163798,0.0431811150621365),
 .UNSPECIFIED.);
#122=B_SPLINE_CURVE_WITH_KNOTS('',3,(#5483,#5484,#5485,#5486,#5487),
 .UNSPECIFIED.,.F.,.F.,(4,1,4),(0.,0.0171767587065922,0.0341803239996938),
 .UNSPECIFIED.);
#123=B_SPLINE_CURVE_WITH_KNOTS('',3,(#5499,#5500,#5501,#5502,#5503),
 .UNSPECIFIED.,.F.,.F.,(4,1,4),(0.,0.0171972179191098,0.0343664085478268),
 .UNSPECIFIED.);
#124=B_SPLINE_CURVE_WITH_KNOTS('',3,(#5516,#5517,#5518,#5519,#5520),
 .UNSPECIFIED.,.F.,.F.,(4,1,4),(0.,0.0276267012919842,0.0603630092614416),
 .UNSPECIFIED.);
#125=B_SPLINE_CURVE_WITH_KNOTS('',3,(#5534,#5535,#5536,#5537,#5538),
 .UNSPECIFIED.,.F.,.F.,(4,1,4),(0.,0.0354710539562652,0.0652415942271479),
 .UNSPECIFIED.);
#126=B_SPLINE_CURVE_WITH_KNOTS('',3,(#5551,#5552,#5553,#5554,#5555),
 .UNSPECIFIED.,.F.,.F.,(4,1,4),(0.,0.0239954974779894,0.0491490566062573),
 .UNSPECIFIED.);
#127=B_SPLINE_CURVE_WITH_KNOTS('',3,(#5568,#5569,#5570,#5571,#5572),
 .UNSPECIFIED.,.F.,.F.,(4,1,4),(0.,0.0275893837463137,0.0538118713491378),
 .UNSPECIFIED.);
#128=B_SPLINE_CURVE_WITH_KNOTS('',3,(#5585,#5586,#5587,#5588,#5589),
 .UNSPECIFIED.,.F.,.F.,(4,1,4),(0.,0.0272641045769424,0.0583912161308643),
 .UNSPECIFIED.);
#129=B_SPLINE_CURVE_WITH_KNOTS('',3,(#5602,#5603,#5604,#5605,#5606),
 .UNSPECIFIED.,.F.,.F.,(4,1,4),(0.,0.0250892520355257,0.0451824368738564),
 .UNSPECIFIED.);
#130=B_SPLINE_CURVE_WITH_KNOTS('',3,(#5619,#5620,#5621,#5622,#5623),
 .UNSPECIFIED.,.F.,.F.,(4,1,4),(0.,0.0175128187377292,0.0352209175207213),
 .UNSPECIFIED.);
#131=B_SPLINE_CURVE_WITH_KNOTS('',3,(#5636,#5637,#5638,#5639,#5640),
 .UNSPECIFIED.,.F.,.F.,(4,1,4),(0.,0.0179868088206236,0.0363340351120249),
 .UNSPECIFIED.);
#132=B_SPLINE_CURVE_WITH_KNOTS('',3,(#5652,#5653,#5654,#5655,#5656),
 .UNSPECIFIED.,.F.,.F.,(4,1,4),(0.,0.0279526542949987,0.0541460468703717),
 .UNSPECIFIED.);
#133=B_SPLINE_CURVE_WITH_KNOTS('',3,(#5728,#5729,#5730,#5731,#5732),
 .UNSPECIFIED.,.F.,.F.,(4,1,4),(0.,0.0264805456898912,0.0537448681201392),
 .UNSPECIFIED.);
#134=B_SPLINE_CURVE_WITH_KNOTS('',3,(#5745,#5746,#5747,#5748,#5749),
 .UNSPECIFIED.,.F.,.F.,(4,1,4),(0.,0.012607828049509,0.0246140624375386),
 .UNSPECIFIED.);
#135=B_SPLINE_CURVE_WITH_KNOTS('',3,(#5762,#5763,#5764,#5765,#5766),
 .UNSPECIFIED.,.F.,.F.,(4,1,4),(0.,0.0110545560899796,0.0207735651723353),
 .UNSPECIFIED.);
#136=B_SPLINE_CURVE_WITH_KNOTS('',3,(#5779,#5780,#5781,#5782,#5783),
 .UNSPECIFIED.,.F.,.F.,(4,1,4),(0.,0.00955727941011537,0.0197955826729153),
 .UNSPECIFIED.);
#137=B_SPLINE_CURVE_WITH_KNOTS('',3,(#5796,#5797,#5798,#5799,#5800),
 .UNSPECIFIED.,.F.,.F.,(4,1,4),(0.,0.00943486847498222,0.0239341366492662),
 .UNSPECIFIED.);
#138=B_SPLINE_CURVE_WITH_KNOTS('',3,(#5825,#5826,#5827,#5828,#5829),
 .UNSPECIFIED.,.F.,.F.,(4,1,4),(0.,0.0131164375236199,0.0226389645963719),
 .UNSPECIFIED.);
#139=B_SPLINE_CURVE_WITH_KNOTS('',3,(#5842,#5843,#5844,#5845,#5846),
 .UNSPECIFIED.,.F.,.F.,(4,1,4),(0.,0.00781459243759616,0.0159065880016634),
 .UNSPECIFIED.);
#140=B_SPLINE_CURVE_WITH_KNOTS('',3,(#5859,#5860,#5861,#5862,#5863),
 .UNSPECIFIED.,.F.,.F.,(4,1,4),(0.,0.00857159658988499,0.0178149617298782),
 .UNSPECIFIED.);
#141=B_SPLINE_CURVE_WITH_KNOTS('',3,(#5876,#5877,#5878,#5879,#5880),
 .UNSPECIFIED.,.F.,.F.,(4,1,4),(0.,0.0148420698357983,0.0294182511866701),
 .UNSPECIFIED.);
#142=B_SPLINE_CURVE_WITH_KNOTS('',3,(#5893,#5894,#5895,#5896,#5897),
 .UNSPECIFIED.,.F.,.F.,(4,1,4),(0.,0.0167409842087226,0.0402747706743192),
 .UNSPECIFIED.);
#143=B_SPLINE_CURVE_WITH_KNOTS('',3,(#5914,#5915,#5916,#5917,#5918),
 .UNSPECIFIED.,.F.,.F.,(4,1,4),(0.,0.00474684051457709,0.010825940025809),
 .UNSPECIFIED.);
#144=B_SPLINE_CURVE_WITH_KNOTS('',3,(#5936,#5937,#5938,#5939,#5940),
 .UNSPECIFIED.,.F.,.F.,(4,1,4),(0.,0.00995822016266543,0.018706382379594),
 .UNSPECIFIED.);
#145=B_SPLINE_CURVE_WITH_KNOTS('',3,(#5953,#5954,#5955,#5956,#5957),
 .UNSPECIFIED.,.F.,.F.,(4,1,4),(0.,0.0119159557735041,0.021333902272171),
 .UNSPECIFIED.);
#146=B_SPLINE_CURVE_WITH_KNOTS('',3,(#5970,#5971,#5972,#5973,#5974),
 .UNSPECIFIED.,.F.,.F.,(4,1,4),(0.,0.00794801894870844,0.0153547180798537),
 .UNSPECIFIED.);
#147=B_SPLINE_CURVE_WITH_KNOTS('',3,(#5987,#5988,#5989,#5990,#5991),
 .UNSPECIFIED.,.F.,.F.,(4,1,4),(0.,0.0109768182320919,0.0293073216742118),
 .UNSPECIFIED.);
#148=B_SPLINE_CURVE_WITH_KNOTS('',3,(#6048,#6049,#6050,#6051,#6052),
 .UNSPECIFIED.,.F.,.F.,(4,1,4),(0.,0.00863439283076888,0.0135977803572058),
 .UNSPECIFIED.);
#149=B_SPLINE_CURVE_WITH_KNOTS('',3,(#6065,#6066,#6067,#6068,#6069),
 .UNSPECIFIED.,.F.,.F.,(4,1,4),(0.,0.00320705999316447,0.00645168798649485),
 .UNSPECIFIED.);
#150=B_SPLINE_CURVE_WITH_KNOTS('',3,(#6081,#6082,#6083,#6084,#6085),
 .UNSPECIFIED.,.F.,.F.,(4,1,4),(0.,0.00385218010943339,0.00871555068414853),
 .UNSPECIFIED.);
#151=SHAPE_REPRESENTATION_RELATIONSHIP('SRR','None',#6282,#154);
#152=SHAPE_REPRESENTATION_RELATIONSHIP('SRR','None',#6283,#155);
#153=SHAPE_REPRESENTATION_RELATIONSHIP('SRR','None',#6284,#156);
#154=ADVANCED_BREP_SHAPE_REPRESENTATION('',(#168,#169,#170,#171,#172),#6262);
#155=ADVANCED_BREP_SHAPE_REPRESENTATION('',(#173,#174,#175,#176,#177),#6263);
#156=ADVANCED_BREP_SHAPE_REPRESENTATION('',(#178),#6264);
#157=STYLED_ITEM('',(#6305),#168);
#158=STYLED_ITEM('',(#6305),#169);
#159=STYLED_ITEM('',(#6305),#170);
#160=STYLED_ITEM('',(#6305),#171);
#161=STYLED_ITEM('',(#6305),#172);
#162=STYLED_ITEM('',(#6305),#173);
#163=STYLED_ITEM('',(#6305),#174);
#164=STYLED_ITEM('',(#6305),#175);
#165=STYLED_ITEM('',(#6305),#176);
#166=STYLED_ITEM('',(#6305),#177);
#167=STYLED_ITEM('',(#6305),#178);
#168=MANIFOLD_SOLID_BREP('Body16',#3439);
#169=MANIFOLD_SOLID_BREP('Body18',#3440);
#170=MANIFOLD_SOLID_BREP('Body10',#3441);
#171=MANIFOLD_SOLID_BREP('Body11',#3442);
#172=MANIFOLD_SOLID_BREP('Body14',#3443);
#173=MANIFOLD_SOLID_BREP('Body5',#3444);
#174=MANIFOLD_SOLID_BREP('Body5',#3445);
#175=MANIFOLD_SOLID_BREP('Body5',#3446);
#176=MANIFOLD_SOLID_BREP('Body5',#3447);
#177=MANIFOLD_SOLID_BREP('Body5',#3448);
#178=MANIFOLD_SOLID_BREP('Body1',#3449);
#179=FACE_BOUND('',#469,.T.);
#180=FACE_BOUND('',#474,.T.);
#181=FACE_BOUND('',#488,.T.);
#182=FACE_BOUND('',#492,.T.);
#183=FACE_BOUND('',#494,.T.);
#184=FACE_BOUND('',#498,.T.);
#185=FACE_BOUND('',#500,.T.);
#186=FACE_BOUND('',#504,.T.);
#187=FACE_BOUND('',#508,.T.);
#188=FACE_BOUND('',#510,.T.);
#189=FACE_BOUND('',#515,.T.);
#190=FACE_BOUND('',#517,.T.);
#191=FACE_BOUND('',#521,.T.);
#192=FACE_BOUND('',#523,.T.);
#193=FACE_BOUND('',#525,.T.);
#194=FACE_BOUND('',#527,.T.);
#195=FACE_BOUND('',#533,.T.);
#196=FACE_BOUND('',#535,.T.);
#197=FACE_BOUND('',#537,.T.);
#198=FACE_BOUND('',#538,.T.);
#199=FACE_BOUND('',#539,.T.);
#200=FACE_BOUND('',#540,.T.);
#201=FACE_BOUND('',#541,.T.);
#202=FACE_BOUND('',#542,.T.);
#203=FACE_BOUND('',#543,.T.);
#204=FACE_BOUND('',#545,.T.);
#205=FACE_BOUND('',#546,.T.);
#206=FACE_BOUND('',#547,.T.);
#207=FACE_BOUND('',#548,.T.);
#208=FACE_BOUND('',#549,.T.);
#209=FACE_BOUND('',#550,.T.);
#210=FACE_BOUND('',#551,.T.);
#211=FACE_BOUND('',#552,.T.);
#212=FACE_BOUND('',#553,.T.);
#213=FACE_BOUND('',#554,.T.);
#214=FACE_BOUND('',#555,.T.);
#215=FACE_BOUND('',#556,.T.);
#216=FACE_BOUND('',#596,.T.);
#217=FACE_BOUND('',#671,.T.);
#218=FACE_BOUND('',#676,.T.);
#219=FACE_BOUND('',#677,.T.);
#220=FACE_BOUND('',#683,.T.);
#221=FACE_BOUND('',#690,.T.);
#222=FACE_BOUND('',#691,.T.);
#223=FACE_BOUND('',#692,.T.);
#224=FACE_BOUND('',#693,.T.);
#225=FACE_BOUND('',#694,.T.);
#226=FACE_BOUND('',#695,.T.);
#227=FACE_BOUND('',#696,.T.);
#228=CYLINDRICAL_SURFACE('',#3492,3.5);
#229=CYLINDRICAL_SURFACE('',#3495,20.);
#230=CYLINDRICAL_SURFACE('',#3499,13.);
#231=CYLINDRICAL_SURFACE('',#3503,19.);
#232=CYLINDRICAL_SURFACE('',#3507,2.5);
#233=CYLINDRICAL_SURFACE('',#3519,20.);
#234=CYLINDRICAL_SURFACE('',#3522,2.5);
#235=CYLINDRICAL_SURFACE('',#3526,13.);
#236=CYLINDRICAL_SURFACE('',#3531,3.5);
#237=CYLINDRICAL_SURFACE('',#3533,19.);
#238=CYLINDRICAL_SURFACE('',#3543,1.);
#239=CYLINDRICAL_SURFACE('',#3545,3.);
#240=CYLINDRICAL_SURFACE('',#3551,1.);
#241=CYLINDRICAL_SURFACE('',#3553,3.);
#242=CYLINDRICAL_SURFACE('',#3556,1.);
#243=CYLINDRICAL_SURFACE('',#3559,3.);
#244=CYLINDRICAL_SURFACE('',#3565,1.5);
#245=CYLINDRICAL_SURFACE('',#3568,0.875);
#246=CYLINDRICAL_SURFACE('',#3571,1.5);
#247=CYLINDRICAL_SURFACE('',#3576,0.875);
#248=CYLINDRICAL_SURFACE('',#3579,1.5);
#249=CYLINDRICAL_SURFACE('',#3590,1.5);
#250=CYLINDRICAL_SURFACE('',#3591,0.875);
#251=CYLINDRICAL_SURFACE('',#3592,0.875);
#252=CYLINDRICAL_SURFACE('',#3595,1.5);
#253=CYLINDRICAL_SURFACE('',#3618,24.);
#254=CYLINDRICAL_SURFACE('',#3620,24.);
#255=CYLINDRICAL_SURFACE('',#3622,15.75);
#256=CYLINDRICAL_SURFACE('',#3623,16.5);
#257=CYLINDRICAL_SURFACE('',#3666,1.5);
#258=CYLINDRICAL_SURFACE('',#3667,1.5);
#259=CYLINDRICAL_SURFACE('',#3668,1.5);
#260=CYLINDRICAL_SURFACE('',#3669,1.5);
#261=CYLINDRICAL_SURFACE('',#3679,1.);
#262=CYLINDRICAL_SURFACE('',#3682,1.);
#263=CYLINDRICAL_SURFACE('',#3686,1.);
#264=CYLINDRICAL_SURFACE('',#3690,1.);
#265=CYLINDRICAL_SURFACE('',#3707,21.75);
#266=CYLINDRICAL_SURFACE('',#3714,4.5);
#267=CYLINDRICAL_SURFACE('',#3720,17.);
#268=CYLINDRICAL_SURFACE('',#3728,15.75);
#269=CYLINDRICAL_SURFACE('',#3734,20.5);
#270=FACE_OUTER_BOUND('',#459,.T.);
#271=FACE_OUTER_BOUND('',#460,.T.);
#272=FACE_OUTER_BOUND('',#461,.T.);
#273=FACE_OUTER_BOUND('',#462,.T.);
#274=FACE_OUTER_BOUND('',#463,.T.);
#275=FACE_OUTER_BOUND('',#464,.T.);
#276=FACE_OUTER_BOUND('',#465,.T.);
#277=FACE_OUTER_BOUND('',#466,.T.);
#278=FACE_OUTER_BOUND('',#467,.T.);
#279=FACE_OUTER_BOUND('',#468,.T.);
#280=FACE_OUTER_BOUND('',#470,.T.);
#281=FACE_OUTER_BOUND('',#471,.T.);
#282=FACE_OUTER_BOUND('',#472,.T.);
#283=FACE_OUTER_BOUND('',#473,.T.);
#284=FACE_OUTER_BOUND('',#475,.T.);
#285=FACE_OUTER_BOUND('',#476,.T.);
#286=FACE_OUTER_BOUND('',#477,.T.);
#287=FACE_OUTER_BOUND('',#478,.T.);
#288=FACE_OUTER_BOUND('',#479,.T.);
#289=FACE_OUTER_BOUND('',#480,.T.);
#290=FACE_OUTER_BOUND('',#481,.T.);
#291=FACE_OUTER_BOUND('',#482,.T.);
#292=FACE_OUTER_BOUND('',#483,.T.);
#293=FACE_OUTER_BOUND('',#484,.T.);
#294=FACE_OUTER_BOUND('',#485,.T.);
#295=FACE_OUTER_BOUND('',#486,.T.);
#296=FACE_OUTER_BOUND('',#487,.T.);
#297=FACE_OUTER_BOUND('',#489,.T.);
#298=FACE_OUTER_BOUND('',#490,.T.);
#299=FACE_OUTER_BOUND('',#491,.T.);
#300=FACE_OUTER_BOUND('',#493,.T.);
#301=FACE_OUTER_BOUND('',#495,.T.);
#302=FACE_OUTER_BOUND('',#496,.T.);
#303=FACE_OUTER_BOUND('',#497,.T.);
#304=FACE_OUTER_BOUND('',#499,.T.);
#305=FACE_OUTER_BOUND('',#501,.T.);
#306=FACE_OUTER_BOUND('',#502,.T.);
#307=FACE_OUTER_BOUND('',#503,.T.);
#308=FACE_OUTER_BOUND('',#505,.T.);
#309=FACE_OUTER_BOUND('',#506,.T.);
#310=FACE_OUTER_BOUND('',#507,.T.);
#311=FACE_OUTER_BOUND('',#509,.T.);
#312=FACE_OUTER_BOUND('',#511,.T.);
#313=FACE_OUTER_BOUND('',#512,.T.);
#314=FACE_OUTER_BOUND('',#513,.T.);
#315=FACE_OUTER_BOUND('',#514,.T.);
#316=FACE_OUTER_BOUND('',#516,.T.);
#317=FACE_OUTER_BOUND('',#518,.T.);
#318=FACE_OUTER_BOUND('',#519,.T.);
#319=FACE_OUTER_BOUND('',#520,.T.);
#320=FACE_OUTER_BOUND('',#522,.T.);
#321=FACE_OUTER_BOUND('',#524,.T.);
#322=FACE_OUTER_BOUND('',#526,.T.);
#323=FACE_OUTER_BOUND('',#528,.T.);
#324=FACE_OUTER_BOUND('',#529,.T.);
#325=FACE_OUTER_BOUND('',#530,.T.);
#326=FACE_OUTER_BOUND('',#531,.T.);
#327=FACE_OUTER_BOUND('',#532,.T.);
#328=FACE_OUTER_BOUND('',#534,.T.);
#329=FACE_OUTER_BOUND('',#536,.T.);
#330=FACE_OUTER_BOUND('',#544,.T.);
#331=FACE_OUTER_BOUND('',#557,.T.);
#332=FACE_OUTER_BOUND('',#558,.T.);
#333=FACE_OUTER_BOUND('',#559,.T.);
#334=FACE_OUTER_BOUND('',#560,.T.);
#335=FACE_OUTER_BOUND('',#561,.T.);
#336=FACE_OUTER_BOUND('',#562,.T.);
#337=FACE_OUTER_BOUND('',#563,.T.);
#338=FACE_OUTER_BOUND('',#564,.T.);
#339=FACE_OUTER_BOUND('',#565,.T.);
#340=FACE_OUTER_BOUND('',#566,.T.);
#341=FACE_OUTER_BOUND('',#567,.T.);
#342=FACE_OUTER_BOUND('',#568,.T.);
#343=FACE_OUTER_BOUND('',#569,.T.);
#344=FACE_OUTER_BOUND('',#570,.T.);
#345=FACE_OUTER_BOUND('',#571,.T.);
#346=FACE_OUTER_BOUND('',#572,.T.);
#347=FACE_OUTER_BOUND('',#573,.T.);
#348=FACE_OUTER_BOUND('',#574,.T.);
#349=FACE_OUTER_BOUND('',#575,.T.);
#350=FACE_OUTER_BOUND('',#576,.T.);
#351=FACE_OUTER_BOUND('',#577,.T.);
#352=FACE_OUTER_BOUND('',#578,.T.);
#353=FACE_OUTER_BOUND('',#579,.T.);
#354=FACE_OUTER_BOUND('',#580,.T.);
#355=FACE_OUTER_BOUND('',#581,.T.);
#356=FACE_OUTER_BOUND('',#582,.T.);
#357=FACE_OUTER_BOUND('',#583,.T.);
#358=FACE_OUTER_BOUND('',#584,.T.);
#359=FACE_OUTER_BOUND('',#585,.T.);
#360=FACE_OUTER_BOUND('',#586,.T.);
#361=FACE_OUTER_BOUND('',#587,.T.);
#362=FACE_OUTER_BOUND('',#588,.T.);
#363=FACE_OUTER_BOUND('',#589,.T.);
#364=FACE_OUTER_BOUND('',#590,.T.);
#365=FACE_OUTER_BOUND('',#591,.T.);
#366=FACE_OUTER_BOUND('',#592,.T.);
#367=FACE_OUTER_BOUND('',#593,.T.);
#368=FACE_OUTER_BOUND('',#594,.T.);
#369=FACE_OUTER_BOUND('',#595,.T.);
#370=FACE_OUTER_BOUND('',#597,.T.);
#371=FACE_OUTER_BOUND('',#598,.T.);
#372=FACE_OUTER_BOUND('',#599,.T.);
#373=FACE_OUTER_BOUND('',#600,.T.);
#374=FACE_OUTER_BOUND('',#601,.T.);
#375=FACE_OUTER_BOUND('',#602,.T.);
#376=FACE_OUTER_BOUND('',#603,.T.);
#377=FACE_OUTER_BOUND('',#604,.T.);
#378=FACE_OUTER_BOUND('',#605,.T.);
#379=FACE_OUTER_BOUND('',#606,.T.);
#380=FACE_OUTER_BOUND('',#607,.T.);
#381=FACE_OUTER_BOUND('',#608,.T.);
#382=FACE_OUTER_BOUND('',#609,.T.);
#383=FACE_OUTER_BOUND('',#610,.T.);
#384=FACE_OUTER_BOUND('',#611,.T.);
#385=FACE_OUTER_BOUND('',#612,.T.);
#386=FACE_OUTER_BOUND('',#613,.T.);
#387=FACE_OUTER_BOUND('',#614,.T.);
#388=FACE_OUTER_BOUND('',#615,.T.);
#389=FACE_OUTER_BOUND('',#616,.T.);
#390=FACE_OUTER_BOUND('',#617,.T.);
#391=FACE_OUTER_BOUND('',#618,.T.);
#392=FACE_OUTER_BOUND('',#619,.T.);
#393=FACE_OUTER_BOUND('',#620,.T.);
#394=FACE_OUTER_BOUND('',#621,.T.);
#395=FACE_OUTER_BOUND('',#622,.T.);
#396=FACE_OUTER_BOUND('',#623,.T.);
#397=FACE_OUTER_BOUND('',#624,.T.);
#398=FACE_OUTER_BOUND('',#625,.T.);
#399=FACE_OUTER_BOUND('',#626,.T.);
#400=FACE_OUTER_BOUND('',#627,.T.);
#401=FACE_OUTER_BOUND('',#628,.T.);
#402=FACE_OUTER_BOUND('',#629,.T.);
#403=FACE_OUTER_BOUND('',#630,.T.);
#404=FACE_OUTER_BOUND('',#631,.T.);
#405=FACE_OUTER_BOUND('',#632,.T.);
#406=FACE_OUTER_BOUND('',#633,.T.);
#407=FACE_OUTER_BOUND('',#634,.T.);
#408=FACE_OUTER_BOUND('',#635,.T.);
#409=FACE_OUTER_BOUND('',#636,.T.);
#410=FACE_OUTER_BOUND('',#637,.T.);
#411=FACE_OUTER_BOUND('',#638,.T.);
#412=FACE_OUTER_BOUND('',#639,.T.);
#413=FACE_OUTER_BOUND('',#640,.T.);
#414=FACE_OUTER_BOUND('',#641,.T.);
#415=FACE_OUTER_BOUND('',#642,.T.);
#416=FACE_OUTER_BOUND('',#643,.T.);
#417=FACE_OUTER_BOUND('',#644,.T.);
#418=FACE_OUTER_BOUND('',#645,.T.);
#419=FACE_OUTER_BOUND('',#646,.T.);
#420=FACE_OUTER_BOUND('',#647,.T.);
#421=FACE_OUTER_BOUND('',#648,.T.);
#422=FACE_OUTER_BOUND('',#649,.T.);
#423=FACE_OUTER_BOUND('',#650,.T.);
#424=FACE_OUTER_BOUND('',#651,.T.);
#425=FACE_OUTER_BOUND('',#652,.T.);
#426=FACE_OUTER_BOUND('',#653,.T.);
#427=FACE_OUTER_BOUND('',#654,.T.);
#428=FACE_OUTER_BOUND('',#655,.T.);
#429=FACE_OUTER_BOUND('',#656,.T.);
#430=FACE_OUTER_BOUND('',#657,.T.);
#431=FACE_OUTER_BOUND('',#658,.T.);
#432=FACE_OUTER_BOUND('',#659,.T.);
#433=FACE_OUTER_BOUND('',#660,.T.);
#434=FACE_OUTER_BOUND('',#661,.T.);
#435=FACE_OUTER_BOUND('',#662,.T.);
#436=FACE_OUTER_BOUND('',#663,.T.);
#437=FACE_OUTER_BOUND('',#664,.T.);
#438=FACE_OUTER_BOUND('',#665,.T.);
#439=FACE_OUTER_BOUND('',#666,.T.);
#440=FACE_OUTER_BOUND('',#667,.T.);
#441=FACE_OUTER_BOUND('',#668,.T.);
#442=FACE_OUTER_BOUND('',#669,.T.);
#443=FACE_OUTER_BOUND('',#670,.T.);
#444=FACE_OUTER_BOUND('',#672,.T.);
#445=FACE_OUTER_BOUND('',#673,.T.);
#446=FACE_OUTER_BOUND('',#674,.T.);
#447=FACE_OUTER_BOUND('',#675,.T.);
#448=FACE_OUTER_BOUND('',#678,.T.);
#449=FACE_OUTER_BOUND('',#679,.T.);
#450=FACE_OUTER_BOUND('',#680,.T.);
#451=FACE_OUTER_BOUND('',#681,.T.);
#452=FACE_OUTER_BOUND('',#682,.T.);
#453=FACE_OUTER_BOUND('',#684,.T.);
#454=FACE_OUTER_BOUND('',#685,.T.);
#455=FACE_OUTER_BOUND('',#686,.T.);
#456=FACE_OUTER_BOUND('',#687,.T.);
#457=FACE_OUTER_BOUND('',#688,.T.);
#458=FACE_OUTER_BOUND('',#689,.T.);
#459=EDGE_LOOP('',(#2187,#2188,#2189,#2190,#2191,#2192,#2193,#2194));
#460=EDGE_LOOP('',(#2195,#2196,#2197,#2198));
#461=EDGE_LOOP('',(#2199,#2200,#2201,#2202));
#462=EDGE_LOOP('',(#2203,#2204,#2205,#2206));
#463=EDGE_LOOP('',(#2207,#2208,#2209,#2210,#2211,#2212));
#464=EDGE_LOOP('',(#2213,#2214,#2215,#2216,#2217,#2218,#2219,#2220));
#465=EDGE_LOOP('',(#2221,#2222,#2223,#2224));
#466=EDGE_LOOP('',(#2225,#2226,#2227,#2228));
#467=EDGE_LOOP('',(#2229,#2230,#2231,#2232,#2233,#2234));
#468=EDGE_LOOP('',(#2235,#2236,#2237,#2238,#2239));
#469=EDGE_LOOP('',(#2240));
#470=EDGE_LOOP('',(#2241,#2242,#2243,#2244));
#471=EDGE_LOOP('',(#2245,#2246,#2247,#2248));
#472=EDGE_LOOP('',(#2249,#2250,#2251,#2252));
#473=EDGE_LOOP('',(#2253,#2254,#2255,#2256,#2257));
#474=EDGE_LOOP('',(#2258));
#475=EDGE_LOOP('',(#2259,#2260,#2261,#2262,#2263,#2264));
#476=EDGE_LOOP('',(#2265,#2266,#2267,#2268,#2269,#2270,#2271,#2272));
#477=EDGE_LOOP('',(#2273,#2274,#2275,#2276));
#478=EDGE_LOOP('',(#2277,#2278,#2279,#2280,#2281,#2282));
#479=EDGE_LOOP('',(#2283,#2284,#2285,#2286));
#480=EDGE_LOOP('',(#2287,#2288,#2289,#2290));
#481=EDGE_LOOP('',(#2291,#2292,#2293,#2294,#2295,#2296,#2297,#2298));
#482=EDGE_LOOP('',(#2299,#2300,#2301,#2302));
#483=EDGE_LOOP('',(#2303,#2304,#2305,#2306));
#484=EDGE_LOOP('',(#2307,#2308,#2309,#2310));
#485=EDGE_LOOP('',(#2311,#2312,#2313,#2314));
#486=EDGE_LOOP('',(#2315,#2316,#2317,#2318,#2319,#2320));
#487=EDGE_LOOP('',(#2321,#2322,#2323,#2324,#2325));
#488=EDGE_LOOP('',(#2326));
#489=EDGE_LOOP('',(#2327,#2328,#2329,#2330,#2331,#2332));
#490=EDGE_LOOP('',(#2333,#2334,#2335,#2336));
#491=EDGE_LOOP('',(#2337,#2338,#2339,#2340,#2341));
#492=EDGE_LOOP('',(#2342));
#493=EDGE_LOOP('',(#2343));
#494=EDGE_LOOP('',(#2344));
#495=EDGE_LOOP('',(#2345,#2346,#2347,#2348));
#496=EDGE_LOOP('',(#2349,#2350,#2351,#2352));
#497=EDGE_LOOP('',(#2353));
#498=EDGE_LOOP('',(#2354));
#499=EDGE_LOOP('',(#2355));
#500=EDGE_LOOP('',(#2356));
#501=EDGE_LOOP('',(#2357,#2358,#2359,#2360));
#502=EDGE_LOOP('',(#2361,#2362,#2363,#2364));
#503=EDGE_LOOP('',(#2365));
#504=EDGE_LOOP('',(#2366));
#505=EDGE_LOOP('',(#2367,#2368,#2369,#2370));
#506=EDGE_LOOP('',(#2371,#2372,#2373,#2374));
#507=EDGE_LOOP('',(#2375));
#508=EDGE_LOOP('',(#2376));
#509=EDGE_LOOP('',(#2377));
#510=EDGE_LOOP('',(#2378));
#511=EDGE_LOOP('',(#2379,#2380,#2381,#2382));
#512=EDGE_LOOP('',(#2383,#2384,#2385,#2386));
#513=EDGE_LOOP('',(#2387,#2388,#2389,#2390));
#514=EDGE_LOOP('',(#2391,#2392));
#515=EDGE_LOOP('',(#2393));
#516=EDGE_LOOP('',(#2394,#2395));
#517=EDGE_LOOP('',(#2396));
#518=EDGE_LOOP('',(#2397,#2398,#2399,#2400));
#519=EDGE_LOOP('',(#2401,#2402,#2403,#2404));
#520=EDGE_LOOP('',(#2405));
#521=EDGE_LOOP('',(#2406));
#522=EDGE_LOOP('',(#2407));
#523=EDGE_LOOP('',(#2408));
#524=EDGE_LOOP('',(#2409));
#525=EDGE_LOOP('',(#2410));
#526=EDGE_LOOP('',(#2411));
#527=EDGE_LOOP('',(#2412));
#528=EDGE_LOOP('',(#2413,#2414,#2415,#2416));
#529=EDGE_LOOP('',(#2417,#2418,#2419,#2420));
#530=EDGE_LOOP('',(#2421,#2422,#2423,#2424));
#531=EDGE_LOOP('',(#2425,#2426,#2427,#2428));
#532=EDGE_LOOP('',(#2429));
#533=EDGE_LOOP('',(#2430));
#534=EDGE_LOOP('',(#2431));
#535=EDGE_LOOP('',(#2432));
#536=EDGE_LOOP('',(#2433,#2434,#2435,#2436));
#537=EDGE_LOOP('',(#2437));
#538=EDGE_LOOP('',(#2438));
#539=EDGE_LOOP('',(#2439));
#540=EDGE_LOOP('',(#2440));
#541=EDGE_LOOP('',(#2441));
#542=EDGE_LOOP('',(#2442));
#543=EDGE_LOOP('',(#2443,#2444,#2445,#2446,#2447,#2448,#2449,#2450));
#544=EDGE_LOOP('',(#2451,#2452,#2453,#2454));
#545=EDGE_LOOP('',(#2455));
#546=EDGE_LOOP('',(#2456));
#547=EDGE_LOOP('',(#2457));
#548=EDGE_LOOP('',(#2458));
#549=EDGE_LOOP('',(#2459));
#550=EDGE_LOOP('',(#2460));
#551=EDGE_LOOP('',(#2461,#2462,#2463,#2464,#2465,#2466,#2467,#2468,#2469,
#2470,#2471,#2472,#2473));
#552=EDGE_LOOP('',(#2474,#2475,#2476,#2477,#2478,#2479,#2480,#2481,#2482));
#553=EDGE_LOOP('',(#2483,#2484,#2485,#2486,#2487,#2488,#2489,#2490,#2491,
#2492));
#554=EDGE_LOOP('',(#2493,#2494,#2495,#2496,#2497,#2498,#2499,#2500,#2501,
#2502,#2503,#2504,#2505,#2506,#2507,#2508,#2509,#2510));
#555=EDGE_LOOP('',(#2511,#2512,#2513,#2514,#2515,#2516,#2517,#2518,#2519,
#2520,#2521,#2522,#2523,#2524,#2525,#2526,#2527,#2528,#2529,#2530));
#556=EDGE_LOOP('',(#2531,#2532,#2533,#2534,#2535,#2536,#2537,#2538));
#557=EDGE_LOOP('',(#2539,#2540,#2541,#2542));
#558=EDGE_LOOP('',(#2543,#2544,#2545,#2546));
#559=EDGE_LOOP('',(#2547,#2548,#2549,#2550));
#560=EDGE_LOOP('',(#2551,#2552,#2553,#2554));
#561=EDGE_LOOP('',(#2555,#2556,#2557,#2558));
#562=EDGE_LOOP('',(#2559,#2560,#2561,#2562));
#563=EDGE_LOOP('',(#2563,#2564,#2565,#2566,#2567,#2568,#2569,#2570));
#564=EDGE_LOOP('',(#2571,#2572,#2573,#2574));
#565=EDGE_LOOP('',(#2575,#2576,#2577,#2578));
#566=EDGE_LOOP('',(#2579,#2580,#2581,#2582));
#567=EDGE_LOOP('',(#2583,#2584,#2585,#2586));
#568=EDGE_LOOP('',(#2587,#2588,#2589,#2590));
#569=EDGE_LOOP('',(#2591,#2592,#2593,#2594));
#570=EDGE_LOOP('',(#2595,#2596,#2597,#2598));
#571=EDGE_LOOP('',(#2599,#2600,#2601,#2602));
#572=EDGE_LOOP('',(#2603,#2604,#2605,#2606));
#573=EDGE_LOOP('',(#2607,#2608,#2609,#2610));
#574=EDGE_LOOP('',(#2611,#2612,#2613,#2614));
#575=EDGE_LOOP('',(#2615,#2616,#2617,#2618));
#576=EDGE_LOOP('',(#2619,#2620,#2621,#2622));
#577=EDGE_LOOP('',(#2623,#2624,#2625,#2626,#2627,#2628,#2629,#2630,#2631,
#2632,#2633,#2634,#2635));
#578=EDGE_LOOP('',(#2636,#2637,#2638,#2639));
#579=EDGE_LOOP('',(#2640,#2641,#2642,#2643));
#580=EDGE_LOOP('',(#2644,#2645,#2646,#2647));
#581=EDGE_LOOP('',(#2648,#2649,#2650,#2651));
#582=EDGE_LOOP('',(#2652,#2653,#2654,#2655));
#583=EDGE_LOOP('',(#2656,#2657,#2658,#2659));
#584=EDGE_LOOP('',(#2660,#2661,#2662,#2663));
#585=EDGE_LOOP('',(#2664,#2665,#2666,#2667));
#586=EDGE_LOOP('',(#2668,#2669,#2670,#2671));
#587=EDGE_LOOP('',(#2672,#2673,#2674,#2675));
#588=EDGE_LOOP('',(#2676,#2677,#2678,#2679));
#589=EDGE_LOOP('',(#2680,#2681,#2682,#2683));
#590=EDGE_LOOP('',(#2684,#2685,#2686,#2687));
#591=EDGE_LOOP('',(#2688,#2689,#2690,#2691));
#592=EDGE_LOOP('',(#2692,#2693,#2694,#2695));
#593=EDGE_LOOP('',(#2696,#2697,#2698,#2699));
#594=EDGE_LOOP('',(#2700,#2701,#2702,#2703));
#595=EDGE_LOOP('',(#2704,#2705,#2706,#2707,#2708,#2709,#2710,#2711,#2712));
#596=EDGE_LOOP('',(#2713,#2714,#2715,#2716,#2717,#2718,#2719,#2720));
#597=EDGE_LOOP('',(#2721,#2722,#2723,#2724));
#598=EDGE_LOOP('',(#2725,#2726,#2727,#2728));
#599=EDGE_LOOP('',(#2729,#2730,#2731,#2732));
#600=EDGE_LOOP('',(#2733,#2734,#2735,#2736));
#601=EDGE_LOOP('',(#2737,#2738,#2739,#2740));
#602=EDGE_LOOP('',(#2741,#2742,#2743,#2744));
#603=EDGE_LOOP('',(#2745,#2746,#2747,#2748));
#604=EDGE_LOOP('',(#2749,#2750,#2751,#2752));
#605=EDGE_LOOP('',(#2753,#2754,#2755,#2756));
#606=EDGE_LOOP('',(#2757,#2758,#2759,#2760));
#607=EDGE_LOOP('',(#2761,#2762,#2763,#2764,#2765,#2766,#2767,#2768,#2769,
#2770));
#608=EDGE_LOOP('',(#2771,#2772,#2773,#2774));
#609=EDGE_LOOP('',(#2775,#2776,#2777,#2778));
#610=EDGE_LOOP('',(#2779,#2780,#2781,#2782));
#611=EDGE_LOOP('',(#2783,#2784,#2785,#2786));
#612=EDGE_LOOP('',(#2787,#2788,#2789,#2790));
#613=EDGE_LOOP('',(#2791,#2792,#2793,#2794));
#614=EDGE_LOOP('',(#2795,#2796,#2797,#2798));
#615=EDGE_LOOP('',(#2799,#2800,#2801,#2802));
#616=EDGE_LOOP('',(#2803,#2804,#2805,#2806));
#617=EDGE_LOOP('',(#2807,#2808,#2809,#2810));
#618=EDGE_LOOP('',(#2811,#2812,#2813,#2814));
#619=EDGE_LOOP('',(#2815,#2816,#2817,#2818));
#620=EDGE_LOOP('',(#2819,#2820,#2821,#2822));
#621=EDGE_LOOP('',(#2823,#2824,#2825,#2826));
#622=EDGE_LOOP('',(#2827,#2828,#2829,#2830));
#623=EDGE_LOOP('',(#2831,#2832,#2833,#2834));
#624=EDGE_LOOP('',(#2835,#2836,#2837,#2838));
#625=EDGE_LOOP('',(#2839,#2840,#2841,#2842));
#626=EDGE_LOOP('',(#2843,#2844,#2845,#2846,#2847,#2848,#2849,#2850,#2851,
#2852,#2853,#2854,#2855,#2856,#2857,#2858,#2859,#2860));
#627=EDGE_LOOP('',(#2861,#2862,#2863,#2864));
#628=EDGE_LOOP('',(#2865,#2866,#2867,#2868));
#629=EDGE_LOOP('',(#2869,#2870,#2871,#2872));
#630=EDGE_LOOP('',(#2873,#2874,#2875,#2876));
#631=EDGE_LOOP('',(#2877,#2878,#2879,#2880));
#632=EDGE_LOOP('',(#2881,#2882,#2883,#2884));
#633=EDGE_LOOP('',(#2885,#2886,#2887,#2888));
#634=EDGE_LOOP('',(#2889,#2890,#2891,#2892));
#635=EDGE_LOOP('',(#2893,#2894,#2895,#2896));
#636=EDGE_LOOP('',(#2897,#2898,#2899,#2900));
#637=EDGE_LOOP('',(#2901,#2902,#2903,#2904));
#638=EDGE_LOOP('',(#2905,#2906,#2907,#2908));
#639=EDGE_LOOP('',(#2909,#2910,#2911,#2912));
#640=EDGE_LOOP('',(#2913,#2914,#2915,#2916));
#641=EDGE_LOOP('',(#2917,#2918,#2919,#2920));
#642=EDGE_LOOP('',(#2921,#2922,#2923,#2924));
#643=EDGE_LOOP('',(#2925,#2926,#2927,#2928));
#644=EDGE_LOOP('',(#2929,#2930,#2931,#2932));
#645=EDGE_LOOP('',(#2933,#2934,#2935,#2936));
#646=EDGE_LOOP('',(#2937,#2938,#2939,#2940));
#647=EDGE_LOOP('',(#2941,#2942,#2943,#2944,#2945,#2946,#2947,#2948,#2949,
#2950,#2951,#2952,#2953,#2954,#2955,#2956,#2957,#2958,#2959,#2960));
#648=EDGE_LOOP('',(#2961,#2962,#2963,#2964));
#649=EDGE_LOOP('',(#2965,#2966,#2967,#2968));
#650=EDGE_LOOP('',(#2969,#2970,#2971,#2972));
#651=EDGE_LOOP('',(#2973,#2974,#2975,#2976));
#652=EDGE_LOOP('',(#2977,#2978,#2979,#2980));
#653=EDGE_LOOP('',(#2981,#2982,#2983,#2984));
#654=EDGE_LOOP('',(#2985,#2986,#2987,#2988));
#655=EDGE_LOOP('',(#2989,#2990,#2991,#2992));
#656=EDGE_LOOP('',(#2993,#2994,#2995,#2996));
#657=EDGE_LOOP('',(#2997,#2998,#2999,#3000));
#658=EDGE_LOOP('',(#3001,#3002,#3003,#3004));
#659=EDGE_LOOP('',(#3005,#3006,#3007,#3008));
#660=EDGE_LOOP('',(#3009,#3010,#3011,#3012));
#661=EDGE_LOOP('',(#3013,#3014,#3015,#3016));
#662=EDGE_LOOP('',(#3017));
#663=EDGE_LOOP('',(#3018,#3019,#3020,#3021));
#664=EDGE_LOOP('',(#3022));
#665=EDGE_LOOP('',(#3023,#3024,#3025,#3026));
#666=EDGE_LOOP('',(#3027,#3028,#3029,#3030));
#667=EDGE_LOOP('',(#3031,#3032,#3033,#3034));
#668=EDGE_LOOP('',(#3035,#3036,#3037,#3038));
#669=EDGE_LOOP('',(#3039,#3040,#3041,#3042));
#670=EDGE_LOOP('',(#3043,#3044,#3045,#3046));
#671=EDGE_LOOP('',(#3047));
#672=EDGE_LOOP('',(#3048,#3049,#3050,#3051));
#673=EDGE_LOOP('',(#3052,#3053,#3054,#3055));
#674=EDGE_LOOP('',(#3056,#3057,#3058,#3059));
#675=EDGE_LOOP('',(#3060,#3061,#3062,#3063));
#676=EDGE_LOOP('',(#3064));
#677=EDGE_LOOP('',(#3065));
#678=EDGE_LOOP('',(#3066,#3067,#3068,#3069,#3070,#3071,#3072,#3073,#3074,
#3075,#3076,#3077,#3078));
#679=EDGE_LOOP('',(#3079,#3080,#3081,#3082));
#680=EDGE_LOOP('',(#3083,#3084,#3085,#3086));
#681=EDGE_LOOP('',(#3087,#3088,#3089,#3090));
#682=EDGE_LOOP('',(#3091,#3092,#3093,#3094,#3095));
#683=EDGE_LOOP('',(#3096));
#684=EDGE_LOOP('',(#3097,#3098,#3099,#3100,#3101,#3102,#3103,#3104,#3105,
#3106,#3107,#3108,#3109));
#685=EDGE_LOOP('',(#3110,#3111,#3112,#3113,#3114,#3115));
#686=EDGE_LOOP('',(#3116,#3117,#3118,#3119,#3120));
#687=EDGE_LOOP('',(#3121,#3122,#3123,#3124,#3125,#3126));
#688=EDGE_LOOP('',(#3127,#3128,#3129,#3130,#3131));
#689=EDGE_LOOP('',(#3132,#3133,#3134,#3135,#3136));
#690=EDGE_LOOP('',(#3137));
#691=EDGE_LOOP('',(#3138));
#692=EDGE_LOOP('',(#3139,#3140,#3141,#3142));
#693=EDGE_LOOP('',(#3143));
#694=EDGE_LOOP('',(#3144));
#695=EDGE_LOOP('',(#3145));
#696=EDGE_LOOP('',(#3146));
#697=LINE('',#4553,#991);
#698=LINE('',#4559,#992);
#699=LINE('',#4561,#993);
#700=LINE('',#4563,#994);
#701=LINE('',#4567,#995);
#702=LINE('',#4569,#996);
#703=LINE('',#4570,#997);
#704=LINE('',#4573,#998);
#705=LINE('',#4576,#999);
#706=LINE('',#4579,#1000);
#707=LINE('',#4580,#1001);
#708=LINE('',#4585,#1002);
#709=LINE('',#4588,#1003);
#710=LINE('',#4591,#1004);
#711=LINE('',#4593,#1005);
#712=LINE('',#4595,#1006);
#713=LINE('',#4597,#1007);
#714=LINE('',#4599,#1008);
#715=LINE('',#4600,#1009);
#716=LINE('',#4605,#1010);
#717=LINE('',#4609,#1011);
#718=LINE('',#4611,#1012);
#719=LINE('',#4612,#1013);
#720=LINE('',#4620,#1014);
#721=LINE('',#4622,#1015);
#722=LINE('',#4624,#1016);
#723=LINE('',#4625,#1017);
#724=LINE('',#4633,#1018);
#725=LINE('',#4639,#1019);
#726=LINE('',#4641,#1020);
#727=LINE('',#4643,#1021);
#728=LINE('',#4647,#1022);
#729=LINE('',#4649,#1023);
#730=LINE('',#4650,#1024);
#731=LINE('',#4653,#1025);
#732=LINE('',#4657,#1026);
#733=LINE('',#4661,#1027);
#734=LINE('',#4665,#1028);
#735=LINE('',#4666,#1029);
#736=LINE('',#4669,#1030);
#737=LINE('',#4671,#1031);
#738=LINE('',#4673,#1032);
#739=LINE('',#4675,#1033);
#740=LINE('',#4677,#1034);
#741=LINE('',#4678,#1035);
#742=LINE('',#4683,#1036);
#743=LINE('',#4687,#1037);
#744=LINE('',#4689,#1038);
#745=LINE('',#4690,#1039);
#746=LINE('',#4693,#1040);
#747=LINE('',#4694,#1041);
#748=LINE('',#4697,#1042);
#749=LINE('',#4704,#1043);
#750=LINE('',#4706,#1044);
#751=LINE('',#4715,#1045);
#752=LINE('',#4720,#1046);
#753=LINE('',#4729,#1047);
#754=LINE('',#4734,#1048);
#755=LINE('',#4740,#1049);
#756=LINE('',#4746,#1050);
#757=LINE('',#4754,#1051);
#758=LINE('',#4758,#1052);
#759=LINE('',#4764,#1053);
#760=LINE('',#4775,#1054);
#761=LINE('',#4781,#1055);
#762=LINE('',#4796,#1056);
#763=LINE('',#4798,#1057);
#764=LINE('',#4803,#1058);
#765=LINE('',#4809,#1059);
#766=LINE('',#4818,#1060);
#767=LINE('',#4821,#1061);
#768=LINE('',#4836,#1062);
#769=LINE('',#4838,#1063);
#770=LINE('',#4840,#1064);
#771=LINE('',#4842,#1065);
#772=LINE('',#4844,#1066);
#773=LINE('',#4846,#1067);
#774=LINE('',#4848,#1068);
#775=LINE('',#4849,#1069);
#776=LINE('',#4855,#1070);
#777=LINE('',#4858,#1071);
#778=LINE('',#4873,#1072);
#779=LINE('',#4875,#1073);
#780=LINE('',#4877,#1074);
#781=LINE('',#4879,#1075);
#782=LINE('',#4881,#1076);
#783=LINE('',#4901,#1077);
#784=LINE('',#4981,#1078);
#785=LINE('',#4983,#1079);
#786=LINE('',#4985,#1080);
#787=LINE('',#4987,#1081);
#788=LINE('',#4989,#1082);
#789=LINE('',#4991,#1083);
#790=LINE('',#4993,#1084);
#791=LINE('',#4995,#1085);
#792=LINE('',#4997,#1086);
#793=LINE('',#4998,#1087);
#794=LINE('',#5001,#1088);
#795=LINE('',#5003,#1089);
#796=LINE('',#5005,#1090);
#797=LINE('',#5007,#1091);
#798=LINE('',#5009,#1092);
#799=LINE('',#5041,#1093);
#800=LINE('',#5043,#1094);
#801=LINE('',#5045,#1095);
#802=LINE('',#5089,#1096);
#803=LINE('',#5115,#1097);
#804=LINE('',#5117,#1098);
#805=LINE('',#5119,#1099);
#806=LINE('',#5121,#1100);
#807=LINE('',#5123,#1101);
#808=LINE('',#5125,#1102);
#809=LINE('',#5127,#1103);
#810=LINE('',#5129,#1104);
#811=LINE('',#5131,#1105);
#812=LINE('',#5133,#1106);
#813=LINE('',#5135,#1107);
#814=LINE('',#5149,#1108);
#815=LINE('',#5151,#1109);
#816=LINE('',#5153,#1110);
#817=LINE('',#5155,#1111);
#818=LINE('',#5157,#1112);
#819=LINE('',#5159,#1113);
#820=LINE('',#5161,#1114);
#821=LINE('',#5162,#1115);
#822=LINE('',#5164,#1116);
#823=LINE('',#5165,#1117);
#824=LINE('',#5167,#1118);
#825=LINE('',#5169,#1119);
#826=LINE('',#5172,#1120);
#827=LINE('',#5174,#1121);
#828=LINE('',#5227,#1122);
#829=LINE('',#5228,#1123);
#830=LINE('',#5229,#1124);
#831=LINE('',#5232,#1125);
#832=LINE('',#5233,#1126);
#833=LINE('',#5236,#1127);
#834=LINE('',#5237,#1128);
#835=LINE('',#5240,#1129);
#836=LINE('',#5241,#1130);
#837=LINE('',#5258,#1131);
#838=LINE('',#5275,#1132);
#839=LINE('',#5292,#1133);
#840=LINE('',#5295,#1134);
#841=LINE('',#5296,#1135);
#842=LINE('',#5313,#1136);
#843=LINE('',#5330,#1137);
#844=LINE('',#5347,#1138);
#845=LINE('',#5364,#1139);
#846=LINE('',#5366,#1140);
#847=LINE('',#5385,#1141);
#848=LINE('',#5386,#1142);
#849=LINE('',#5403,#1143);
#850=LINE('',#5420,#1144);
#851=LINE('',#5437,#1145);
#852=LINE('',#5454,#1146);
#853=LINE('',#5471,#1147);
#854=LINE('',#5488,#1148);
#855=LINE('',#5521,#1149);
#856=LINE('',#5522,#1150);
#857=LINE('',#5539,#1151);
#858=LINE('',#5556,#1152);
#859=LINE('',#5573,#1153);
#860=LINE('',#5590,#1154);
#861=LINE('',#5607,#1155);
#862=LINE('',#5624,#1156);
#863=LINE('',#5641,#1157);
#864=LINE('',#5661,#1158);
#865=LINE('',#5662,#1159);
#866=LINE('',#5663,#1160);
#867=LINE('',#5666,#1161);
#868=LINE('',#5667,#1162);
#869=LINE('',#5670,#1163);
#870=LINE('',#5671,#1164);
#871=LINE('',#5674,#1165);
#872=LINE('',#5675,#1166);
#873=LINE('',#5678,#1167);
#874=LINE('',#5679,#1168);
#875=LINE('',#5682,#1169);
#876=LINE('',#5683,#1170);
#877=LINE('',#5686,#1171);
#878=LINE('',#5687,#1172);
#879=LINE('',#5690,#1173);
#880=LINE('',#5691,#1174);
#881=LINE('',#5694,#1175);
#882=LINE('',#5695,#1176);
#883=LINE('',#5697,#1177);
#884=LINE('',#5702,#1178);
#885=LINE('',#5703,#1179);
#886=LINE('',#5704,#1180);
#887=LINE('',#5707,#1181);
#888=LINE('',#5708,#1182);
#889=LINE('',#5711,#1183);
#890=LINE('',#5712,#1184);
#891=LINE('',#5715,#1185);
#892=LINE('',#5716,#1186);
#893=LINE('',#5733,#1187);
#894=LINE('',#5750,#1188);
#895=LINE('',#5767,#1189);
#896=LINE('',#5784,#1190);
#897=LINE('',#5801,#1191);
#898=LINE('',#5804,#1192);
#899=LINE('',#5805,#1193);
#900=LINE('',#5808,#1194);
#901=LINE('',#5809,#1195);
#902=LINE('',#5812,#1196);
#903=LINE('',#5813,#1197);
#904=LINE('',#5830,#1198);
#905=LINE('',#5847,#1199);
#906=LINE('',#5864,#1200);
#907=LINE('',#5881,#1201);
#908=LINE('',#5898,#1202);
#909=LINE('',#5900,#1203);
#910=LINE('',#5919,#1204);
#911=LINE('',#5920,#1205);
#912=LINE('',#5923,#1206);
#913=LINE('',#5924,#1207);
#914=LINE('',#5941,#1208);
#915=LINE('',#5958,#1209);
#916=LINE('',#5975,#1210);
#917=LINE('',#5992,#1211);
#918=LINE('',#5995,#1212);
#919=LINE('',#5996,#1213);
#920=LINE('',#5999,#1214);
#921=LINE('',#6000,#1215);
#922=LINE('',#6003,#1216);
#923=LINE('',#6004,#1217);
#924=LINE('',#6007,#1218);
#925=LINE('',#6008,#1219);
#926=LINE('',#6011,#1220);
#927=LINE('',#6012,#1221);
#928=LINE('',#6015,#1222);
#929=LINE('',#6016,#1223);
#930=LINE('',#6019,#1224);
#931=LINE('',#6020,#1225);
#932=LINE('',#6023,#1226);
#933=LINE('',#6024,#1227);
#934=LINE('',#6027,#1228);
#935=LINE('',#6028,#1229);
#936=LINE('',#6031,#1230);
#937=LINE('',#6032,#1231);
#938=LINE('',#6035,#1232);
#939=LINE('',#6036,#1233);
#940=LINE('',#6053,#1234);
#941=LINE('',#6070,#1235);
#942=LINE('',#6088,#1236);
#943=LINE('',#6090,#1237);
#944=LINE('',#6092,#1238);
#945=LINE('',#6094,#1239);
#946=LINE('',#6096,#1240);
#947=LINE('',#6097,#1241);
#948=LINE('',#6099,#1242);
#949=LINE('',#6101,#1243);
#950=LINE('',#6103,#1244);
#951=LINE('',#6105,#1245);
#952=LINE('',#6107,#1246);
#953=LINE('',#6109,#1247);
#954=LINE('',#6116,#1248);
#955=LINE('',#6122,#1249);
#956=LINE('',#6129,#1250);
#957=LINE('',#6136,#1251);
#958=LINE('',#6141,#1252);
#959=LINE('',#6143,#1253);
#960=LINE('',#6145,#1254);
#961=LINE('',#6146,#1255);
#962=LINE('',#6149,#1256);
#963=LINE('',#6151,#1257);
#964=LINE('',#6152,#1258);
#965=LINE('',#6155,#1259);
#966=LINE('',#6157,#1260);
#967=LINE('',#6158,#1261);
#968=LINE('',#6160,#1262);
#969=LINE('',#6161,#1263);
#970=LINE('',#6168,#1264);
#971=LINE('',#6170,#1265);
#972=LINE('',#6172,#1266);
#973=LINE('',#6173,#1267);
#974=LINE('',#6179,#1268);
#975=LINE('',#6183,#1269);
#976=LINE('',#6185,#1270);
#977=LINE('',#6187,#1271);
#978=LINE('',#6188,#1272);
#979=LINE('',#6193,#1273);
#980=LINE('',#6201,#1274);
#981=LINE('',#6204,#1275);
#982=LINE('',#6207,#1276);
#983=LINE('',#6211,#1277);
#984=LINE('',#6212,#1278);
#985=LINE('',#6216,#1279);
#986=LINE('',#6219,#1280);
#987=LINE('',#6220,#1281);
#988=LINE('',#6230,#1282);
#989=LINE('',#6240,#1283);
#990=LINE('',#6250,#1284);
#991=VECTOR('',#3748,10.);
#992=VECTOR('',#3753,10.);
#993=VECTOR('',#3754,10.);
#994=VECTOR('',#3755,10.);
#995=VECTOR('',#3760,10.);
#996=VECTOR('',#3761,10.);
#997=VECTOR('',#3762,10.);
#998=VECTOR('',#3765,10.);
#999=VECTOR('',#3768,10.);
#1000=VECTOR('',#3771,10.);
#1001=VECTOR('',#3772,10.);
#1002=VECTOR('',#3777,10.);
#1003=VECTOR('',#3780,10.);
#1004=VECTOR('',#3783,10.);
#1005=VECTOR('',#3784,10.);
#1006=VECTOR('',#3785,10.);
#1007=VECTOR('',#3786,10.);
#1008=VECTOR('',#3787,10.);
#1009=VECTOR('',#3788,10.);
#1010=VECTOR('',#3793,13.);
#1011=VECTOR('',#3798,10.);
#1012=VECTOR('',#3799,10.);
#1013=VECTOR('',#3800,10.);
#1014=VECTOR('',#3813,10.);
#1015=VECTOR('',#3816,10.);
#1016=VECTOR('',#3819,10.);
#1017=VECTOR('',#3820,10.);
#1018=VECTOR('',#3829,10.);
#1019=VECTOR('',#3834,10.);
#1020=VECTOR('',#3835,10.);
#1021=VECTOR('',#3836,10.);
#1022=VECTOR('',#3841,10.);
#1023=VECTOR('',#3842,10.);
#1024=VECTOR('',#3843,10.);
#1025=VECTOR('',#3846,10.);
#1026=VECTOR('',#3849,10.);
#1027=VECTOR('',#3854,10.);
#1028=VECTOR('',#3859,10.);
#1029=VECTOR('',#3860,10.);
#1030=VECTOR('',#3863,10.);
#1031=VECTOR('',#3864,10.);
#1032=VECTOR('',#3865,10.);
#1033=VECTOR('',#3866,10.);
#1034=VECTOR('',#3867,10.);
#1035=VECTOR('',#3868,10.);
#1036=VECTOR('',#3873,13.);
#1037=VECTOR('',#3878,10.);
#1038=VECTOR('',#3879,10.);
#1039=VECTOR('',#3880,10.);
#1040=VECTOR('',#3883,10.);
#1041=VECTOR('',#3884,10.);
#1042=VECTOR('',#3887,10.);
#1043=VECTOR('',#3900,10.);
#1044=VECTOR('',#3903,10.);
#1045=VECTOR('',#3914,1.);
#1046=VECTOR('',#3921,3.);
#1047=VECTOR('',#3932,1.);
#1048=VECTOR('',#3939,3.);
#1049=VECTOR('',#3946,1.);
#1050=VECTOR('',#3953,3.);
#1051=VECTOR('',#3964,1.5);
#1052=VECTOR('',#3967,10.);
#1053=VECTOR('',#3974,0.875);
#1054=VECTOR('',#3991,0.875);
#1055=VECTOR('',#3998,10.);
#1056=VECTOR('',#4019,10.);
#1057=VECTOR('',#4022,0.875);
#1058=VECTOR('',#4027,0.875);
#1059=VECTOR('',#4034,10.);
#1060=VECTOR('',#4045,10.);
#1061=VECTOR('',#4048,10.);
#1062=VECTOR('',#4061,10.);
#1063=VECTOR('',#4062,10.);
#1064=VECTOR('',#4063,10.);
#1065=VECTOR('',#4064,10.);
#1066=VECTOR('',#4065,10.);
#1067=VECTOR('',#4066,10.);
#1068=VECTOR('',#4067,10.);
#1069=VECTOR('',#4068,10.);
#1070=VECTOR('',#4073,10.);
#1071=VECTOR('',#4076,10.);
#1072=VECTOR('',#4089,10.);
#1073=VECTOR('',#4090,10.);
#1074=VECTOR('',#4091,10.);
#1075=VECTOR('',#4092,10.);
#1076=VECTOR('',#4093,10.);
#1077=VECTOR('',#4094,10.);
#1078=VECTOR('',#4095,10.);
#1079=VECTOR('',#4096,10.);
#1080=VECTOR('',#4097,10.);
#1081=VECTOR('',#4098,10.);
#1082=VECTOR('',#4099,10.);
#1083=VECTOR('',#4100,10.);
#1084=VECTOR('',#4101,10.);
#1085=VECTOR('',#4102,10.);
#1086=VECTOR('',#4103,10.);
#1087=VECTOR('',#4104,10.);
#1088=VECTOR('',#4105,10.);
#1089=VECTOR('',#4106,10.);
#1090=VECTOR('',#4107,10.);
#1091=VECTOR('',#4108,10.);
#1092=VECTOR('',#4109,10.);
#1093=VECTOR('',#4110,10.);
#1094=VECTOR('',#4111,10.);
#1095=VECTOR('',#4112,10.);
#1096=VECTOR('',#4113,10.);
#1097=VECTOR('',#4114,10.);
#1098=VECTOR('',#4115,10.);
#1099=VECTOR('',#4116,10.);
#1100=VECTOR('',#4117,10.);
#1101=VECTOR('',#4118,10.);
#1102=VECTOR('',#4119,10.);
#1103=VECTOR('',#4120,10.);
#1104=VECTOR('',#4121,10.);
#1105=VECTOR('',#4122,10.);
#1106=VECTOR('',#4123,10.);
#1107=VECTOR('',#4124,10.);
#1108=VECTOR('',#4125,10.);
#1109=VECTOR('',#4126,10.);
#1110=VECTOR('',#4127,10.);
#1111=VECTOR('',#4128,10.);
#1112=VECTOR('',#4129,10.);
#1113=VECTOR('',#4130,10.);
#1114=VECTOR('',#4131,10.);
#1115=VECTOR('',#4132,10.);
#1116=VECTOR('',#4135,10.);
#1117=VECTOR('',#4136,10.);
#1118=VECTOR('',#4139,10.);
#1119=VECTOR('',#4142,10.);
#1120=VECTOR('',#4147,15.75);
#1121=VECTOR('',#4150,16.5);
#1122=VECTOR('',#4155,10.);
#1123=VECTOR('',#4156,10.);
#1124=VECTOR('',#4157,10.);
#1125=VECTOR('',#4160,10.);
#1126=VECTOR('',#4161,10.);
#1127=VECTOR('',#4164,10.);
#1128=VECTOR('',#4165,10.);
#1129=VECTOR('',#4168,10.);
#1130=VECTOR('',#4169,10.);
#1131=VECTOR('',#4170,10.);
#1132=VECTOR('',#4171,10.);
#1133=VECTOR('',#4172,10.);
#1134=VECTOR('',#4175,10.);
#1135=VECTOR('',#4176,10.);
#1136=VECTOR('',#4177,10.);
#1137=VECTOR('',#4178,10.);
#1138=VECTOR('',#4179,10.);
#1139=VECTOR('',#4180,10.);
#1140=VECTOR('',#4183,10.);
#1141=VECTOR('',#4186,10.);
#1142=VECTOR('',#4187,10.);
#1143=VECTOR('',#4188,10.);
#1144=VECTOR('',#4189,10.);
#1145=VECTOR('',#4190,10.);
#1146=VECTOR('',#4191,10.);
#1147=VECTOR('',#4192,10.);
#1148=VECTOR('',#4193,10.);
#1149=VECTOR('',#4194,10.);
#1150=VECTOR('',#4195,10.);
#1151=VECTOR('',#4196,10.);
#1152=VECTOR('',#4197,10.);
#1153=VECTOR('',#4198,10.);
#1154=VECTOR('',#4199,10.);
#1155=VECTOR('',#4200,10.);
#1156=VECTOR('',#4201,10.);
#1157=VECTOR('',#4202,10.);
#1158=VECTOR('',#4207,10.);
#1159=VECTOR('',#4208,10.);
#1160=VECTOR('',#4209,10.);
#1161=VECTOR('',#4212,10.);
#1162=VECTOR('',#4213,10.);
#1163=VECTOR('',#4216,10.);
#1164=VECTOR('',#4217,10.);
#1165=VECTOR('',#4220,10.);
#1166=VECTOR('',#4221,10.);
#1167=VECTOR('',#4224,10.);
#1168=VECTOR('',#4225,10.);
#1169=VECTOR('',#4228,10.);
#1170=VECTOR('',#4229,10.);
#1171=VECTOR('',#4232,10.);
#1172=VECTOR('',#4233,10.);
#1173=VECTOR('',#4236,10.);
#1174=VECTOR('',#4237,10.);
#1175=VECTOR('',#4240,10.);
#1176=VECTOR('',#4241,10.);
#1177=VECTOR('',#4244,10.);
#1178=VECTOR('',#4249,10.);
#1179=VECTOR('',#4250,10.);
#1180=VECTOR('',#4251,10.);
#1181=VECTOR('',#4254,10.);
#1182=VECTOR('',#4255,10.);
#1183=VECTOR('',#4258,10.);
#1184=VECTOR('',#4259,10.);
#1185=VECTOR('',#4262,10.);
#1186=VECTOR('',#4263,10.);
#1187=VECTOR('',#4264,10.);
#1188=VECTOR('',#4265,10.);
#1189=VECTOR('',#4266,10.);
#1190=VECTOR('',#4267,10.);
#1191=VECTOR('',#4268,10.);
#1192=VECTOR('',#4271,10.);
#1193=VECTOR('',#4272,10.);
#1194=VECTOR('',#4275,10.);
#1195=VECTOR('',#4276,10.);
#1196=VECTOR('',#4279,10.);
#1197=VECTOR('',#4280,10.);
#1198=VECTOR('',#4281,10.);
#1199=VECTOR('',#4282,10.);
#1200=VECTOR('',#4283,10.);
#1201=VECTOR('',#4284,10.);
#1202=VECTOR('',#4285,10.);
#1203=VECTOR('',#4288,10.);
#1204=VECTOR('',#4291,10.);
#1205=VECTOR('',#4292,10.);
#1206=VECTOR('',#4295,10.);
#1207=VECTOR('',#4296,10.);
#1208=VECTOR('',#4297,10.);
#1209=VECTOR('',#4298,10.);
#1210=VECTOR('',#4299,10.);
#1211=VECTOR('',#4300,10.);
#1212=VECTOR('',#4303,10.);
#1213=VECTOR('',#4304,10.);
#1214=VECTOR('',#4307,10.);
#1215=VECTOR('',#4308,10.);
#1216=VECTOR('',#4311,10.);
#1217=VECTOR('',#4312,10.);
#1218=VECTOR('',#4315,10.);
#1219=VECTOR('',#4316,10.);
#1220=VECTOR('',#4319,10.);
#1221=VECTOR('',#4320,10.);
#1222=VECTOR('',#4323,10.);
#1223=VECTOR('',#4324,10.);
#1224=VECTOR('',#4327,10.);
#1225=VECTOR('',#4328,10.);
#1226=VECTOR('',#4331,10.);
#1227=VECTOR('',#4332,10.);
#1228=VECTOR('',#4335,10.);
#1229=VECTOR('',#4336,10.);
#1230=VECTOR('',#4339,10.);
#1231=VECTOR('',#4340,10.);
#1232=VECTOR('',#4343,10.);
#1233=VECTOR('',#4344,10.);
#1234=VECTOR('',#4345,10.);
#1235=VECTOR('',#4346,10.);
#1236=VECTOR('',#4351,1.5);
#1237=VECTOR('',#4354,1.5);
#1238=VECTOR('',#4357,1.5);
#1239=VECTOR('',#4360,1.5);
#1240=VECTOR('',#4363,10.);
#1241=VECTOR('',#4364,10.);
#1242=VECTOR('',#4367,10.);
#1243=VECTOR('',#4370,10.);
#1244=VECTOR('',#4373,10.);
#1245=VECTOR('',#4376,10.);
#1246=VECTOR('',#4379,10.);
#1247=VECTOR('',#4382,10.);
#1248=VECTOR('',#4391,1.);
#1249=VECTOR('',#4398,1.);
#1250=VECTOR('',#4407,1.);
#1251=VECTOR('',#4416,1.);
#1252=VECTOR('',#4421,10.);
#1253=VECTOR('',#4422,10.);
#1254=VECTOR('',#4423,10.);
#1255=VECTOR('',#4424,10.);
#1256=VECTOR('',#4427,10.);
#1257=VECTOR('',#4428,10.);
#1258=VECTOR('',#4429,10.);
#1259=VECTOR('',#4432,10.);
#1260=VECTOR('',#4433,10.);
#1261=VECTOR('',#4434,10.);
#1262=VECTOR('',#4437,10.);
#1263=VECTOR('',#4438,10.);
#1264=VECTOR('',#4445,10.);
#1265=VECTOR('',#4446,10.);
#1266=VECTOR('',#4447,10.);
#1267=VECTOR('',#4448,10.);
#1268=VECTOR('',#4455,10.);
#1269=VECTOR('',#4458,10.);
#1270=VECTOR('',#4459,10.);
#1271=VECTOR('',#4460,10.);
#1272=VECTOR('',#4461,10.);
#1273=VECTOR('',#4466,10.);
#1274=VECTOR('',#4475,21.75);
#1275=VECTOR('',#4478,10.);
#1276=VECTOR('',#4481,10.);
#1277=VECTOR('',#4486,10.);
#1278=VECTOR('',#4487,10.);
#1279=VECTOR('',#4492,4.5);
#1280=VECTOR('',#4495,10.);
#1281=VECTOR('',#4496,10.);
#1282=VECTOR('',#4509,17.);
#1283=VECTOR('',#4522,15.75);
#1284=VECTOR('',#4535,20.5);
#1285=CIRCLE('',#3487,19.);
#1286=CIRCLE('',#3488,20.);
#1287=CIRCLE('',#3489,2.5);
#1288=CIRCLE('',#3490,3.5);
#1289=CIRCLE('',#3493,3.5);
#1290=CIRCLE('',#3496,20.);
#1291=CIRCLE('',#3497,20.);
#1292=CIRCLE('',#3500,13.);
#1293=CIRCLE('',#3501,13.);
#1294=CIRCLE('',#3504,19.);
#1295=CIRCLE('',#3505,19.);
#1296=CIRCLE('',#3508,2.5);
#1297=CIRCLE('',#3514,20.);
#1298=CIRCLE('',#3515,19.);
#1299=CIRCLE('',#3516,3.5);
#1300=CIRCLE('',#3517,2.5);
#1301=CIRCLE('',#3520,20.);
#1302=CIRCLE('',#3521,20.);
#1303=CIRCLE('',#3523,2.5);
#1304=CIRCLE('',#3527,13.);
#1305=CIRCLE('',#3528,13.);
#1306=CIRCLE('',#3532,3.5);
#1307=CIRCLE('',#3534,19.);
#1308=CIRCLE('',#3535,19.);
#1309=CIRCLE('',#3541,3.);
#1310=CIRCLE('',#3542,1.);
#1311=CIRCLE('',#3544,1.);
#1312=CIRCLE('',#3546,3.);
#1313=CIRCLE('',#3549,3.);
#1314=CIRCLE('',#3550,1.);
#1315=CIRCLE('',#3552,1.);
#1316=CIRCLE('',#3554,3.);
#1317=CIRCLE('',#3557,1.);
#1318=CIRCLE('',#3558,1.);
#1319=CIRCLE('',#3560,3.);
#1320=CIRCLE('',#3561,3.);
#1321=CIRCLE('',#3566,1.5);
#1322=CIRCLE('',#3567,1.5);
#1323=CIRCLE('',#3569,0.875);
#1324=CIRCLE('',#3570,0.875);
#1325=CIRCLE('',#3572,1.5);
#1326=CIRCLE('',#3573,1.5);
#1327=CIRCLE('',#3577,0.875);
#1328=CIRCLE('',#3578,0.875);
#1329=CIRCLE('',#3580,1.5);
#1330=CIRCLE('',#3581,1.5);
#1331=CIRCLE('',#3585,1.5);
#1332=CIRCLE('',#3586,0.875);
#1333=CIRCLE('',#3588,1.5);
#1334=CIRCLE('',#3589,0.875);
#1335=CIRCLE('',#3593,0.875);
#1336=CIRCLE('',#3594,0.875);
#1337=CIRCLE('',#3596,1.5);
#1338=CIRCLE('',#3597,1.5);
#1339=CIRCLE('',#3601,24.);
#1340=CIRCLE('',#3602,24.);
#1341=CIRCLE('',#3603,1.5);
#1342=CIRCLE('',#3604,1.5);
#1343=CIRCLE('',#3605,1.5);
#1344=CIRCLE('',#3606,1.5);
#1345=CIRCLE('',#3607,15.75);
#1346=CIRCLE('',#3608,16.5);
#1347=CIRCLE('',#3610,24.);
#1348=CIRCLE('',#3611,24.);
#1349=CIRCLE('',#3612,1.5);
#1350=CIRCLE('',#3613,1.5);
#1351=CIRCLE('',#3614,1.5);
#1352=CIRCLE('',#3615,1.5);
#1353=CIRCLE('',#3616,16.5);
#1354=CIRCLE('',#3617,15.75);
#1355=CIRCLE('',#3680,1.);
#1356=CIRCLE('',#3681,1.);
#1357=CIRCLE('',#3683,1.);
#1358=CIRCLE('',#3684,1.);
#1359=CIRCLE('',#3687,1.);
#1360=CIRCLE('',#3688,1.);
#1361=CIRCLE('',#3691,1.);
#1362=CIRCLE('',#3692,1.);
#1363=CIRCLE('',#3698,4.5);
#1364=CIRCLE('',#3701,17.);
#1365=CIRCLE('',#3702,21.75);
#1366=CIRCLE('',#3705,17.);
#1367=CIRCLE('',#3706,21.75);
#1368=CIRCLE('',#3708,21.75);
#1369=CIRCLE('',#3709,21.75);
#1370=CIRCLE('',#3710,21.75);
#1371=CIRCLE('',#3711,21.75);
#1372=CIRCLE('',#3712,21.75);
#1373=CIRCLE('',#3715,4.5);
#1374=CIRCLE('',#3718,17.);
#1375=CIRCLE('',#3719,17.);
#1376=CIRCLE('',#3721,17.);
#1377=CIRCLE('',#3722,17.);
#1378=CIRCLE('',#3723,17.);
#1379=CIRCLE('',#3725,15.75);
#1380=CIRCLE('',#3726,15.75);
#1381=CIRCLE('',#3727,0.625);
#1382=CIRCLE('',#3729,15.75);
#1383=CIRCLE('',#3731,20.5);
#1384=CIRCLE('',#3732,20.5);
#1385=CIRCLE('',#3733,0.625);
#1386=CIRCLE('',#3735,20.5);
#1387=VERTEX_POINT('',#4549);
#1388=VERTEX_POINT('',#4550);
#1389=VERTEX_POINT('',#4552);
#1390=VERTEX_POINT('',#4554);
#1391=VERTEX_POINT('',#4556);
#1392=VERTEX_POINT('',#4558);
#1393=VERTEX_POINT('',#4560);
#1394=VERTEX_POINT('',#4562);
#1395=VERTEX_POINT('',#4566);
#1396=VERTEX_POINT('',#4568);
#1397=VERTEX_POINT('',#4572);
#1398=VERTEX_POINT('',#4574);
#1399=VERTEX_POINT('',#4578);
#1400=VERTEX_POINT('',#4582);
#1401=VERTEX_POINT('',#4584);
#1402=VERTEX_POINT('',#4586);
#1403=VERTEX_POINT('',#4590);
#1404=VERTEX_POINT('',#4592);
#1405=VERTEX_POINT('',#4594);
#1406=VERTEX_POINT('',#4596);
#1407=VERTEX_POINT('',#4598);
#1408=VERTEX_POINT('',#4602);
#1409=VERTEX_POINT('',#4604);
#1410=VERTEX_POINT('',#4608);
#1411=VERTEX_POINT('',#4610);
#1412=VERTEX_POINT('',#4618);
#1413=VERTEX_POINT('',#4629);
#1414=VERTEX_POINT('',#4630);
#1415=VERTEX_POINT('',#4632);
#1416=VERTEX_POINT('',#4634);
#1417=VERTEX_POINT('',#4636);
#1418=VERTEX_POINT('',#4638);
#1419=VERTEX_POINT('',#4640);
#1420=VERTEX_POINT('',#4642);
#1421=VERTEX_POINT('',#4646);
#1422=VERTEX_POINT('',#4648);
#1423=VERTEX_POINT('',#4652);
#1424=VERTEX_POINT('',#4654);
#1425=VERTEX_POINT('',#4656);
#1426=VERTEX_POINT('',#4660);
#1427=VERTEX_POINT('',#4664);
#1428=VERTEX_POINT('',#4668);
#1429=VERTEX_POINT('',#4670);
#1430=VERTEX_POINT('',#4672);
#1431=VERTEX_POINT('',#4674);
#1432=VERTEX_POINT('',#4676);
#1433=VERTEX_POINT('',#4680);
#1434=VERTEX_POINT('',#4682);
#1435=VERTEX_POINT('',#4686);
#1436=VERTEX_POINT('',#4688);
#1437=VERTEX_POINT('',#4692);
#1438=VERTEX_POINT('',#4696);
#1439=VERTEX_POINT('',#4709);
#1440=VERTEX_POINT('',#4711);
#1441=VERTEX_POINT('',#4714);
#1442=VERTEX_POINT('',#4718);
#1443=VERTEX_POINT('',#4723);
#1444=VERTEX_POINT('',#4725);
#1445=VERTEX_POINT('',#4728);
#1446=VERTEX_POINT('',#4732);
#1447=VERTEX_POINT('',#4737);
#1448=VERTEX_POINT('',#4739);
#1449=VERTEX_POINT('',#4743);
#1450=VERTEX_POINT('',#4745);
#1451=VERTEX_POINT('',#4752);
#1452=VERTEX_POINT('',#4753);
#1453=VERTEX_POINT('',#4755);
#1454=VERTEX_POINT('',#4757);
#1455=VERTEX_POINT('',#4761);
#1456=VERTEX_POINT('',#4763);
#1457=VERTEX_POINT('',#4772);
#1458=VERTEX_POINT('',#4774);
#1459=VERTEX_POINT('',#4778);
#1460=VERTEX_POINT('',#4780);
#1461=VERTEX_POINT('',#4786);
#1462=VERTEX_POINT('',#4788);
#1463=VERTEX_POINT('',#4791);
#1464=VERTEX_POINT('',#4793);
#1465=VERTEX_POINT('',#4800);
#1466=VERTEX_POINT('',#4802);
#1467=VERTEX_POINT('',#4806);
#1468=VERTEX_POINT('',#4808);
#1469=VERTEX_POINT('',#4814);
#1470=VERTEX_POINT('',#4815);
#1471=VERTEX_POINT('',#4817);
#1472=VERTEX_POINT('',#4819);
#1473=VERTEX_POINT('',#4822);
#1474=VERTEX_POINT('',#4824);
#1475=VERTEX_POINT('',#4826);
#1476=VERTEX_POINT('',#4828);
#1477=VERTEX_POINT('',#4830);
#1478=VERTEX_POINT('',#4832);
#1479=VERTEX_POINT('',#4834);
#1480=VERTEX_POINT('',#4835);
#1481=VERTEX_POINT('',#4837);
#1482=VERTEX_POINT('',#4839);
#1483=VERTEX_POINT('',#4841);
#1484=VERTEX_POINT('',#4843);
#1485=VERTEX_POINT('',#4845);
#1486=VERTEX_POINT('',#4847);
#1487=VERTEX_POINT('',#4851);
#1488=VERTEX_POINT('',#4852);
#1489=VERTEX_POINT('',#4854);
#1490=VERTEX_POINT('',#4856);
#1491=VERTEX_POINT('',#4859);
#1492=VERTEX_POINT('',#4861);
#1493=VERTEX_POINT('',#4863);
#1494=VERTEX_POINT('',#4865);
#1495=VERTEX_POINT('',#4867);
#1496=VERTEX_POINT('',#4869);
#1497=VERTEX_POINT('',#4871);
#1498=VERTEX_POINT('',#4872);
#1499=VERTEX_POINT('',#4874);
#1500=VERTEX_POINT('',#4876);
#1501=VERTEX_POINT('',#4878);
#1502=VERTEX_POINT('',#4880);
#1503=VERTEX_POINT('',#4882);
#1504=VERTEX_POINT('',#4888);
#1505=VERTEX_POINT('',#4894);
#1506=VERTEX_POINT('',#4900);
#1507=VERTEX_POINT('',#4902);
#1508=VERTEX_POINT('',#4908);
#1509=VERTEX_POINT('',#4914);
#1510=VERTEX_POINT('',#4925);
#1511=VERTEX_POINT('',#4926);
#1512=VERTEX_POINT('',#4932);
#1513=VERTEX_POINT('',#4938);
#1514=VERTEX_POINT('',#4944);
#1515=VERTEX_POINT('',#4950);
#1516=VERTEX_POINT('',#4956);
#1517=VERTEX_POINT('',#4962);
#1518=VERTEX_POINT('',#4968);
#1519=VERTEX_POINT('',#4979);
#1520=VERTEX_POINT('',#4980);
#1521=VERTEX_POINT('',#4982);
#1522=VERTEX_POINT('',#4984);
#1523=VERTEX_POINT('',#4986);
#1524=VERTEX_POINT('',#4988);
#1525=VERTEX_POINT('',#4990);
#1526=VERTEX_POINT('',#4992);
#1527=VERTEX_POINT('',#4994);
#1528=VERTEX_POINT('',#4996);
#1529=VERTEX_POINT('',#4999);
#1530=VERTEX_POINT('',#5000);
#1531=VERTEX_POINT('',#5002);
#1532=VERTEX_POINT('',#5004);
#1533=VERTEX_POINT('',#5006);
#1534=VERTEX_POINT('',#5008);
#1535=VERTEX_POINT('',#5010);
#1536=VERTEX_POINT('',#5016);
#1537=VERTEX_POINT('',#5022);
#1538=VERTEX_POINT('',#5028);
#1539=VERTEX_POINT('',#5034);
#1540=VERTEX_POINT('',#5040);
#1541=VERTEX_POINT('',#5042);
#1542=VERTEX_POINT('',#5044);
#1543=VERTEX_POINT('',#5046);
#1544=VERTEX_POINT('',#5052);
#1545=VERTEX_POINT('',#5058);
#1546=VERTEX_POINT('',#5064);
#1547=VERTEX_POINT('',#5075);
#1548=VERTEX_POINT('',#5076);
#1549=VERTEX_POINT('',#5082);
#1550=VERTEX_POINT('',#5088);
#1551=VERTEX_POINT('',#5090);
#1552=VERTEX_POINT('',#5096);
#1553=VERTEX_POINT('',#5102);
#1554=VERTEX_POINT('',#5108);
#1555=VERTEX_POINT('',#5114);
#1556=VERTEX_POINT('',#5116);
#1557=VERTEX_POINT('',#5118);
#1558=VERTEX_POINT('',#5120);
#1559=VERTEX_POINT('',#5122);
#1560=VERTEX_POINT('',#5124);
#1561=VERTEX_POINT('',#5126);
#1562=VERTEX_POINT('',#5128);
#1563=VERTEX_POINT('',#5130);
#1564=VERTEX_POINT('',#5132);
#1565=VERTEX_POINT('',#5134);
#1566=VERTEX_POINT('',#5136);
#1567=VERTEX_POINT('',#5147);
#1568=VERTEX_POINT('',#5148);
#1569=VERTEX_POINT('',#5150);
#1570=VERTEX_POINT('',#5152);
#1571=VERTEX_POINT('',#5154);
#1572=VERTEX_POINT('',#5156);
#1573=VERTEX_POINT('',#5158);
#1574=VERTEX_POINT('',#5160);
#1575=VERTEX_POINT('',#5176);
#1576=VERTEX_POINT('',#5177);
#1577=VERTEX_POINT('',#5183);
#1578=VERTEX_POINT('',#5189);
#1579=VERTEX_POINT('',#5195);
#1580=VERTEX_POINT('',#5201);
#1581=VERTEX_POINT('',#5207);
#1582=VERTEX_POINT('',#5213);
#1583=VERTEX_POINT('',#5225);
#1584=VERTEX_POINT('',#5226);
#1585=VERTEX_POINT('',#5231);
#1586=VERTEX_POINT('',#5235);
#1587=VERTEX_POINT('',#5239);
#1588=VERTEX_POINT('',#5252);
#1589=VERTEX_POINT('',#5269);
#1590=VERTEX_POINT('',#5286);
#1591=VERTEX_POINT('',#5294);
#1592=VERTEX_POINT('',#5307);
#1593=VERTEX_POINT('',#5324);
#1594=VERTEX_POINT('',#5341);
#1595=VERTEX_POINT('',#5358);
#1596=VERTEX_POINT('',#5378);
#1597=VERTEX_POINT('',#5379);
#1598=VERTEX_POINT('',#5397);
#1599=VERTEX_POINT('',#5414);
#1600=VERTEX_POINT('',#5431);
#1601=VERTEX_POINT('',#5448);
#1602=VERTEX_POINT('',#5465);
#1603=VERTEX_POINT('',#5482);
#1604=VERTEX_POINT('',#5514);
#1605=VERTEX_POINT('',#5515);
#1606=VERTEX_POINT('',#5533);
#1607=VERTEX_POINT('',#5550);
#1608=VERTEX_POINT('',#5567);
#1609=VERTEX_POINT('',#5584);
#1610=VERTEX_POINT('',#5601);
#1611=VERTEX_POINT('',#5618);
#1612=VERTEX_POINT('',#5635);
#1613=VERTEX_POINT('',#5659);
#1614=VERTEX_POINT('',#5660);
#1615=VERTEX_POINT('',#5665);
#1616=VERTEX_POINT('',#5669);
#1617=VERTEX_POINT('',#5673);
#1618=VERTEX_POINT('',#5677);
#1619=VERTEX_POINT('',#5681);
#1620=VERTEX_POINT('',#5685);
#1621=VERTEX_POINT('',#5689);
#1622=VERTEX_POINT('',#5693);
#1623=VERTEX_POINT('',#5700);
#1624=VERTEX_POINT('',#5701);
#1625=VERTEX_POINT('',#5706);
#1626=VERTEX_POINT('',#5710);
#1627=VERTEX_POINT('',#5714);
#1628=VERTEX_POINT('',#5727);
#1629=VERTEX_POINT('',#5744);
#1630=VERTEX_POINT('',#5761);
#1631=VERTEX_POINT('',#5778);
#1632=VERTEX_POINT('',#5795);
#1633=VERTEX_POINT('',#5803);
#1634=VERTEX_POINT('',#5807);
#1635=VERTEX_POINT('',#5811);
#1636=VERTEX_POINT('',#5824);
#1637=VERTEX_POINT('',#5841);
#1638=VERTEX_POINT('',#5858);
#1639=VERTEX_POINT('',#5875);
#1640=VERTEX_POINT('',#5892);
#1641=VERTEX_POINT('',#5912);
#1642=VERTEX_POINT('',#5913);
#1643=VERTEX_POINT('',#5922);
#1644=VERTEX_POINT('',#5935);
#1645=VERTEX_POINT('',#5952);
#1646=VERTEX_POINT('',#5969);
#1647=VERTEX_POINT('',#5986);
#1648=VERTEX_POINT('',#5994);
#1649=VERTEX_POINT('',#5998);
#1650=VERTEX_POINT('',#6002);
#1651=VERTEX_POINT('',#6006);
#1652=VERTEX_POINT('',#6010);
#1653=VERTEX_POINT('',#6014);
#1654=VERTEX_POINT('',#6018);
#1655=VERTEX_POINT('',#6022);
#1656=VERTEX_POINT('',#6026);
#1657=VERTEX_POINT('',#6030);
#1658=VERTEX_POINT('',#6034);
#1659=VERTEX_POINT('',#6047);
#1660=VERTEX_POINT('',#6064);
#1661=VERTEX_POINT('',#6113);
#1662=VERTEX_POINT('',#6115);
#1663=VERTEX_POINT('',#6119);
#1664=VERTEX_POINT('',#6121);
#1665=VERTEX_POINT('',#6126);
#1666=VERTEX_POINT('',#6128);
#1667=VERTEX_POINT('',#6133);
#1668=VERTEX_POINT('',#6135);
#1669=VERTEX_POINT('',#6139);
#1670=VERTEX_POINT('',#6140);
#1671=VERTEX_POINT('',#6142);
#1672=VERTEX_POINT('',#6144);
#1673=VERTEX_POINT('',#6148);
#1674=VERTEX_POINT('',#6150);
#1675=VERTEX_POINT('',#6154);
#1676=VERTEX_POINT('',#6156);
#1677=VERTEX_POINT('',#6163);
#1678=VERTEX_POINT('',#6166);
#1679=VERTEX_POINT('',#6167);
#1680=VERTEX_POINT('',#6169);
#1681=VERTEX_POINT('',#6171);
#1682=VERTEX_POINT('',#6175);
#1683=VERTEX_POINT('',#6177);
#1684=VERTEX_POINT('',#6181);
#1685=VERTEX_POINT('',#6182);
#1686=VERTEX_POINT('',#6184);
#1687=VERTEX_POINT('',#6186);
#1688=VERTEX_POINT('',#6190);
#1689=VERTEX_POINT('',#6192);
#1690=VERTEX_POINT('',#6196);
#1691=VERTEX_POINT('',#6197);
#1692=VERTEX_POINT('',#6200);
#1693=VERTEX_POINT('',#6203);
#1694=VERTEX_POINT('',#6205);
#1695=VERTEX_POINT('',#6210);
#1696=VERTEX_POINT('',#6214);
#1697=VERTEX_POINT('',#6218);
#1698=VERTEX_POINT('',#6222);
#1699=VERTEX_POINT('',#6226);
#1700=VERTEX_POINT('',#6227);
#1701=VERTEX_POINT('',#6233);
#1702=VERTEX_POINT('',#6234);
#1703=VERTEX_POINT('',#6239);
#1704=VERTEX_POINT('',#6243);
#1705=VERTEX_POINT('',#6244);
#1706=VERTEX_POINT('',#6249);
#1707=EDGE_CURVE('',#1387,#1388,#1285,.T.);
#1708=EDGE_CURVE('',#1389,#1387,#697,.T.);
#1709=EDGE_CURVE('',#1390,#1389,#1286,.T.);
#1710=EDGE_CURVE('',#1391,#1390,#1287,.T.);
#1711=EDGE_CURVE('',#1392,#1391,#698,.T.);
#1712=EDGE_CURVE('',#1393,#1392,#699,.T.);
#1713=EDGE_CURVE('',#1394,#1393,#700,.T.);
#1714=EDGE_CURVE('',#1388,#1394,#1288,.T.);
#1715=EDGE_CURVE('',#1395,#1387,#701,.T.);
#1716=EDGE_CURVE('',#1396,#1395,#702,.T.);
#1717=EDGE_CURVE('',#1389,#1396,#703,.T.);
#1718=EDGE_CURVE('',#1394,#1397,#704,.F.);
#1719=EDGE_CURVE('',#1397,#1398,#1289,.F.);
#1720=EDGE_CURVE('',#1388,#1398,#705,.F.);
#1721=EDGE_CURVE('',#1399,#1393,#706,.T.);
#1722=EDGE_CURVE('',#1399,#1397,#707,.F.);
#1723=EDGE_CURVE('',#1396,#1400,#1290,.T.);
#1724=EDGE_CURVE('',#1400,#1401,#708,.T.);
#1725=EDGE_CURVE('',#1402,#1401,#1291,.T.);
#1726=EDGE_CURVE('',#1390,#1402,#709,.T.);
#1727=EDGE_CURVE('',#1392,#1403,#710,.T.);
#1728=EDGE_CURVE('',#1404,#1403,#711,.T.);
#1729=EDGE_CURVE('',#1405,#1404,#712,.T.);
#1730=EDGE_CURVE('',#1406,#1405,#713,.T.);
#1731=EDGE_CURVE('',#1406,#1407,#714,.T.);
#1732=EDGE_CURVE('',#1407,#1399,#715,.T.);
#1733=EDGE_CURVE('',#1408,#1408,#1292,.T.);
#1734=EDGE_CURVE('',#1408,#1409,#716,.T.);
#1735=EDGE_CURVE('',#1409,#1409,#1293,.T.);
#1736=EDGE_CURVE('',#1410,#1406,#717,.T.);
#1737=EDGE_CURVE('',#1410,#1411,#718,.T.);
#1738=EDGE_CURVE('',#1411,#1407,#719,.F.);
#1739=EDGE_CURVE('',#1398,#1411,#1294,.F.);
#1740=EDGE_CURVE('',#1395,#1410,#1295,.T.);
#1741=EDGE_CURVE('',#1412,#1402,#1296,.T.);
#1742=EDGE_CURVE('',#1391,#1412,#720,.T.);
#1743=EDGE_CURVE('',#1403,#1412,#721,.T.);
#1744=EDGE_CURVE('',#1405,#1400,#722,.T.);
#1745=EDGE_CURVE('',#1401,#1404,#723,.T.);
#1746=EDGE_CURVE('',#1413,#1414,#1297,.T.);
#1747=EDGE_CURVE('',#1415,#1413,#724,.T.);
#1748=EDGE_CURVE('',#1416,#1415,#1298,.T.);
#1749=EDGE_CURVE('',#1417,#1416,#1299,.T.);
#1750=EDGE_CURVE('',#1418,#1417,#725,.T.);
#1751=EDGE_CURVE('',#1419,#1418,#726,.T.);
#1752=EDGE_CURVE('',#1420,#1419,#727,.T.);
#1753=EDGE_CURVE('',#1414,#1420,#1300,.T.);
#1754=EDGE_CURVE('',#1421,#1413,#728,.T.);
#1755=EDGE_CURVE('',#1422,#1421,#729,.T.);
#1756=EDGE_CURVE('',#1415,#1422,#730,.T.);
#1757=EDGE_CURVE('',#1414,#1423,#731,.T.);
#1758=EDGE_CURVE('',#1424,#1423,#1301,.T.);
#1759=EDGE_CURVE('',#1425,#1424,#732,.T.);
#1760=EDGE_CURVE('',#1425,#1421,#1302,.T.);
#1761=EDGE_CURVE('',#1420,#1426,#733,.T.);
#1762=EDGE_CURVE('',#1423,#1426,#1303,.T.);
#1763=EDGE_CURVE('',#1419,#1427,#734,.T.);
#1764=EDGE_CURVE('',#1426,#1427,#735,.T.);
#1765=EDGE_CURVE('',#1418,#1428,#736,.T.);
#1766=EDGE_CURVE('',#1428,#1429,#737,.T.);
#1767=EDGE_CURVE('',#1429,#1430,#738,.T.);
#1768=EDGE_CURVE('',#1431,#1430,#739,.T.);
#1769=EDGE_CURVE('',#1431,#1432,#740,.T.);
#1770=EDGE_CURVE('',#1427,#1432,#741,.T.);
#1771=EDGE_CURVE('',#1433,#1433,#1304,.T.);
#1772=EDGE_CURVE('',#1433,#1434,#742,.T.);
#1773=EDGE_CURVE('',#1434,#1434,#1305,.T.);
#1774=EDGE_CURVE('',#1430,#1435,#743,.T.);
#1775=EDGE_CURVE('',#1429,#1436,#744,.F.);
#1776=EDGE_CURVE('',#1435,#1436,#745,.T.);
#1777=EDGE_CURVE('',#1417,#1437,#746,.F.);
#1778=EDGE_CURVE('',#1437,#1428,#747,.F.);
#1779=EDGE_CURVE('',#1416,#1438,#748,.T.);
#1780=EDGE_CURVE('',#1438,#1437,#1306,.F.);
#1781=EDGE_CURVE('',#1435,#1422,#1307,.T.);
#1782=EDGE_CURVE('',#1436,#1438,#1308,.F.);
#1783=EDGE_CURVE('',#1425,#1431,#749,.T.);
#1784=EDGE_CURVE('',#1432,#1424,#750,.T.);
#1785=EDGE_CURVE('',#1439,#1439,#1309,.T.);
#1786=EDGE_CURVE('',#1440,#1440,#1310,.T.);
#1787=EDGE_CURVE('',#1440,#1441,#751,.T.);
#1788=EDGE_CURVE('',#1441,#1441,#1311,.T.);
#1789=EDGE_CURVE('',#1442,#1442,#1312,.T.);
#1790=EDGE_CURVE('',#1442,#1439,#752,.T.);
#1791=EDGE_CURVE('',#1443,#1443,#1313,.T.);
#1792=EDGE_CURVE('',#1444,#1444,#1314,.T.);
#1793=EDGE_CURVE('',#1444,#1445,#753,.T.);
#1794=EDGE_CURVE('',#1445,#1445,#1315,.T.);
#1795=EDGE_CURVE('',#1446,#1446,#1316,.T.);
#1796=EDGE_CURVE('',#1446,#1443,#754,.T.);
#1797=EDGE_CURVE('',#1447,#1447,#1317,.T.);
#1798=EDGE_CURVE('',#1447,#1448,#755,.T.);
#1799=EDGE_CURVE('',#1448,#1448,#1318,.T.);
#1800=EDGE_CURVE('',#1449,#1449,#1319,.T.);
#1801=EDGE_CURVE('',#1449,#1450,#756,.T.);
#1802=EDGE_CURVE('',#1450,#1450,#1320,.T.);
#1803=EDGE_CURVE('',#1451,#1452,#757,.T.);
#1804=EDGE_CURVE('',#1453,#1451,#1321,.T.);
#1805=EDGE_CURVE('',#1453,#1454,#758,.T.);
#1806=EDGE_CURVE('',#1452,#1454,#1322,.T.);
#1807=EDGE_CURVE('',#1455,#1455,#1323,.T.);
#1808=EDGE_CURVE('',#1455,#1456,#759,.T.);
#1809=EDGE_CURVE('',#1456,#1456,#1324,.T.);
#1810=EDGE_CURVE('',#1454,#1452,#1325,.T.);
#1811=EDGE_CURVE('',#1451,#1453,#1326,.T.);
#1812=EDGE_CURVE('',#1457,#1457,#1327,.T.);
#1813=EDGE_CURVE('',#1457,#1458,#760,.T.);
#1814=EDGE_CURVE('',#1458,#1458,#1328,.T.);
#1815=EDGE_CURVE('',#1459,#1459,#1329,.T.);
#1816=EDGE_CURVE('',#1459,#1460,#761,.T.);
#1817=EDGE_CURVE('',#1460,#1460,#1330,.T.);
#1818=EDGE_CURVE('',#1461,#1461,#1331,.T.);
#1819=EDGE_CURVE('',#1462,#1462,#1332,.T.);
#1820=EDGE_CURVE('',#1463,#1463,#1333,.T.);
#1821=EDGE_CURVE('',#1464,#1464,#1334,.T.);
#1822=EDGE_CURVE('',#1461,#1463,#762,.T.);
#1823=EDGE_CURVE('',#1462,#1464,#763,.T.);
#1824=EDGE_CURVE('',#1465,#1465,#1335,.T.);
#1825=EDGE_CURVE('',#1465,#1466,#764,.T.);
#1826=EDGE_CURVE('',#1466,#1466,#1336,.T.);
#1827=EDGE_CURVE('',#1467,#1467,#1337,.T.);
#1828=EDGE_CURVE('',#1467,#1468,#765,.T.);
#1829=EDGE_CURVE('',#1468,#1468,#1338,.T.);
#1830=EDGE_CURVE('',#1469,#1470,#1339,.T.);
#1831=EDGE_CURVE('',#1471,#1469,#766,.T.);
#1832=EDGE_CURVE('',#1472,#1471,#1340,.T.);
#1833=EDGE_CURVE('',#1470,#1472,#767,.T.);
#1834=EDGE_CURVE('',#1473,#1473,#1341,.T.);
#1835=EDGE_CURVE('',#1474,#1474,#1342,.T.);
#1836=EDGE_CURVE('',#1475,#1475,#1343,.T.);
#1837=EDGE_CURVE('',#1476,#1476,#1344,.T.);
#1838=EDGE_CURVE('',#1477,#1477,#1345,.T.);
#1839=EDGE_CURVE('',#1478,#1478,#1346,.T.);
#1840=EDGE_CURVE('',#1479,#1480,#768,.T.);
#1841=EDGE_CURVE('',#1480,#1481,#769,.T.);
#1842=EDGE_CURVE('',#1481,#1482,#770,.T.);
#1843=EDGE_CURVE('',#1482,#1483,#771,.T.);
#1844=EDGE_CURVE('',#1483,#1484,#772,.T.);
#1845=EDGE_CURVE('',#1484,#1485,#773,.T.);
#1846=EDGE_CURVE('',#1485,#1486,#774,.T.);
#1847=EDGE_CURVE('',#1486,#1479,#775,.T.);
#1848=EDGE_CURVE('',#1487,#1488,#1347,.T.);
#1849=EDGE_CURVE('',#1488,#1489,#776,.T.);
#1850=EDGE_CURVE('',#1489,#1490,#1348,.T.);
#1851=EDGE_CURVE('',#1490,#1487,#777,.T.);
#1852=EDGE_CURVE('',#1491,#1491,#1349,.T.);
#1853=EDGE_CURVE('',#1492,#1492,#1350,.T.);
#1854=EDGE_CURVE('',#1493,#1493,#1351,.T.);
#1855=EDGE_CURVE('',#1494,#1494,#1352,.T.);
#1856=EDGE_CURVE('',#1495,#1495,#1353,.T.);
#1857=EDGE_CURVE('',#1496,#1496,#1354,.T.);
#1858=EDGE_CURVE('',#1497,#1498,#778,.T.);
#1859=EDGE_CURVE('',#1498,#1499,#779,.T.);
#1860=EDGE_CURVE('',#1499,#1500,#780,.T.);
#1861=EDGE_CURVE('',#1500,#1501,#781,.T.);
#1862=EDGE_CURVE('',#1501,#1502,#782,.T.);
#1863=EDGE_CURVE('',#1502,#1503,#67,.T.);
#1864=EDGE_CURVE('',#1503,#1504,#68,.T.);
#1865=EDGE_CURVE('',#1504,#1505,#69,.T.);
#1866=EDGE_CURVE('',#1505,#1506,#783,.T.);
#1867=EDGE_CURVE('',#1506,#1507,#70,.T.);
#1868=EDGE_CURVE('',#1507,#1508,#71,.T.);
#1869=EDGE_CURVE('',#1508,#1509,#72,.T.);
#1870=EDGE_CURVE('',#1509,#1497,#73,.T.);
#1871=EDGE_CURVE('',#1510,#1511,#74,.T.);
#1872=EDGE_CURVE('',#1511,#1512,#75,.T.);
#1873=EDGE_CURVE('',#1512,#1513,#76,.T.);
#1874=EDGE_CURVE('',#1513,#1514,#77,.T.);
#1875=EDGE_CURVE('',#1514,#1515,#78,.T.);
#1876=EDGE_CURVE('',#1515,#1516,#79,.T.);
#1877=EDGE_CURVE('',#1516,#1517,#80,.T.);
#1878=EDGE_CURVE('',#1517,#1518,#81,.T.);
#1879=EDGE_CURVE('',#1518,#1510,#82,.T.);
#1880=EDGE_CURVE('',#1519,#1520,#784,.T.);
#1881=EDGE_CURVE('',#1520,#1521,#785,.T.);
#1882=EDGE_CURVE('',#1521,#1522,#786,.T.);
#1883=EDGE_CURVE('',#1522,#1523,#787,.T.);
#1884=EDGE_CURVE('',#1523,#1524,#788,.T.);
#1885=EDGE_CURVE('',#1524,#1525,#789,.T.);
#1886=EDGE_CURVE('',#1525,#1526,#790,.T.);
#1887=EDGE_CURVE('',#1526,#1527,#791,.T.);
#1888=EDGE_CURVE('',#1527,#1528,#792,.T.);
#1889=EDGE_CURVE('',#1528,#1519,#793,.T.);
#1890=EDGE_CURVE('',#1529,#1530,#794,.T.);
#1891=EDGE_CURVE('',#1530,#1531,#795,.T.);
#1892=EDGE_CURVE('',#1531,#1532,#796,.T.);
#1893=EDGE_CURVE('',#1532,#1533,#797,.T.);
#1894=EDGE_CURVE('',#1533,#1534,#798,.T.);
#1895=EDGE_CURVE('',#1534,#1535,#83,.T.);
#1896=EDGE_CURVE('',#1535,#1536,#84,.T.);
#1897=EDGE_CURVE('',#1536,#1537,#85,.T.);
#1898=EDGE_CURVE('',#1537,#1538,#86,.T.);
#1899=EDGE_CURVE('',#1538,#1539,#87,.T.);
#1900=EDGE_CURVE('',#1539,#1540,#799,.T.);
#1901=EDGE_CURVE('',#1540,#1541,#800,.T.);
#1902=EDGE_CURVE('',#1541,#1542,#801,.T.);
#1903=EDGE_CURVE('',#1542,#1543,#88,.T.);
#1904=EDGE_CURVE('',#1543,#1544,#89,.T.);
#1905=EDGE_CURVE('',#1544,#1545,#90,.T.);
#1906=EDGE_CURVE('',#1545,#1546,#91,.T.);
#1907=EDGE_CURVE('',#1546,#1529,#92,.T.);
#1908=EDGE_CURVE('',#1547,#1548,#93,.T.);
#1909=EDGE_CURVE('',#1548,#1549,#94,.T.);
#1910=EDGE_CURVE('',#1549,#1550,#802,.T.);
#1911=EDGE_CURVE('',#1550,#1551,#95,.T.);
#1912=EDGE_CURVE('',#1551,#1552,#96,.T.);
#1913=EDGE_CURVE('',#1552,#1553,#97,.T.);
#1914=EDGE_CURVE('',#1553,#1554,#98,.T.);
#1915=EDGE_CURVE('',#1554,#1555,#803,.T.);
#1916=EDGE_CURVE('',#1555,#1556,#804,.T.);
#1917=EDGE_CURVE('',#1556,#1557,#805,.T.);
#1918=EDGE_CURVE('',#1557,#1558,#806,.T.);
#1919=EDGE_CURVE('',#1558,#1559,#807,.T.);
#1920=EDGE_CURVE('',#1559,#1560,#808,.T.);
#1921=EDGE_CURVE('',#1560,#1561,#809,.T.);
#1922=EDGE_CURVE('',#1561,#1562,#810,.T.);
#1923=EDGE_CURVE('',#1562,#1563,#811,.T.);
#1924=EDGE_CURVE('',#1563,#1564,#812,.T.);
#1925=EDGE_CURVE('',#1564,#1565,#813,.T.);
#1926=EDGE_CURVE('',#1565,#1566,#99,.T.);
#1927=EDGE_CURVE('',#1566,#1547,#100,.T.);
#1928=EDGE_CURVE('',#1567,#1568,#814,.T.);
#1929=EDGE_CURVE('',#1568,#1569,#815,.T.);
#1930=EDGE_CURVE('',#1569,#1570,#816,.T.);
#1931=EDGE_CURVE('',#1570,#1571,#817,.T.);
#1932=EDGE_CURVE('',#1571,#1572,#818,.T.);
#1933=EDGE_CURVE('',#1572,#1573,#819,.T.);
#1934=EDGE_CURVE('',#1573,#1574,#820,.T.);
#1935=EDGE_CURVE('',#1574,#1567,#821,.T.);
#1936=EDGE_CURVE('',#1470,#1488,#822,.T.);
#1937=EDGE_CURVE('',#1469,#1487,#823,.T.);
#1938=EDGE_CURVE('',#1472,#1489,#824,.T.);
#1939=EDGE_CURVE('',#1471,#1490,#825,.T.);
#1940=EDGE_CURVE('',#1496,#1477,#826,.T.);
#1941=EDGE_CURVE('',#1495,#1478,#827,.T.);
#1942=EDGE_CURVE('',#1575,#1576,#101,.T.);
#1943=EDGE_CURVE('',#1576,#1577,#102,.T.);
#1944=EDGE_CURVE('',#1577,#1578,#103,.T.);
#1945=EDGE_CURVE('',#1578,#1579,#104,.T.);
#1946=EDGE_CURVE('',#1579,#1580,#105,.T.);
#1947=EDGE_CURVE('',#1580,#1581,#106,.T.);
#1948=EDGE_CURVE('',#1581,#1582,#107,.T.);
#1949=EDGE_CURVE('',#1582,#1575,#108,.T.);
#1950=EDGE_CURVE('',#1583,#1584,#828,.T.);
#1951=EDGE_CURVE('',#1584,#1499,#829,.T.);
#1952=EDGE_CURVE('',#1583,#1498,#830,.T.);
#1953=EDGE_CURVE('',#1584,#1585,#831,.T.);
#1954=EDGE_CURVE('',#1585,#1500,#832,.T.);
#1955=EDGE_CURVE('',#1585,#1586,#833,.T.);
#1956=EDGE_CURVE('',#1586,#1501,#834,.T.);
#1957=EDGE_CURVE('',#1586,#1587,#835,.T.);
#1958=EDGE_CURVE('',#1587,#1502,#836,.T.);
#1959=EDGE_CURVE('',#1587,#1588,#109,.T.);
#1960=EDGE_CURVE('',#1588,#1503,#837,.T.);
#1961=EDGE_CURVE('',#1588,#1589,#110,.T.);
#1962=EDGE_CURVE('',#1589,#1504,#838,.T.);
#1963=EDGE_CURVE('',#1589,#1590,#111,.T.);
#1964=EDGE_CURVE('',#1590,#1505,#839,.T.);
#1965=EDGE_CURVE('',#1590,#1591,#840,.T.);
#1966=EDGE_CURVE('',#1591,#1506,#841,.T.);
#1967=EDGE_CURVE('',#1591,#1592,#112,.T.);
#1968=EDGE_CURVE('',#1592,#1507,#842,.T.);
#1969=EDGE_CURVE('',#1592,#1593,#113,.T.);
#1970=EDGE_CURVE('',#1593,#1508,#843,.T.);
#1971=EDGE_CURVE('',#1593,#1594,#114,.T.);
#1972=EDGE_CURVE('',#1594,#1509,#844,.T.);
#1973=EDGE_CURVE('',#1594,#1595,#115,.T.);
#1974=EDGE_CURVE('',#1595,#1497,#845,.T.);
#1975=EDGE_CURVE('',#1595,#1583,#846,.T.);
#1976=EDGE_CURVE('',#1596,#1597,#116,.T.);
#1977=EDGE_CURVE('',#1597,#1577,#847,.T.);
#1978=EDGE_CURVE('',#1596,#1576,#848,.T.);
#1979=EDGE_CURVE('',#1597,#1598,#117,.T.);
#1980=EDGE_CURVE('',#1598,#1578,#849,.T.);
#1981=EDGE_CURVE('',#1598,#1599,#118,.T.);
#1982=EDGE_CURVE('',#1599,#1579,#850,.T.);
#1983=EDGE_CURVE('',#1599,#1600,#119,.T.);
#1984=EDGE_CURVE('',#1600,#1580,#851,.T.);
#1985=EDGE_CURVE('',#1600,#1601,#120,.T.);
#1986=EDGE_CURVE('',#1601,#1581,#852,.T.);
#1987=EDGE_CURVE('',#1601,#1602,#121,.T.);
#1988=EDGE_CURVE('',#1602,#1582,#853,.T.);
#1989=EDGE_CURVE('',#1602,#1603,#122,.T.);
#1990=EDGE_CURVE('',#1603,#1575,#854,.T.);
#1991=EDGE_CURVE('',#1603,#1596,#123,.T.);
#1992=EDGE_CURVE('',#1604,#1605,#124,.T.);
#1993=EDGE_CURVE('',#1605,#1512,#855,.T.);
#1994=EDGE_CURVE('',#1604,#1511,#856,.T.);
#1995=EDGE_CURVE('',#1605,#1606,#125,.T.);
#1996=EDGE_CURVE('',#1606,#1513,#857,.T.);
#1997=EDGE_CURVE('',#1606,#1607,#126,.T.);
#1998=EDGE_CURVE('',#1607,#1514,#858,.T.);
#1999=EDGE_CURVE('',#1607,#1608,#127,.T.);
#2000=EDGE_CURVE('',#1608,#1515,#859,.T.);
#2001=EDGE_CURVE('',#1608,#1609,#128,.T.);
#2002=EDGE_CURVE('',#1609,#1516,#860,.T.);
#2003=EDGE_CURVE('',#1609,#1610,#129,.T.);
#2004=EDGE_CURVE('',#1610,#1517,#861,.T.);
#2005=EDGE_CURVE('',#1610,#1611,#130,.T.);
#2006=EDGE_CURVE('',#1611,#1518,#862,.T.);
#2007=EDGE_CURVE('',#1611,#1612,#131,.T.);
#2008=EDGE_CURVE('',#1612,#1510,#863,.T.);
#2009=EDGE_CURVE('',#1612,#1604,#132,.T.);
#2010=EDGE_CURVE('',#1613,#1614,#864,.T.);
#2011=EDGE_CURVE('',#1614,#1521,#865,.T.);
#2012=EDGE_CURVE('',#1613,#1520,#866,.T.);
#2013=EDGE_CURVE('',#1614,#1615,#867,.T.);
#2014=EDGE_CURVE('',#1615,#1522,#868,.T.);
#2015=EDGE_CURVE('',#1615,#1616,#869,.T.);
#2016=EDGE_CURVE('',#1616,#1523,#870,.T.);
#2017=EDGE_CURVE('',#1616,#1617,#871,.T.);
#2018=EDGE_CURVE('',#1617,#1524,#872,.T.);
#2019=EDGE_CURVE('',#1617,#1618,#873,.T.);
#2020=EDGE_CURVE('',#1618,#1525,#874,.T.);
#2021=EDGE_CURVE('',#1618,#1619,#875,.T.);
#2022=EDGE_CURVE('',#1619,#1526,#876,.T.);
#2023=EDGE_CURVE('',#1619,#1620,#877,.T.);
#2024=EDGE_CURVE('',#1620,#1527,#878,.T.);
#2025=EDGE_CURVE('',#1620,#1621,#879,.T.);
#2026=EDGE_CURVE('',#1621,#1528,#880,.T.);
#2027=EDGE_CURVE('',#1621,#1622,#881,.T.);
#2028=EDGE_CURVE('',#1622,#1519,#882,.T.);
#2029=EDGE_CURVE('',#1622,#1613,#883,.T.);
#2030=EDGE_CURVE('',#1623,#1624,#884,.T.);
#2031=EDGE_CURVE('',#1624,#1531,#885,.T.);
#2032=EDGE_CURVE('',#1623,#1530,#886,.T.);
#2033=EDGE_CURVE('',#1624,#1625,#887,.T.);
#2034=EDGE_CURVE('',#1625,#1532,#888,.T.);
#2035=EDGE_CURVE('',#1625,#1626,#889,.T.);
#2036=EDGE_CURVE('',#1626,#1533,#890,.T.);
#2037=EDGE_CURVE('',#1626,#1627,#891,.T.);
#2038=EDGE_CURVE('',#1627,#1534,#892,.T.);
#2039=EDGE_CURVE('',#1627,#1628,#133,.T.);
#2040=EDGE_CURVE('',#1628,#1535,#893,.T.);
#2041=EDGE_CURVE('',#1628,#1629,#134,.T.);
#2042=EDGE_CURVE('',#1629,#1536,#894,.T.);
#2043=EDGE_CURVE('',#1629,#1630,#135,.T.);
#2044=EDGE_CURVE('',#1630,#1537,#895,.T.);
#2045=EDGE_CURVE('',#1630,#1631,#136,.T.);
#2046=EDGE_CURVE('',#1631,#1538,#896,.T.);
#2047=EDGE_CURVE('',#1631,#1632,#137,.T.);
#2048=EDGE_CURVE('',#1632,#1539,#897,.T.);
#2049=EDGE_CURVE('',#1632,#1633,#898,.T.);
#2050=EDGE_CURVE('',#1633,#1540,#899,.T.);
#2051=EDGE_CURVE('',#1633,#1634,#900,.T.);
#2052=EDGE_CURVE('',#1634,#1541,#901,.T.);
#2053=EDGE_CURVE('',#1634,#1635,#902,.T.);
#2054=EDGE_CURVE('',#1635,#1542,#903,.T.);
#2055=EDGE_CURVE('',#1635,#1636,#138,.T.);
#2056=EDGE_CURVE('',#1636,#1543,#904,.T.);
#2057=EDGE_CURVE('',#1636,#1637,#139,.T.);
#2058=EDGE_CURVE('',#1637,#1544,#905,.T.);
#2059=EDGE_CURVE('',#1637,#1638,#140,.T.);
#2060=EDGE_CURVE('',#1638,#1545,#906,.T.);
#2061=EDGE_CURVE('',#1638,#1639,#141,.T.);
#2062=EDGE_CURVE('',#1639,#1546,#907,.T.);
#2063=EDGE_CURVE('',#1639,#1640,#142,.T.);
#2064=EDGE_CURVE('',#1640,#1529,#908,.T.);
#2065=EDGE_CURVE('',#1640,#1623,#909,.T.);
#2066=EDGE_CURVE('',#1641,#1642,#143,.T.);
#2067=EDGE_CURVE('',#1642,#1549,#910,.T.);
#2068=EDGE_CURVE('',#1641,#1548,#911,.T.);
#2069=EDGE_CURVE('',#1642,#1643,#912,.T.);
#2070=EDGE_CURVE('',#1643,#1550,#913,.T.);
#2071=EDGE_CURVE('',#1643,#1644,#144,.T.);
#2072=EDGE_CURVE('',#1644,#1551,#914,.T.);
#2073=EDGE_CURVE('',#1644,#1645,#145,.T.);
#2074=EDGE_CURVE('',#1645,#1552,#915,.T.);
#2075=EDGE_CURVE('',#1645,#1646,#146,.T.);
#2076=EDGE_CURVE('',#1646,#1553,#916,.T.);
#2077=EDGE_CURVE('',#1646,#1647,#147,.T.);
#2078=EDGE_CURVE('',#1647,#1554,#917,.T.);
#2079=EDGE_CURVE('',#1647,#1648,#918,.T.);
#2080=EDGE_CURVE('',#1648,#1555,#919,.T.);
#2081=EDGE_CURVE('',#1648,#1649,#920,.T.);
#2082=EDGE_CURVE('',#1649,#1556,#921,.T.);
#2083=EDGE_CURVE('',#1649,#1650,#922,.T.);
#2084=EDGE_CURVE('',#1650,#1557,#923,.T.);
#2085=EDGE_CURVE('',#1650,#1651,#924,.T.);
#2086=EDGE_CURVE('',#1651,#1558,#925,.T.);
#2087=EDGE_CURVE('',#1651,#1652,#926,.T.);
#2088=EDGE_CURVE('',#1652,#1559,#927,.T.);
#2089=EDGE_CURVE('',#1652,#1653,#928,.T.);
#2090=EDGE_CURVE('',#1653,#1560,#929,.T.);
#2091=EDGE_CURVE('',#1653,#1654,#930,.T.);
#2092=EDGE_CURVE('',#1654,#1561,#931,.T.);
#2093=EDGE_CURVE('',#1654,#1655,#932,.T.);
#2094=EDGE_CURVE('',#1655,#1562,#933,.T.);
#2095=EDGE_CURVE('',#1655,#1656,#934,.T.);
#2096=EDGE_CURVE('',#1656,#1563,#935,.T.);
#2097=EDGE_CURVE('',#1656,#1657,#936,.T.);
#2098=EDGE_CURVE('',#1657,#1564,#937,.T.);
#2099=EDGE_CURVE('',#1657,#1658,#938,.T.);
#2100=EDGE_CURVE('',#1658,#1565,#939,.T.);
#2101=EDGE_CURVE('',#1658,#1659,#148,.T.);
#2102=EDGE_CURVE('',#1659,#1566,#940,.T.);
#2103=EDGE_CURVE('',#1659,#1660,#149,.T.);
#2104=EDGE_CURVE('',#1660,#1547,#941,.T.);
#2105=EDGE_CURVE('',#1660,#1641,#150,.T.);
#2106=EDGE_CURVE('',#1476,#1494,#942,.T.);
#2107=EDGE_CURVE('',#1475,#1493,#943,.T.);
#2108=EDGE_CURVE('',#1474,#1492,#944,.T.);
#2109=EDGE_CURVE('',#1473,#1491,#945,.T.);
#2110=EDGE_CURVE('',#1480,#1567,#946,.T.);
#2111=EDGE_CURVE('',#1481,#1574,#947,.T.);
#2112=EDGE_CURVE('',#1482,#1573,#948,.T.);
#2113=EDGE_CURVE('',#1483,#1572,#949,.T.);
#2114=EDGE_CURVE('',#1484,#1571,#950,.T.);
#2115=EDGE_CURVE('',#1485,#1570,#951,.T.);
#2116=EDGE_CURVE('',#1486,#1569,#952,.T.);
#2117=EDGE_CURVE('',#1479,#1568,#953,.T.);
#2118=EDGE_CURVE('',#1661,#1661,#1355,.T.);
#2119=EDGE_CURVE('',#1661,#1662,#954,.T.);
#2120=EDGE_CURVE('',#1662,#1662,#1356,.T.);
#2121=EDGE_CURVE('',#1663,#1663,#1357,.T.);
#2122=EDGE_CURVE('',#1663,#1664,#955,.T.);
#2123=EDGE_CURVE('',#1664,#1664,#1358,.T.);
#2124=EDGE_CURVE('',#1665,#1665,#1359,.T.);
#2125=EDGE_CURVE('',#1665,#1666,#956,.T.);
#2126=EDGE_CURVE('',#1666,#1666,#1360,.T.);
#2127=EDGE_CURVE('',#1667,#1667,#1361,.T.);
#2128=EDGE_CURVE('',#1667,#1668,#957,.T.);
#2129=EDGE_CURVE('',#1668,#1668,#1362,.T.);
#2130=EDGE_CURVE('',#1669,#1670,#958,.T.);
#2131=EDGE_CURVE('',#1669,#1671,#959,.T.);
#2132=EDGE_CURVE('',#1671,#1672,#960,.T.);
#2133=EDGE_CURVE('',#1670,#1672,#961,.T.);
#2134=EDGE_CURVE('',#1673,#1669,#962,.T.);
#2135=EDGE_CURVE('',#1673,#1674,#963,.T.);
#2136=EDGE_CURVE('',#1674,#1671,#964,.T.);
#2137=EDGE_CURVE('',#1675,#1673,#965,.T.);
#2138=EDGE_CURVE('',#1675,#1676,#966,.T.);
#2139=EDGE_CURVE('',#1676,#1674,#967,.T.);
#2140=EDGE_CURVE('',#1670,#1675,#968,.T.);
#2141=EDGE_CURVE('',#1672,#1676,#969,.T.);
#2142=EDGE_CURVE('',#1677,#1677,#1363,.T.);
#2143=EDGE_CURVE('',#1678,#1679,#970,.T.);
#2144=EDGE_CURVE('',#1680,#1679,#971,.T.);
#2145=EDGE_CURVE('',#1681,#1680,#972,.T.);
#2146=EDGE_CURVE('',#1678,#1681,#973,.T.);
#2147=EDGE_CURVE('',#1681,#1682,#1364,.T.);
#2148=EDGE_CURVE('',#1683,#1680,#1365,.T.);
#2149=EDGE_CURVE('',#1682,#1683,#974,.T.);
#2150=EDGE_CURVE('',#1684,#1685,#975,.T.);
#2151=EDGE_CURVE('',#1685,#1686,#976,.T.);
#2152=EDGE_CURVE('',#1687,#1686,#977,.T.);
#2153=EDGE_CURVE('',#1684,#1687,#978,.T.);
#2154=EDGE_CURVE('',#1688,#1686,#1366,.T.);
#2155=EDGE_CURVE('',#1689,#1688,#979,.T.);
#2156=EDGE_CURVE('',#1687,#1689,#1367,.T.);
#2157=EDGE_CURVE('',#1690,#1691,#1368,.T.);
#2158=EDGE_CURVE('',#1691,#1690,#1369,.T.);
#2159=EDGE_CURVE('',#1691,#1692,#980,.T.);
#2160=EDGE_CURVE('',#1692,#1684,#1370,.T.);
#2161=EDGE_CURVE('',#1689,#1693,#981,.T.);
#2162=EDGE_CURVE('',#1693,#1694,#1371,.T.);
#2163=EDGE_CURVE('',#1694,#1683,#982,.T.);
#2164=EDGE_CURVE('',#1679,#1692,#1372,.T.);
#2165=EDGE_CURVE('',#1695,#1688,#983,.T.);
#2166=EDGE_CURVE('',#1693,#1695,#984,.T.);
#2167=EDGE_CURVE('',#1696,#1696,#1373,.T.);
#2168=EDGE_CURVE('',#1696,#1677,#985,.T.);
#2169=EDGE_CURVE('',#1697,#1694,#986,.T.);
#2170=EDGE_CURVE('',#1682,#1697,#987,.T.);
#2171=EDGE_CURVE('',#1698,#1695,#1374,.T.);
#2172=EDGE_CURVE('',#1697,#1698,#1375,.T.);
#2173=EDGE_CURVE('',#1699,#1700,#1376,.T.);
#2174=EDGE_CURVE('',#1700,#1699,#1377,.T.);
#2175=EDGE_CURVE('',#1700,#1698,#988,.T.);
#2176=EDGE_CURVE('',#1685,#1678,#1378,.T.);
#2177=EDGE_CURVE('',#1701,#1702,#1379,.T.);
#2178=EDGE_CURVE('',#1702,#1701,#1380,.T.);
#2179=EDGE_CURVE('',#1701,#1699,#1381,.T.);
#2180=EDGE_CURVE('',#1702,#1703,#989,.T.);
#2181=EDGE_CURVE('',#1703,#1703,#1382,.T.);
#2182=EDGE_CURVE('',#1704,#1705,#1383,.T.);
#2183=EDGE_CURVE('',#1705,#1704,#1384,.T.);
#2184=EDGE_CURVE('',#1704,#1690,#1385,.T.);
#2185=EDGE_CURVE('',#1705,#1706,#990,.T.);
#2186=EDGE_CURVE('',#1706,#1706,#1386,.T.);
#2187=ORIENTED_EDGE('',*,*,#1707,.F.);
#2188=ORIENTED_EDGE('',*,*,#1708,.F.);
#2189=ORIENTED_EDGE('',*,*,#1709,.F.);
#2190=ORIENTED_EDGE('',*,*,#1710,.F.);
#2191=ORIENTED_EDGE('',*,*,#1711,.F.);
#2192=ORIENTED_EDGE('',*,*,#1712,.F.);
#2193=ORIENTED_EDGE('',*,*,#1713,.F.);
#2194=ORIENTED_EDGE('',*,*,#1714,.F.);
#2195=ORIENTED_EDGE('',*,*,#1715,.F.);
#2196=ORIENTED_EDGE('',*,*,#1716,.F.);
#2197=ORIENTED_EDGE('',*,*,#1717,.F.);
#2198=ORIENTED_EDGE('',*,*,#1708,.T.);
#2199=ORIENTED_EDGE('',*,*,#1714,.T.);
#2200=ORIENTED_EDGE('',*,*,#1718,.T.);
#2201=ORIENTED_EDGE('',*,*,#1719,.T.);
#2202=ORIENTED_EDGE('',*,*,#1720,.F.);
#2203=ORIENTED_EDGE('',*,*,#1713,.T.);
#2204=ORIENTED_EDGE('',*,*,#1721,.F.);
#2205=ORIENTED_EDGE('',*,*,#1722,.T.);
#2206=ORIENTED_EDGE('',*,*,#1718,.F.);
#2207=ORIENTED_EDGE('',*,*,#1709,.T.);
#2208=ORIENTED_EDGE('',*,*,#1717,.T.);
#2209=ORIENTED_EDGE('',*,*,#1723,.T.);
#2210=ORIENTED_EDGE('',*,*,#1724,.T.);
#2211=ORIENTED_EDGE('',*,*,#1725,.F.);
#2212=ORIENTED_EDGE('',*,*,#1726,.F.);
#2213=ORIENTED_EDGE('',*,*,#1712,.T.);
#2214=ORIENTED_EDGE('',*,*,#1727,.T.);
#2215=ORIENTED_EDGE('',*,*,#1728,.F.);
#2216=ORIENTED_EDGE('',*,*,#1729,.F.);
#2217=ORIENTED_EDGE('',*,*,#1730,.F.);
#2218=ORIENTED_EDGE('',*,*,#1731,.T.);
#2219=ORIENTED_EDGE('',*,*,#1732,.T.);
#2220=ORIENTED_EDGE('',*,*,#1721,.T.);
#2221=ORIENTED_EDGE('',*,*,#1733,.F.);
#2222=ORIENTED_EDGE('',*,*,#1734,.T.);
#2223=ORIENTED_EDGE('',*,*,#1735,.F.);
#2224=ORIENTED_EDGE('',*,*,#1734,.F.);
#2225=ORIENTED_EDGE('',*,*,#1736,.F.);
#2226=ORIENTED_EDGE('',*,*,#1737,.T.);
#2227=ORIENTED_EDGE('',*,*,#1738,.T.);
#2228=ORIENTED_EDGE('',*,*,#1731,.F.);
#2229=ORIENTED_EDGE('',*,*,#1707,.T.);
#2230=ORIENTED_EDGE('',*,*,#1720,.T.);
#2231=ORIENTED_EDGE('',*,*,#1739,.T.);
#2232=ORIENTED_EDGE('',*,*,#1737,.F.);
#2233=ORIENTED_EDGE('',*,*,#1740,.F.);
#2234=ORIENTED_EDGE('',*,*,#1715,.T.);
#2235=ORIENTED_EDGE('',*,*,#1739,.F.);
#2236=ORIENTED_EDGE('',*,*,#1719,.F.);
#2237=ORIENTED_EDGE('',*,*,#1722,.F.);
#2238=ORIENTED_EDGE('',*,*,#1732,.F.);
#2239=ORIENTED_EDGE('',*,*,#1738,.F.);
#2240=ORIENTED_EDGE('',*,*,#1733,.T.);
#2241=ORIENTED_EDGE('',*,*,#1710,.T.);
#2242=ORIENTED_EDGE('',*,*,#1726,.T.);
#2243=ORIENTED_EDGE('',*,*,#1741,.F.);
#2244=ORIENTED_EDGE('',*,*,#1742,.F.);
#2245=ORIENTED_EDGE('',*,*,#1711,.T.);
#2246=ORIENTED_EDGE('',*,*,#1742,.T.);
#2247=ORIENTED_EDGE('',*,*,#1743,.F.);
#2248=ORIENTED_EDGE('',*,*,#1727,.F.);
#2249=ORIENTED_EDGE('',*,*,#1744,.F.);
#2250=ORIENTED_EDGE('',*,*,#1729,.T.);
#2251=ORIENTED_EDGE('',*,*,#1745,.F.);
#2252=ORIENTED_EDGE('',*,*,#1724,.F.);
#2253=ORIENTED_EDGE('',*,*,#1725,.T.);
#2254=ORIENTED_EDGE('',*,*,#1745,.T.);
#2255=ORIENTED_EDGE('',*,*,#1728,.T.);
#2256=ORIENTED_EDGE('',*,*,#1743,.T.);
#2257=ORIENTED_EDGE('',*,*,#1741,.T.);
#2258=ORIENTED_EDGE('',*,*,#1735,.T.);
#2259=ORIENTED_EDGE('',*,*,#1716,.T.);
#2260=ORIENTED_EDGE('',*,*,#1740,.T.);
#2261=ORIENTED_EDGE('',*,*,#1736,.T.);
#2262=ORIENTED_EDGE('',*,*,#1730,.T.);
#2263=ORIENTED_EDGE('',*,*,#1744,.T.);
#2264=ORIENTED_EDGE('',*,*,#1723,.F.);
#2265=ORIENTED_EDGE('',*,*,#1746,.F.);
#2266=ORIENTED_EDGE('',*,*,#1747,.F.);
#2267=ORIENTED_EDGE('',*,*,#1748,.F.);
#2268=ORIENTED_EDGE('',*,*,#1749,.F.);
#2269=ORIENTED_EDGE('',*,*,#1750,.F.);
#2270=ORIENTED_EDGE('',*,*,#1751,.F.);
#2271=ORIENTED_EDGE('',*,*,#1752,.F.);
#2272=ORIENTED_EDGE('',*,*,#1753,.F.);
#2273=ORIENTED_EDGE('',*,*,#1754,.F.);
#2274=ORIENTED_EDGE('',*,*,#1755,.F.);
#2275=ORIENTED_EDGE('',*,*,#1756,.F.);
#2276=ORIENTED_EDGE('',*,*,#1747,.T.);
#2277=ORIENTED_EDGE('',*,*,#1754,.T.);
#2278=ORIENTED_EDGE('',*,*,#1746,.T.);
#2279=ORIENTED_EDGE('',*,*,#1757,.T.);
#2280=ORIENTED_EDGE('',*,*,#1758,.F.);
#2281=ORIENTED_EDGE('',*,*,#1759,.F.);
#2282=ORIENTED_EDGE('',*,*,#1760,.T.);
#2283=ORIENTED_EDGE('',*,*,#1753,.T.);
#2284=ORIENTED_EDGE('',*,*,#1761,.T.);
#2285=ORIENTED_EDGE('',*,*,#1762,.F.);
#2286=ORIENTED_EDGE('',*,*,#1757,.F.);
#2287=ORIENTED_EDGE('',*,*,#1752,.T.);
#2288=ORIENTED_EDGE('',*,*,#1763,.T.);
#2289=ORIENTED_EDGE('',*,*,#1764,.F.);
#2290=ORIENTED_EDGE('',*,*,#1761,.F.);
#2291=ORIENTED_EDGE('',*,*,#1751,.T.);
#2292=ORIENTED_EDGE('',*,*,#1765,.T.);
#2293=ORIENTED_EDGE('',*,*,#1766,.T.);
#2294=ORIENTED_EDGE('',*,*,#1767,.T.);
#2295=ORIENTED_EDGE('',*,*,#1768,.F.);
#2296=ORIENTED_EDGE('',*,*,#1769,.T.);
#2297=ORIENTED_EDGE('',*,*,#1770,.F.);
#2298=ORIENTED_EDGE('',*,*,#1763,.F.);
#2299=ORIENTED_EDGE('',*,*,#1771,.F.);
#2300=ORIENTED_EDGE('',*,*,#1772,.T.);
#2301=ORIENTED_EDGE('',*,*,#1773,.F.);
#2302=ORIENTED_EDGE('',*,*,#1772,.F.);
#2303=ORIENTED_EDGE('',*,*,#1774,.F.);
#2304=ORIENTED_EDGE('',*,*,#1767,.F.);
#2305=ORIENTED_EDGE('',*,*,#1775,.T.);
#2306=ORIENTED_EDGE('',*,*,#1776,.F.);
#2307=ORIENTED_EDGE('',*,*,#1750,.T.);
#2308=ORIENTED_EDGE('',*,*,#1777,.T.);
#2309=ORIENTED_EDGE('',*,*,#1778,.T.);
#2310=ORIENTED_EDGE('',*,*,#1765,.F.);
#2311=ORIENTED_EDGE('',*,*,#1749,.T.);
#2312=ORIENTED_EDGE('',*,*,#1779,.T.);
#2313=ORIENTED_EDGE('',*,*,#1780,.T.);
#2314=ORIENTED_EDGE('',*,*,#1777,.F.);
#2315=ORIENTED_EDGE('',*,*,#1756,.T.);
#2316=ORIENTED_EDGE('',*,*,#1781,.F.);
#2317=ORIENTED_EDGE('',*,*,#1776,.T.);
#2318=ORIENTED_EDGE('',*,*,#1782,.T.);
#2319=ORIENTED_EDGE('',*,*,#1779,.F.);
#2320=ORIENTED_EDGE('',*,*,#1748,.T.);
#2321=ORIENTED_EDGE('',*,*,#1782,.F.);
#2322=ORIENTED_EDGE('',*,*,#1775,.F.);
#2323=ORIENTED_EDGE('',*,*,#1766,.F.);
#2324=ORIENTED_EDGE('',*,*,#1778,.F.);
#2325=ORIENTED_EDGE('',*,*,#1780,.F.);
#2326=ORIENTED_EDGE('',*,*,#1771,.T.);
#2327=ORIENTED_EDGE('',*,*,#1755,.T.);
#2328=ORIENTED_EDGE('',*,*,#1760,.F.);
#2329=ORIENTED_EDGE('',*,*,#1783,.T.);
#2330=ORIENTED_EDGE('',*,*,#1768,.T.);
#2331=ORIENTED_EDGE('',*,*,#1774,.T.);
#2332=ORIENTED_EDGE('',*,*,#1781,.T.);
#2333=ORIENTED_EDGE('',*,*,#1783,.F.);
#2334=ORIENTED_EDGE('',*,*,#1759,.T.);
#2335=ORIENTED_EDGE('',*,*,#1784,.F.);
#2336=ORIENTED_EDGE('',*,*,#1769,.F.);
#2337=ORIENTED_EDGE('',*,*,#1758,.T.);
#2338=ORIENTED_EDGE('',*,*,#1762,.T.);
#2339=ORIENTED_EDGE('',*,*,#1764,.T.);
#2340=ORIENTED_EDGE('',*,*,#1770,.T.);
#2341=ORIENTED_EDGE('',*,*,#1784,.T.);
#2342=ORIENTED_EDGE('',*,*,#1773,.T.);
#2343=ORIENTED_EDGE('',*,*,#1785,.F.);
#2344=ORIENTED_EDGE('',*,*,#1786,.F.);
#2345=ORIENTED_EDGE('',*,*,#1786,.T.);
#2346=ORIENTED_EDGE('',*,*,#1787,.T.);
#2347=ORIENTED_EDGE('',*,*,#1788,.F.);
#2348=ORIENTED_EDGE('',*,*,#1787,.F.);
#2349=ORIENTED_EDGE('',*,*,#1789,.F.);
#2350=ORIENTED_EDGE('',*,*,#1790,.T.);
#2351=ORIENTED_EDGE('',*,*,#1785,.T.);
#2352=ORIENTED_EDGE('',*,*,#1790,.F.);
#2353=ORIENTED_EDGE('',*,*,#1789,.T.);
#2354=ORIENTED_EDGE('',*,*,#1788,.T.);
#2355=ORIENTED_EDGE('',*,*,#1791,.F.);
#2356=ORIENTED_EDGE('',*,*,#1792,.F.);
#2357=ORIENTED_EDGE('',*,*,#1792,.T.);
#2358=ORIENTED_EDGE('',*,*,#1793,.T.);
#2359=ORIENTED_EDGE('',*,*,#1794,.F.);
#2360=ORIENTED_EDGE('',*,*,#1793,.F.);
#2361=ORIENTED_EDGE('',*,*,#1795,.F.);
#2362=ORIENTED_EDGE('',*,*,#1796,.T.);
#2363=ORIENTED_EDGE('',*,*,#1791,.T.);
#2364=ORIENTED_EDGE('',*,*,#1796,.F.);
#2365=ORIENTED_EDGE('',*,*,#1795,.T.);
#2366=ORIENTED_EDGE('',*,*,#1794,.T.);
#2367=ORIENTED_EDGE('',*,*,#1797,.F.);
#2368=ORIENTED_EDGE('',*,*,#1798,.T.);
#2369=ORIENTED_EDGE('',*,*,#1799,.F.);
#2370=ORIENTED_EDGE('',*,*,#1798,.F.);
#2371=ORIENTED_EDGE('',*,*,#1800,.F.);
#2372=ORIENTED_EDGE('',*,*,#1801,.T.);
#2373=ORIENTED_EDGE('',*,*,#1802,.T.);
#2374=ORIENTED_EDGE('',*,*,#1801,.F.);
#2375=ORIENTED_EDGE('',*,*,#1800,.T.);
#2376=ORIENTED_EDGE('',*,*,#1799,.T.);
#2377=ORIENTED_EDGE('',*,*,#1802,.F.);
#2378=ORIENTED_EDGE('',*,*,#1797,.T.);
#2379=ORIENTED_EDGE('',*,*,#1803,.F.);
#2380=ORIENTED_EDGE('',*,*,#1804,.F.);
#2381=ORIENTED_EDGE('',*,*,#1805,.T.);
#2382=ORIENTED_EDGE('',*,*,#1806,.F.);
#2383=ORIENTED_EDGE('',*,*,#1807,.F.);
#2384=ORIENTED_EDGE('',*,*,#1808,.T.);
#2385=ORIENTED_EDGE('',*,*,#1809,.F.);
#2386=ORIENTED_EDGE('',*,*,#1808,.F.);
#2387=ORIENTED_EDGE('',*,*,#1803,.T.);
#2388=ORIENTED_EDGE('',*,*,#1810,.F.);
#2389=ORIENTED_EDGE('',*,*,#1805,.F.);
#2390=ORIENTED_EDGE('',*,*,#1811,.F.);
#2391=ORIENTED_EDGE('',*,*,#1810,.T.);
#2392=ORIENTED_EDGE('',*,*,#1806,.T.);
#2393=ORIENTED_EDGE('',*,*,#1809,.T.);
#2394=ORIENTED_EDGE('',*,*,#1804,.T.);
#2395=ORIENTED_EDGE('',*,*,#1811,.T.);
#2396=ORIENTED_EDGE('',*,*,#1807,.T.);
#2397=ORIENTED_EDGE('',*,*,#1812,.F.);
#2398=ORIENTED_EDGE('',*,*,#1813,.T.);
#2399=ORIENTED_EDGE('',*,*,#1814,.F.);
#2400=ORIENTED_EDGE('',*,*,#1813,.F.);
#2401=ORIENTED_EDGE('',*,*,#1815,.F.);
#2402=ORIENTED_EDGE('',*,*,#1816,.T.);
#2403=ORIENTED_EDGE('',*,*,#1817,.F.);
#2404=ORIENTED_EDGE('',*,*,#1816,.F.);
#2405=ORIENTED_EDGE('',*,*,#1817,.T.);
#2406=ORIENTED_EDGE('',*,*,#1814,.T.);
#2407=ORIENTED_EDGE('',*,*,#1815,.T.);
#2408=ORIENTED_EDGE('',*,*,#1812,.T.);
#2409=ORIENTED_EDGE('',*,*,#1818,.T.);
#2410=ORIENTED_EDGE('',*,*,#1819,.T.);
#2411=ORIENTED_EDGE('',*,*,#1820,.T.);
#2412=ORIENTED_EDGE('',*,*,#1821,.T.);
#2413=ORIENTED_EDGE('',*,*,#1818,.F.);
#2414=ORIENTED_EDGE('',*,*,#1822,.T.);
#2415=ORIENTED_EDGE('',*,*,#1820,.F.);
#2416=ORIENTED_EDGE('',*,*,#1822,.F.);
#2417=ORIENTED_EDGE('',*,*,#1819,.F.);
#2418=ORIENTED_EDGE('',*,*,#1823,.T.);
#2419=ORIENTED_EDGE('',*,*,#1821,.F.);
#2420=ORIENTED_EDGE('',*,*,#1823,.F.);
#2421=ORIENTED_EDGE('',*,*,#1824,.F.);
#2422=ORIENTED_EDGE('',*,*,#1825,.T.);
#2423=ORIENTED_EDGE('',*,*,#1826,.F.);
#2424=ORIENTED_EDGE('',*,*,#1825,.F.);
#2425=ORIENTED_EDGE('',*,*,#1827,.F.);
#2426=ORIENTED_EDGE('',*,*,#1828,.T.);
#2427=ORIENTED_EDGE('',*,*,#1829,.F.);
#2428=ORIENTED_EDGE('',*,*,#1828,.F.);
#2429=ORIENTED_EDGE('',*,*,#1829,.T.);
#2430=ORIENTED_EDGE('',*,*,#1826,.T.);
#2431=ORIENTED_EDGE('',*,*,#1827,.T.);
#2432=ORIENTED_EDGE('',*,*,#1824,.T.);
#2433=ORIENTED_EDGE('',*,*,#1830,.F.);
#2434=ORIENTED_EDGE('',*,*,#1831,.F.);
#2435=ORIENTED_EDGE('',*,*,#1832,.F.);
#2436=ORIENTED_EDGE('',*,*,#1833,.F.);
#2437=ORIENTED_EDGE('',*,*,#1834,.T.);
#2438=ORIENTED_EDGE('',*,*,#1835,.T.);
#2439=ORIENTED_EDGE('',*,*,#1836,.T.);
#2440=ORIENTED_EDGE('',*,*,#1837,.T.);
#2441=ORIENTED_EDGE('',*,*,#1838,.F.);
#2442=ORIENTED_EDGE('',*,*,#1839,.F.);
#2443=ORIENTED_EDGE('',*,*,#1840,.T.);
#2444=ORIENTED_EDGE('',*,*,#1841,.T.);
#2445=ORIENTED_EDGE('',*,*,#1842,.T.);
#2446=ORIENTED_EDGE('',*,*,#1843,.T.);
#2447=ORIENTED_EDGE('',*,*,#1844,.T.);
#2448=ORIENTED_EDGE('',*,*,#1845,.T.);
#2449=ORIENTED_EDGE('',*,*,#1846,.T.);
#2450=ORIENTED_EDGE('',*,*,#1847,.T.);
#2451=ORIENTED_EDGE('',*,*,#1848,.T.);
#2452=ORIENTED_EDGE('',*,*,#1849,.T.);
#2453=ORIENTED_EDGE('',*,*,#1850,.T.);
#2454=ORIENTED_EDGE('',*,*,#1851,.T.);
#2455=ORIENTED_EDGE('',*,*,#1852,.T.);
#2456=ORIENTED_EDGE('',*,*,#1853,.T.);
#2457=ORIENTED_EDGE('',*,*,#1854,.T.);
#2458=ORIENTED_EDGE('',*,*,#1855,.T.);
#2459=ORIENTED_EDGE('',*,*,#1856,.T.);
#2460=ORIENTED_EDGE('',*,*,#1857,.T.);
#2461=ORIENTED_EDGE('',*,*,#1858,.T.);
#2462=ORIENTED_EDGE('',*,*,#1859,.T.);
#2463=ORIENTED_EDGE('',*,*,#1860,.T.);
#2464=ORIENTED_EDGE('',*,*,#1861,.T.);
#2465=ORIENTED_EDGE('',*,*,#1862,.T.);
#2466=ORIENTED_EDGE('',*,*,#1863,.T.);
#2467=ORIENTED_EDGE('',*,*,#1864,.T.);
#2468=ORIENTED_EDGE('',*,*,#1865,.T.);
#2469=ORIENTED_EDGE('',*,*,#1866,.T.);
#2470=ORIENTED_EDGE('',*,*,#1867,.T.);
#2471=ORIENTED_EDGE('',*,*,#1868,.T.);
#2472=ORIENTED_EDGE('',*,*,#1869,.T.);
#2473=ORIENTED_EDGE('',*,*,#1870,.T.);
#2474=ORIENTED_EDGE('',*,*,#1871,.T.);
#2475=ORIENTED_EDGE('',*,*,#1872,.T.);
#2476=ORIENTED_EDGE('',*,*,#1873,.T.);
#2477=ORIENTED_EDGE('',*,*,#1874,.T.);
#2478=ORIENTED_EDGE('',*,*,#1875,.T.);
#2479=ORIENTED_EDGE('',*,*,#1876,.T.);
#2480=ORIENTED_EDGE('',*,*,#1877,.T.);
#2481=ORIENTED_EDGE('',*,*,#1878,.T.);
#2482=ORIENTED_EDGE('',*,*,#1879,.T.);
#2483=ORIENTED_EDGE('',*,*,#1880,.T.);
#2484=ORIENTED_EDGE('',*,*,#1881,.T.);
#2485=ORIENTED_EDGE('',*,*,#1882,.T.);
#2486=ORIENTED_EDGE('',*,*,#1883,.T.);
#2487=ORIENTED_EDGE('',*,*,#1884,.T.);
#2488=ORIENTED_EDGE('',*,*,#1885,.T.);
#2489=ORIENTED_EDGE('',*,*,#1886,.T.);
#2490=ORIENTED_EDGE('',*,*,#1887,.T.);
#2491=ORIENTED_EDGE('',*,*,#1888,.T.);
#2492=ORIENTED_EDGE('',*,*,#1889,.T.);
#2493=ORIENTED_EDGE('',*,*,#1890,.T.);
#2494=ORIENTED_EDGE('',*,*,#1891,.T.);
#2495=ORIENTED_EDGE('',*,*,#1892,.T.);
#2496=ORIENTED_EDGE('',*,*,#1893,.T.);
#2497=ORIENTED_EDGE('',*,*,#1894,.T.);
#2498=ORIENTED_EDGE('',*,*,#1895,.T.);
#2499=ORIENTED_EDGE('',*,*,#1896,.T.);
#2500=ORIENTED_EDGE('',*,*,#1897,.T.);
#2501=ORIENTED_EDGE('',*,*,#1898,.T.);
#2502=ORIENTED_EDGE('',*,*,#1899,.T.);
#2503=ORIENTED_EDGE('',*,*,#1900,.T.);
#2504=ORIENTED_EDGE('',*,*,#1901,.T.);
#2505=ORIENTED_EDGE('',*,*,#1902,.T.);
#2506=ORIENTED_EDGE('',*,*,#1903,.T.);
#2507=ORIENTED_EDGE('',*,*,#1904,.T.);
#2508=ORIENTED_EDGE('',*,*,#1905,.T.);
#2509=ORIENTED_EDGE('',*,*,#1906,.T.);
#2510=ORIENTED_EDGE('',*,*,#1907,.T.);
#2511=ORIENTED_EDGE('',*,*,#1908,.T.);
#2512=ORIENTED_EDGE('',*,*,#1909,.T.);
#2513=ORIENTED_EDGE('',*,*,#1910,.T.);
#2514=ORIENTED_EDGE('',*,*,#1911,.T.);
#2515=ORIENTED_EDGE('',*,*,#1912,.T.);
#2516=ORIENTED_EDGE('',*,*,#1913,.T.);
#2517=ORIENTED_EDGE('',*,*,#1914,.T.);
#2518=ORIENTED_EDGE('',*,*,#1915,.T.);
#2519=ORIENTED_EDGE('',*,*,#1916,.T.);
#2520=ORIENTED_EDGE('',*,*,#1917,.T.);
#2521=ORIENTED_EDGE('',*,*,#1918,.T.);
#2522=ORIENTED_EDGE('',*,*,#1919,.T.);
#2523=ORIENTED_EDGE('',*,*,#1920,.T.);
#2524=ORIENTED_EDGE('',*,*,#1921,.T.);
#2525=ORIENTED_EDGE('',*,*,#1922,.T.);
#2526=ORIENTED_EDGE('',*,*,#1923,.T.);
#2527=ORIENTED_EDGE('',*,*,#1924,.T.);
#2528=ORIENTED_EDGE('',*,*,#1925,.T.);
#2529=ORIENTED_EDGE('',*,*,#1926,.T.);
#2530=ORIENTED_EDGE('',*,*,#1927,.T.);
#2531=ORIENTED_EDGE('',*,*,#1928,.T.);
#2532=ORIENTED_EDGE('',*,*,#1929,.T.);
#2533=ORIENTED_EDGE('',*,*,#1930,.T.);
#2534=ORIENTED_EDGE('',*,*,#1931,.T.);
#2535=ORIENTED_EDGE('',*,*,#1932,.T.);
#2536=ORIENTED_EDGE('',*,*,#1933,.T.);
#2537=ORIENTED_EDGE('',*,*,#1934,.T.);
#2538=ORIENTED_EDGE('',*,*,#1935,.T.);
#2539=ORIENTED_EDGE('',*,*,#1830,.T.);
#2540=ORIENTED_EDGE('',*,*,#1936,.T.);
#2541=ORIENTED_EDGE('',*,*,#1848,.F.);
#2542=ORIENTED_EDGE('',*,*,#1937,.F.);
#2543=ORIENTED_EDGE('',*,*,#1833,.T.);
#2544=ORIENTED_EDGE('',*,*,#1938,.T.);
#2545=ORIENTED_EDGE('',*,*,#1849,.F.);
#2546=ORIENTED_EDGE('',*,*,#1936,.F.);
#2547=ORIENTED_EDGE('',*,*,#1832,.T.);
#2548=ORIENTED_EDGE('',*,*,#1939,.T.);
#2549=ORIENTED_EDGE('',*,*,#1850,.F.);
#2550=ORIENTED_EDGE('',*,*,#1938,.F.);
#2551=ORIENTED_EDGE('',*,*,#1831,.T.);
#2552=ORIENTED_EDGE('',*,*,#1937,.T.);
#2553=ORIENTED_EDGE('',*,*,#1851,.F.);
#2554=ORIENTED_EDGE('',*,*,#1939,.F.);
#2555=ORIENTED_EDGE('',*,*,#1857,.F.);
#2556=ORIENTED_EDGE('',*,*,#1940,.T.);
#2557=ORIENTED_EDGE('',*,*,#1838,.T.);
#2558=ORIENTED_EDGE('',*,*,#1940,.F.);
#2559=ORIENTED_EDGE('',*,*,#1856,.F.);
#2560=ORIENTED_EDGE('',*,*,#1941,.T.);
#2561=ORIENTED_EDGE('',*,*,#1839,.T.);
#2562=ORIENTED_EDGE('',*,*,#1941,.F.);
#2563=ORIENTED_EDGE('',*,*,#1942,.T.);
#2564=ORIENTED_EDGE('',*,*,#1943,.T.);
#2565=ORIENTED_EDGE('',*,*,#1944,.T.);
#2566=ORIENTED_EDGE('',*,*,#1945,.T.);
#2567=ORIENTED_EDGE('',*,*,#1946,.T.);
#2568=ORIENTED_EDGE('',*,*,#1947,.T.);
#2569=ORIENTED_EDGE('',*,*,#1948,.T.);
#2570=ORIENTED_EDGE('',*,*,#1949,.T.);
#2571=ORIENTED_EDGE('',*,*,#1950,.T.);
#2572=ORIENTED_EDGE('',*,*,#1951,.T.);
#2573=ORIENTED_EDGE('',*,*,#1859,.F.);
#2574=ORIENTED_EDGE('',*,*,#1952,.F.);
#2575=ORIENTED_EDGE('',*,*,#1953,.T.);
#2576=ORIENTED_EDGE('',*,*,#1954,.T.);
#2577=ORIENTED_EDGE('',*,*,#1860,.F.);
#2578=ORIENTED_EDGE('',*,*,#1951,.F.);
#2579=ORIENTED_EDGE('',*,*,#1955,.T.);
#2580=ORIENTED_EDGE('',*,*,#1956,.T.);
#2581=ORIENTED_EDGE('',*,*,#1861,.F.);
#2582=ORIENTED_EDGE('',*,*,#1954,.F.);
#2583=ORIENTED_EDGE('',*,*,#1957,.T.);
#2584=ORIENTED_EDGE('',*,*,#1958,.T.);
#2585=ORIENTED_EDGE('',*,*,#1862,.F.);
#2586=ORIENTED_EDGE('',*,*,#1956,.F.);
#2587=ORIENTED_EDGE('',*,*,#1959,.T.);
#2588=ORIENTED_EDGE('',*,*,#1960,.T.);
#2589=ORIENTED_EDGE('',*,*,#1863,.F.);
#2590=ORIENTED_EDGE('',*,*,#1958,.F.);
#2591=ORIENTED_EDGE('',*,*,#1961,.T.);
#2592=ORIENTED_EDGE('',*,*,#1962,.T.);
#2593=ORIENTED_EDGE('',*,*,#1864,.F.);
#2594=ORIENTED_EDGE('',*,*,#1960,.F.);
#2595=ORIENTED_EDGE('',*,*,#1963,.T.);
#2596=ORIENTED_EDGE('',*,*,#1964,.T.);
#2597=ORIENTED_EDGE('',*,*,#1865,.F.);
#2598=ORIENTED_EDGE('',*,*,#1962,.F.);
#2599=ORIENTED_EDGE('',*,*,#1965,.T.);
#2600=ORIENTED_EDGE('',*,*,#1966,.T.);
#2601=ORIENTED_EDGE('',*,*,#1866,.F.);
#2602=ORIENTED_EDGE('',*,*,#1964,.F.);
#2603=ORIENTED_EDGE('',*,*,#1967,.T.);
#2604=ORIENTED_EDGE('',*,*,#1968,.T.);
#2605=ORIENTED_EDGE('',*,*,#1867,.F.);
#2606=ORIENTED_EDGE('',*,*,#1966,.F.);
#2607=ORIENTED_EDGE('',*,*,#1969,.T.);
#2608=ORIENTED_EDGE('',*,*,#1970,.T.);
#2609=ORIENTED_EDGE('',*,*,#1868,.F.);
#2610=ORIENTED_EDGE('',*,*,#1968,.F.);
#2611=ORIENTED_EDGE('',*,*,#1971,.T.);
#2612=ORIENTED_EDGE('',*,*,#1972,.T.);
#2613=ORIENTED_EDGE('',*,*,#1869,.F.);
#2614=ORIENTED_EDGE('',*,*,#1970,.F.);
#2615=ORIENTED_EDGE('',*,*,#1973,.T.);
#2616=ORIENTED_EDGE('',*,*,#1974,.T.);
#2617=ORIENTED_EDGE('',*,*,#1870,.F.);
#2618=ORIENTED_EDGE('',*,*,#1972,.F.);
#2619=ORIENTED_EDGE('',*,*,#1975,.T.);
#2620=ORIENTED_EDGE('',*,*,#1952,.T.);
#2621=ORIENTED_EDGE('',*,*,#1858,.F.);
#2622=ORIENTED_EDGE('',*,*,#1974,.F.);
#2623=ORIENTED_EDGE('',*,*,#1975,.F.);
#2624=ORIENTED_EDGE('',*,*,#1973,.F.);
#2625=ORIENTED_EDGE('',*,*,#1971,.F.);
#2626=ORIENTED_EDGE('',*,*,#1969,.F.);
#2627=ORIENTED_EDGE('',*,*,#1967,.F.);
#2628=ORIENTED_EDGE('',*,*,#1965,.F.);
#2629=ORIENTED_EDGE('',*,*,#1963,.F.);
#2630=ORIENTED_EDGE('',*,*,#1961,.F.);
#2631=ORIENTED_EDGE('',*,*,#1959,.F.);
#2632=ORIENTED_EDGE('',*,*,#1957,.F.);
#2633=ORIENTED_EDGE('',*,*,#1955,.F.);
#2634=ORIENTED_EDGE('',*,*,#1953,.F.);
#2635=ORIENTED_EDGE('',*,*,#1950,.F.);
#2636=ORIENTED_EDGE('',*,*,#1976,.T.);
#2637=ORIENTED_EDGE('',*,*,#1977,.T.);
#2638=ORIENTED_EDGE('',*,*,#1943,.F.);
#2639=ORIENTED_EDGE('',*,*,#1978,.F.);
#2640=ORIENTED_EDGE('',*,*,#1979,.T.);
#2641=ORIENTED_EDGE('',*,*,#1980,.T.);
#2642=ORIENTED_EDGE('',*,*,#1944,.F.);
#2643=ORIENTED_EDGE('',*,*,#1977,.F.);
#2644=ORIENTED_EDGE('',*,*,#1981,.T.);
#2645=ORIENTED_EDGE('',*,*,#1982,.T.);
#2646=ORIENTED_EDGE('',*,*,#1945,.F.);
#2647=ORIENTED_EDGE('',*,*,#1980,.F.);
#2648=ORIENTED_EDGE('',*,*,#1983,.T.);
#2649=ORIENTED_EDGE('',*,*,#1984,.T.);
#2650=ORIENTED_EDGE('',*,*,#1946,.F.);
#2651=ORIENTED_EDGE('',*,*,#1982,.F.);
#2652=ORIENTED_EDGE('',*,*,#1985,.T.);
#2653=ORIENTED_EDGE('',*,*,#1986,.T.);
#2654=ORIENTED_EDGE('',*,*,#1947,.F.);
#2655=ORIENTED_EDGE('',*,*,#1984,.F.);
#2656=ORIENTED_EDGE('',*,*,#1987,.T.);
#2657=ORIENTED_EDGE('',*,*,#1988,.T.);
#2658=ORIENTED_EDGE('',*,*,#1948,.F.);
#2659=ORIENTED_EDGE('',*,*,#1986,.F.);
#2660=ORIENTED_EDGE('',*,*,#1989,.T.);
#2661=ORIENTED_EDGE('',*,*,#1990,.T.);
#2662=ORIENTED_EDGE('',*,*,#1949,.F.);
#2663=ORIENTED_EDGE('',*,*,#1988,.F.);
#2664=ORIENTED_EDGE('',*,*,#1991,.T.);
#2665=ORIENTED_EDGE('',*,*,#1978,.T.);
#2666=ORIENTED_EDGE('',*,*,#1942,.F.);
#2667=ORIENTED_EDGE('',*,*,#1990,.F.);
#2668=ORIENTED_EDGE('',*,*,#1992,.T.);
#2669=ORIENTED_EDGE('',*,*,#1993,.T.);
#2670=ORIENTED_EDGE('',*,*,#1872,.F.);
#2671=ORIENTED_EDGE('',*,*,#1994,.F.);
#2672=ORIENTED_EDGE('',*,*,#1995,.T.);
#2673=ORIENTED_EDGE('',*,*,#1996,.T.);
#2674=ORIENTED_EDGE('',*,*,#1873,.F.);
#2675=ORIENTED_EDGE('',*,*,#1993,.F.);
#2676=ORIENTED_EDGE('',*,*,#1997,.T.);
#2677=ORIENTED_EDGE('',*,*,#1998,.T.);
#2678=ORIENTED_EDGE('',*,*,#1874,.F.);
#2679=ORIENTED_EDGE('',*,*,#1996,.F.);
#2680=ORIENTED_EDGE('',*,*,#1999,.T.);
#2681=ORIENTED_EDGE('',*,*,#2000,.T.);
#2682=ORIENTED_EDGE('',*,*,#1875,.F.);
#2683=ORIENTED_EDGE('',*,*,#1998,.F.);
#2684=ORIENTED_EDGE('',*,*,#2001,.T.);
#2685=ORIENTED_EDGE('',*,*,#2002,.T.);
#2686=ORIENTED_EDGE('',*,*,#1876,.F.);
#2687=ORIENTED_EDGE('',*,*,#2000,.F.);
#2688=ORIENTED_EDGE('',*,*,#2003,.T.);
#2689=ORIENTED_EDGE('',*,*,#2004,.T.);
#2690=ORIENTED_EDGE('',*,*,#1877,.F.);
#2691=ORIENTED_EDGE('',*,*,#2002,.F.);
#2692=ORIENTED_EDGE('',*,*,#2005,.T.);
#2693=ORIENTED_EDGE('',*,*,#2006,.T.);
#2694=ORIENTED_EDGE('',*,*,#1878,.F.);
#2695=ORIENTED_EDGE('',*,*,#2004,.F.);
#2696=ORIENTED_EDGE('',*,*,#2007,.T.);
#2697=ORIENTED_EDGE('',*,*,#2008,.T.);
#2698=ORIENTED_EDGE('',*,*,#1879,.F.);
#2699=ORIENTED_EDGE('',*,*,#2006,.F.);
#2700=ORIENTED_EDGE('',*,*,#2009,.T.);
#2701=ORIENTED_EDGE('',*,*,#1994,.T.);
#2702=ORIENTED_EDGE('',*,*,#1871,.F.);
#2703=ORIENTED_EDGE('',*,*,#2008,.F.);
#2704=ORIENTED_EDGE('',*,*,#2009,.F.);
#2705=ORIENTED_EDGE('',*,*,#2007,.F.);
#2706=ORIENTED_EDGE('',*,*,#2005,.F.);
#2707=ORIENTED_EDGE('',*,*,#2003,.F.);
#2708=ORIENTED_EDGE('',*,*,#2001,.F.);
#2709=ORIENTED_EDGE('',*,*,#1999,.F.);
#2710=ORIENTED_EDGE('',*,*,#1997,.F.);
#2711=ORIENTED_EDGE('',*,*,#1995,.F.);
#2712=ORIENTED_EDGE('',*,*,#1992,.F.);
#2713=ORIENTED_EDGE('',*,*,#1991,.F.);
#2714=ORIENTED_EDGE('',*,*,#1989,.F.);
#2715=ORIENTED_EDGE('',*,*,#1987,.F.);
#2716=ORIENTED_EDGE('',*,*,#1985,.F.);
#2717=ORIENTED_EDGE('',*,*,#1983,.F.);
#2718=ORIENTED_EDGE('',*,*,#1981,.F.);
#2719=ORIENTED_EDGE('',*,*,#1979,.F.);
#2720=ORIENTED_EDGE('',*,*,#1976,.F.);
#2721=ORIENTED_EDGE('',*,*,#2010,.T.);
#2722=ORIENTED_EDGE('',*,*,#2011,.T.);
#2723=ORIENTED_EDGE('',*,*,#1881,.F.);
#2724=ORIENTED_EDGE('',*,*,#2012,.F.);
#2725=ORIENTED_EDGE('',*,*,#2013,.T.);
#2726=ORIENTED_EDGE('',*,*,#2014,.T.);
#2727=ORIENTED_EDGE('',*,*,#1882,.F.);
#2728=ORIENTED_EDGE('',*,*,#2011,.F.);
#2729=ORIENTED_EDGE('',*,*,#2015,.T.);
#2730=ORIENTED_EDGE('',*,*,#2016,.T.);
#2731=ORIENTED_EDGE('',*,*,#1883,.F.);
#2732=ORIENTED_EDGE('',*,*,#2014,.F.);
#2733=ORIENTED_EDGE('',*,*,#2017,.T.);
#2734=ORIENTED_EDGE('',*,*,#2018,.T.);
#2735=ORIENTED_EDGE('',*,*,#1884,.F.);
#2736=ORIENTED_EDGE('',*,*,#2016,.F.);
#2737=ORIENTED_EDGE('',*,*,#2019,.T.);
#2738=ORIENTED_EDGE('',*,*,#2020,.T.);
#2739=ORIENTED_EDGE('',*,*,#1885,.F.);
#2740=ORIENTED_EDGE('',*,*,#2018,.F.);
#2741=ORIENTED_EDGE('',*,*,#2021,.T.);
#2742=ORIENTED_EDGE('',*,*,#2022,.T.);
#2743=ORIENTED_EDGE('',*,*,#1886,.F.);
#2744=ORIENTED_EDGE('',*,*,#2020,.F.);
#2745=ORIENTED_EDGE('',*,*,#2023,.T.);
#2746=ORIENTED_EDGE('',*,*,#2024,.T.);
#2747=ORIENTED_EDGE('',*,*,#1887,.F.);
#2748=ORIENTED_EDGE('',*,*,#2022,.F.);
#2749=ORIENTED_EDGE('',*,*,#2025,.T.);
#2750=ORIENTED_EDGE('',*,*,#2026,.T.);
#2751=ORIENTED_EDGE('',*,*,#1888,.F.);
#2752=ORIENTED_EDGE('',*,*,#2024,.F.);
#2753=ORIENTED_EDGE('',*,*,#2027,.T.);
#2754=ORIENTED_EDGE('',*,*,#2028,.T.);
#2755=ORIENTED_EDGE('',*,*,#1889,.F.);
#2756=ORIENTED_EDGE('',*,*,#2026,.F.);
#2757=ORIENTED_EDGE('',*,*,#2029,.T.);
#2758=ORIENTED_EDGE('',*,*,#2012,.T.);
#2759=ORIENTED_EDGE('',*,*,#1880,.F.);
#2760=ORIENTED_EDGE('',*,*,#2028,.F.);
#2761=ORIENTED_EDGE('',*,*,#2029,.F.);
#2762=ORIENTED_EDGE('',*,*,#2027,.F.);
#2763=ORIENTED_EDGE('',*,*,#2025,.F.);
#2764=ORIENTED_EDGE('',*,*,#2023,.F.);
#2765=ORIENTED_EDGE('',*,*,#2021,.F.);
#2766=ORIENTED_EDGE('',*,*,#2019,.F.);
#2767=ORIENTED_EDGE('',*,*,#2017,.F.);
#2768=ORIENTED_EDGE('',*,*,#2015,.F.);
#2769=ORIENTED_EDGE('',*,*,#2013,.F.);
#2770=ORIENTED_EDGE('',*,*,#2010,.F.);
#2771=ORIENTED_EDGE('',*,*,#2030,.T.);
#2772=ORIENTED_EDGE('',*,*,#2031,.T.);
#2773=ORIENTED_EDGE('',*,*,#1891,.F.);
#2774=ORIENTED_EDGE('',*,*,#2032,.F.);
#2775=ORIENTED_EDGE('',*,*,#2033,.T.);
#2776=ORIENTED_EDGE('',*,*,#2034,.T.);
#2777=ORIENTED_EDGE('',*,*,#1892,.F.);
#2778=ORIENTED_EDGE('',*,*,#2031,.F.);
#2779=ORIENTED_EDGE('',*,*,#2035,.T.);
#2780=ORIENTED_EDGE('',*,*,#2036,.T.);
#2781=ORIENTED_EDGE('',*,*,#1893,.F.);
#2782=ORIENTED_EDGE('',*,*,#2034,.F.);
#2783=ORIENTED_EDGE('',*,*,#2037,.T.);
#2784=ORIENTED_EDGE('',*,*,#2038,.T.);
#2785=ORIENTED_EDGE('',*,*,#1894,.F.);
#2786=ORIENTED_EDGE('',*,*,#2036,.F.);
#2787=ORIENTED_EDGE('',*,*,#2039,.T.);
#2788=ORIENTED_EDGE('',*,*,#2040,.T.);
#2789=ORIENTED_EDGE('',*,*,#1895,.F.);
#2790=ORIENTED_EDGE('',*,*,#2038,.F.);
#2791=ORIENTED_EDGE('',*,*,#2041,.T.);
#2792=ORIENTED_EDGE('',*,*,#2042,.T.);
#2793=ORIENTED_EDGE('',*,*,#1896,.F.);
#2794=ORIENTED_EDGE('',*,*,#2040,.F.);
#2795=ORIENTED_EDGE('',*,*,#2043,.T.);
#2796=ORIENTED_EDGE('',*,*,#2044,.T.);
#2797=ORIENTED_EDGE('',*,*,#1897,.F.);
#2798=ORIENTED_EDGE('',*,*,#2042,.F.);
#2799=ORIENTED_EDGE('',*,*,#2045,.T.);
#2800=ORIENTED_EDGE('',*,*,#2046,.T.);
#2801=ORIENTED_EDGE('',*,*,#1898,.F.);
#2802=ORIENTED_EDGE('',*,*,#2044,.F.);
#2803=ORIENTED_EDGE('',*,*,#2047,.T.);
#2804=ORIENTED_EDGE('',*,*,#2048,.T.);
#2805=ORIENTED_EDGE('',*,*,#1899,.F.);
#2806=ORIENTED_EDGE('',*,*,#2046,.F.);
#2807=ORIENTED_EDGE('',*,*,#2049,.T.);
#2808=ORIENTED_EDGE('',*,*,#2050,.T.);
#2809=ORIENTED_EDGE('',*,*,#1900,.F.);
#2810=ORIENTED_EDGE('',*,*,#2048,.F.);
#2811=ORIENTED_EDGE('',*,*,#2051,.T.);
#2812=ORIENTED_EDGE('',*,*,#2052,.T.);
#2813=ORIENTED_EDGE('',*,*,#1901,.F.);
#2814=ORIENTED_EDGE('',*,*,#2050,.F.);
#2815=ORIENTED_EDGE('',*,*,#2053,.T.);
#2816=ORIENTED_EDGE('',*,*,#2054,.T.);
#2817=ORIENTED_EDGE('',*,*,#1902,.F.);
#2818=ORIENTED_EDGE('',*,*,#2052,.F.);
#2819=ORIENTED_EDGE('',*,*,#2055,.T.);
#2820=ORIENTED_EDGE('',*,*,#2056,.T.);
#2821=ORIENTED_EDGE('',*,*,#1903,.F.);
#2822=ORIENTED_EDGE('',*,*,#2054,.F.);
#2823=ORIENTED_EDGE('',*,*,#2057,.T.);
#2824=ORIENTED_EDGE('',*,*,#2058,.T.);
#2825=ORIENTED_EDGE('',*,*,#1904,.F.);
#2826=ORIENTED_EDGE('',*,*,#2056,.F.);
#2827=ORIENTED_EDGE('',*,*,#2059,.T.);
#2828=ORIENTED_EDGE('',*,*,#2060,.T.);
#2829=ORIENTED_EDGE('',*,*,#1905,.F.);
#2830=ORIENTED_EDGE('',*,*,#2058,.F.);
#2831=ORIENTED_EDGE('',*,*,#2061,.T.);
#2832=ORIENTED_EDGE('',*,*,#2062,.T.);
#2833=ORIENTED_EDGE('',*,*,#1906,.F.);
#2834=ORIENTED_EDGE('',*,*,#2060,.F.);
#2835=ORIENTED_EDGE('',*,*,#2063,.T.);
#2836=ORIENTED_EDGE('',*,*,#2064,.T.);
#2837=ORIENTED_EDGE('',*,*,#1907,.F.);
#2838=ORIENTED_EDGE('',*,*,#2062,.F.);
#2839=ORIENTED_EDGE('',*,*,#2065,.T.);
#2840=ORIENTED_EDGE('',*,*,#2032,.T.);
#2841=ORIENTED_EDGE('',*,*,#1890,.F.);
#2842=ORIENTED_EDGE('',*,*,#2064,.F.);
#2843=ORIENTED_EDGE('',*,*,#2065,.F.);
#2844=ORIENTED_EDGE('',*,*,#2063,.F.);
#2845=ORIENTED_EDGE('',*,*,#2061,.F.);
#2846=ORIENTED_EDGE('',*,*,#2059,.F.);
#2847=ORIENTED_EDGE('',*,*,#2057,.F.);
#2848=ORIENTED_EDGE('',*,*,#2055,.F.);
#2849=ORIENTED_EDGE('',*,*,#2053,.F.);
#2850=ORIENTED_EDGE('',*,*,#2051,.F.);
#2851=ORIENTED_EDGE('',*,*,#2049,.F.);
#2852=ORIENTED_EDGE('',*,*,#2047,.F.);
#2853=ORIENTED_EDGE('',*,*,#2045,.F.);
#2854=ORIENTED_EDGE('',*,*,#2043,.F.);
#2855=ORIENTED_EDGE('',*,*,#2041,.F.);
#2856=ORIENTED_EDGE('',*,*,#2039,.F.);
#2857=ORIENTED_EDGE('',*,*,#2037,.F.);
#2858=ORIENTED_EDGE('',*,*,#2035,.F.);
#2859=ORIENTED_EDGE('',*,*,#2033,.F.);
#2860=ORIENTED_EDGE('',*,*,#2030,.F.);
#2861=ORIENTED_EDGE('',*,*,#2066,.T.);
#2862=ORIENTED_EDGE('',*,*,#2067,.T.);
#2863=ORIENTED_EDGE('',*,*,#1909,.F.);
#2864=ORIENTED_EDGE('',*,*,#2068,.F.);
#2865=ORIENTED_EDGE('',*,*,#2069,.T.);
#2866=ORIENTED_EDGE('',*,*,#2070,.T.);
#2867=ORIENTED_EDGE('',*,*,#1910,.F.);
#2868=ORIENTED_EDGE('',*,*,#2067,.F.);
#2869=ORIENTED_EDGE('',*,*,#2071,.T.);
#2870=ORIENTED_EDGE('',*,*,#2072,.T.);
#2871=ORIENTED_EDGE('',*,*,#1911,.F.);
#2872=ORIENTED_EDGE('',*,*,#2070,.F.);
#2873=ORIENTED_EDGE('',*,*,#2073,.T.);
#2874=ORIENTED_EDGE('',*,*,#2074,.T.);
#2875=ORIENTED_EDGE('',*,*,#1912,.F.);
#2876=ORIENTED_EDGE('',*,*,#2072,.F.);
#2877=ORIENTED_EDGE('',*,*,#2075,.T.);
#2878=ORIENTED_EDGE('',*,*,#2076,.T.);
#2879=ORIENTED_EDGE('',*,*,#1913,.F.);
#2880=ORIENTED_EDGE('',*,*,#2074,.F.);
#2881=ORIENTED_EDGE('',*,*,#2077,.T.);
#2882=ORIENTED_EDGE('',*,*,#2078,.T.);
#2883=ORIENTED_EDGE('',*,*,#1914,.F.);
#2884=ORIENTED_EDGE('',*,*,#2076,.F.);
#2885=ORIENTED_EDGE('',*,*,#2079,.T.);
#2886=ORIENTED_EDGE('',*,*,#2080,.T.);
#2887=ORIENTED_EDGE('',*,*,#1915,.F.);
#2888=ORIENTED_EDGE('',*,*,#2078,.F.);
#2889=ORIENTED_EDGE('',*,*,#2081,.T.);
#2890=ORIENTED_EDGE('',*,*,#2082,.T.);
#2891=ORIENTED_EDGE('',*,*,#1916,.F.);
#2892=ORIENTED_EDGE('',*,*,#2080,.F.);
#2893=ORIENTED_EDGE('',*,*,#2083,.T.);
#2894=ORIENTED_EDGE('',*,*,#2084,.T.);
#2895=ORIENTED_EDGE('',*,*,#1917,.F.);
#2896=ORIENTED_EDGE('',*,*,#2082,.F.);
#2897=ORIENTED_EDGE('',*,*,#2085,.T.);
#2898=ORIENTED_EDGE('',*,*,#2086,.T.);
#2899=ORIENTED_EDGE('',*,*,#1918,.F.);
#2900=ORIENTED_EDGE('',*,*,#2084,.F.);
#2901=ORIENTED_EDGE('',*,*,#2087,.T.);
#2902=ORIENTED_EDGE('',*,*,#2088,.T.);
#2903=ORIENTED_EDGE('',*,*,#1919,.F.);
#2904=ORIENTED_EDGE('',*,*,#2086,.F.);
#2905=ORIENTED_EDGE('',*,*,#2089,.T.);
#2906=ORIENTED_EDGE('',*,*,#2090,.T.);
#2907=ORIENTED_EDGE('',*,*,#1920,.F.);
#2908=ORIENTED_EDGE('',*,*,#2088,.F.);
#2909=ORIENTED_EDGE('',*,*,#2091,.T.);
#2910=ORIENTED_EDGE('',*,*,#2092,.T.);
#2911=ORIENTED_EDGE('',*,*,#1921,.F.);
#2912=ORIENTED_EDGE('',*,*,#2090,.F.);
#2913=ORIENTED_EDGE('',*,*,#2093,.T.);
#2914=ORIENTED_EDGE('',*,*,#2094,.T.);
#2915=ORIENTED_EDGE('',*,*,#1922,.F.);
#2916=ORIENTED_EDGE('',*,*,#2092,.F.);
#2917=ORIENTED_EDGE('',*,*,#2095,.T.);
#2918=ORIENTED_EDGE('',*,*,#2096,.T.);
#2919=ORIENTED_EDGE('',*,*,#1923,.F.);
#2920=ORIENTED_EDGE('',*,*,#2094,.F.);
#2921=ORIENTED_EDGE('',*,*,#2097,.T.);
#2922=ORIENTED_EDGE('',*,*,#2098,.T.);
#2923=ORIENTED_EDGE('',*,*,#1924,.F.);
#2924=ORIENTED_EDGE('',*,*,#2096,.F.);
#2925=ORIENTED_EDGE('',*,*,#2099,.T.);
#2926=ORIENTED_EDGE('',*,*,#2100,.T.);
#2927=ORIENTED_EDGE('',*,*,#1925,.F.);
#2928=ORIENTED_EDGE('',*,*,#2098,.F.);
#2929=ORIENTED_EDGE('',*,*,#2101,.T.);
#2930=ORIENTED_EDGE('',*,*,#2102,.T.);
#2931=ORIENTED_EDGE('',*,*,#1926,.F.);
#2932=ORIENTED_EDGE('',*,*,#2100,.F.);
#2933=ORIENTED_EDGE('',*,*,#2103,.T.);
#2934=ORIENTED_EDGE('',*,*,#2104,.T.);
#2935=ORIENTED_EDGE('',*,*,#1927,.F.);
#2936=ORIENTED_EDGE('',*,*,#2102,.F.);
#2937=ORIENTED_EDGE('',*,*,#2105,.T.);
#2938=ORIENTED_EDGE('',*,*,#2068,.T.);
#2939=ORIENTED_EDGE('',*,*,#1908,.F.);
#2940=ORIENTED_EDGE('',*,*,#2104,.F.);
#2941=ORIENTED_EDGE('',*,*,#2105,.F.);
#2942=ORIENTED_EDGE('',*,*,#2103,.F.);
#2943=ORIENTED_EDGE('',*,*,#2101,.F.);
#2944=ORIENTED_EDGE('',*,*,#2099,.F.);
#2945=ORIENTED_EDGE('',*,*,#2097,.F.);
#2946=ORIENTED_EDGE('',*,*,#2095,.F.);
#2947=ORIENTED_EDGE('',*,*,#2093,.F.);
#2948=ORIENTED_EDGE('',*,*,#2091,.F.);
#2949=ORIENTED_EDGE('',*,*,#2089,.F.);
#2950=ORIENTED_EDGE('',*,*,#2087,.F.);
#2951=ORIENTED_EDGE('',*,*,#2085,.F.);
#2952=ORIENTED_EDGE('',*,*,#2083,.F.);
#2953=ORIENTED_EDGE('',*,*,#2081,.F.);
#2954=ORIENTED_EDGE('',*,*,#2079,.F.);
#2955=ORIENTED_EDGE('',*,*,#2077,.F.);
#2956=ORIENTED_EDGE('',*,*,#2075,.F.);
#2957=ORIENTED_EDGE('',*,*,#2073,.F.);
#2958=ORIENTED_EDGE('',*,*,#2071,.F.);
#2959=ORIENTED_EDGE('',*,*,#2069,.F.);
#2960=ORIENTED_EDGE('',*,*,#2066,.F.);
#2961=ORIENTED_EDGE('',*,*,#1837,.F.);
#2962=ORIENTED_EDGE('',*,*,#2106,.T.);
#2963=ORIENTED_EDGE('',*,*,#1855,.F.);
#2964=ORIENTED_EDGE('',*,*,#2106,.F.);
#2965=ORIENTED_EDGE('',*,*,#1836,.F.);
#2966=ORIENTED_EDGE('',*,*,#2107,.T.);
#2967=ORIENTED_EDGE('',*,*,#1854,.F.);
#2968=ORIENTED_EDGE('',*,*,#2107,.F.);
#2969=ORIENTED_EDGE('',*,*,#1835,.F.);
#2970=ORIENTED_EDGE('',*,*,#2108,.T.);
#2971=ORIENTED_EDGE('',*,*,#1853,.F.);
#2972=ORIENTED_EDGE('',*,*,#2108,.F.);
#2973=ORIENTED_EDGE('',*,*,#1834,.F.);
#2974=ORIENTED_EDGE('',*,*,#2109,.T.);
#2975=ORIENTED_EDGE('',*,*,#1852,.F.);
#2976=ORIENTED_EDGE('',*,*,#2109,.F.);
#2977=ORIENTED_EDGE('',*,*,#1841,.F.);
#2978=ORIENTED_EDGE('',*,*,#2110,.T.);
#2979=ORIENTED_EDGE('',*,*,#1935,.F.);
#2980=ORIENTED_EDGE('',*,*,#2111,.F.);
#2981=ORIENTED_EDGE('',*,*,#1842,.F.);
#2982=ORIENTED_EDGE('',*,*,#2111,.T.);
#2983=ORIENTED_EDGE('',*,*,#1934,.F.);
#2984=ORIENTED_EDGE('',*,*,#2112,.F.);
#2985=ORIENTED_EDGE('',*,*,#1843,.F.);
#2986=ORIENTED_EDGE('',*,*,#2112,.T.);
#2987=ORIENTED_EDGE('',*,*,#1933,.F.);
#2988=ORIENTED_EDGE('',*,*,#2113,.F.);
#2989=ORIENTED_EDGE('',*,*,#1844,.F.);
#2990=ORIENTED_EDGE('',*,*,#2113,.T.);
#2991=ORIENTED_EDGE('',*,*,#1932,.F.);
#2992=ORIENTED_EDGE('',*,*,#2114,.F.);
#2993=ORIENTED_EDGE('',*,*,#1845,.F.);
#2994=ORIENTED_EDGE('',*,*,#2114,.T.);
#2995=ORIENTED_EDGE('',*,*,#1931,.F.);
#2996=ORIENTED_EDGE('',*,*,#2115,.F.);
#2997=ORIENTED_EDGE('',*,*,#1846,.F.);
#2998=ORIENTED_EDGE('',*,*,#2115,.T.);
#2999=ORIENTED_EDGE('',*,*,#1930,.F.);
#3000=ORIENTED_EDGE('',*,*,#2116,.F.);
#3001=ORIENTED_EDGE('',*,*,#1847,.F.);
#3002=ORIENTED_EDGE('',*,*,#2116,.T.);
#3003=ORIENTED_EDGE('',*,*,#1929,.F.);
#3004=ORIENTED_EDGE('',*,*,#2117,.F.);
#3005=ORIENTED_EDGE('',*,*,#1840,.F.);
#3006=ORIENTED_EDGE('',*,*,#2117,.T.);
#3007=ORIENTED_EDGE('',*,*,#1928,.F.);
#3008=ORIENTED_EDGE('',*,*,#2110,.F.);
#3009=ORIENTED_EDGE('',*,*,#2118,.F.);
#3010=ORIENTED_EDGE('',*,*,#2119,.T.);
#3011=ORIENTED_EDGE('',*,*,#2120,.F.);
#3012=ORIENTED_EDGE('',*,*,#2119,.F.);
#3013=ORIENTED_EDGE('',*,*,#2121,.F.);
#3014=ORIENTED_EDGE('',*,*,#2122,.T.);
#3015=ORIENTED_EDGE('',*,*,#2123,.T.);
#3016=ORIENTED_EDGE('',*,*,#2122,.F.);
#3017=ORIENTED_EDGE('',*,*,#2123,.F.);
#3018=ORIENTED_EDGE('',*,*,#2124,.F.);
#3019=ORIENTED_EDGE('',*,*,#2125,.T.);
#3020=ORIENTED_EDGE('',*,*,#2126,.T.);
#3021=ORIENTED_EDGE('',*,*,#2125,.F.);
#3022=ORIENTED_EDGE('',*,*,#2126,.F.);
#3023=ORIENTED_EDGE('',*,*,#2127,.F.);
#3024=ORIENTED_EDGE('',*,*,#2128,.T.);
#3025=ORIENTED_EDGE('',*,*,#2129,.F.);
#3026=ORIENTED_EDGE('',*,*,#2128,.F.);
#3027=ORIENTED_EDGE('',*,*,#2130,.F.);
#3028=ORIENTED_EDGE('',*,*,#2131,.T.);
#3029=ORIENTED_EDGE('',*,*,#2132,.T.);
#3030=ORIENTED_EDGE('',*,*,#2133,.F.);
#3031=ORIENTED_EDGE('',*,*,#2134,.F.);
#3032=ORIENTED_EDGE('',*,*,#2135,.T.);
#3033=ORIENTED_EDGE('',*,*,#2136,.T.);
#3034=ORIENTED_EDGE('',*,*,#2131,.F.);
#3035=ORIENTED_EDGE('',*,*,#2137,.F.);
#3036=ORIENTED_EDGE('',*,*,#2138,.T.);
#3037=ORIENTED_EDGE('',*,*,#2139,.T.);
#3038=ORIENTED_EDGE('',*,*,#2135,.F.);
#3039=ORIENTED_EDGE('',*,*,#2140,.F.);
#3040=ORIENTED_EDGE('',*,*,#2133,.T.);
#3041=ORIENTED_EDGE('',*,*,#2141,.T.);
#3042=ORIENTED_EDGE('',*,*,#2138,.F.);
#3043=ORIENTED_EDGE('',*,*,#2141,.F.);
#3044=ORIENTED_EDGE('',*,*,#2132,.F.);
#3045=ORIENTED_EDGE('',*,*,#2136,.F.);
#3046=ORIENTED_EDGE('',*,*,#2139,.F.);
#3047=ORIENTED_EDGE('',*,*,#2142,.F.);
#3048=ORIENTED_EDGE('',*,*,#2143,.T.);
#3049=ORIENTED_EDGE('',*,*,#2144,.F.);
#3050=ORIENTED_EDGE('',*,*,#2145,.F.);
#3051=ORIENTED_EDGE('',*,*,#2146,.F.);
#3052=ORIENTED_EDGE('',*,*,#2147,.F.);
#3053=ORIENTED_EDGE('',*,*,#2145,.T.);
#3054=ORIENTED_EDGE('',*,*,#2148,.F.);
#3055=ORIENTED_EDGE('',*,*,#2149,.F.);
#3056=ORIENTED_EDGE('',*,*,#2150,.T.);
#3057=ORIENTED_EDGE('',*,*,#2151,.T.);
#3058=ORIENTED_EDGE('',*,*,#2152,.F.);
#3059=ORIENTED_EDGE('',*,*,#2153,.F.);
#3060=ORIENTED_EDGE('',*,*,#2152,.T.);
#3061=ORIENTED_EDGE('',*,*,#2154,.F.);
#3062=ORIENTED_EDGE('',*,*,#2155,.F.);
#3063=ORIENTED_EDGE('',*,*,#2156,.F.);
#3064=ORIENTED_EDGE('',*,*,#2120,.T.);
#3065=ORIENTED_EDGE('',*,*,#2129,.T.);
#3066=ORIENTED_EDGE('',*,*,#2157,.F.);
#3067=ORIENTED_EDGE('',*,*,#2158,.F.);
#3068=ORIENTED_EDGE('',*,*,#2159,.T.);
#3069=ORIENTED_EDGE('',*,*,#2160,.T.);
#3070=ORIENTED_EDGE('',*,*,#2153,.T.);
#3071=ORIENTED_EDGE('',*,*,#2156,.T.);
#3072=ORIENTED_EDGE('',*,*,#2161,.T.);
#3073=ORIENTED_EDGE('',*,*,#2162,.T.);
#3074=ORIENTED_EDGE('',*,*,#2163,.T.);
#3075=ORIENTED_EDGE('',*,*,#2148,.T.);
#3076=ORIENTED_EDGE('',*,*,#2144,.T.);
#3077=ORIENTED_EDGE('',*,*,#2164,.T.);
#3078=ORIENTED_EDGE('',*,*,#2159,.F.);
#3079=ORIENTED_EDGE('',*,*,#2155,.T.);
#3080=ORIENTED_EDGE('',*,*,#2165,.F.);
#3081=ORIENTED_EDGE('',*,*,#2166,.F.);
#3082=ORIENTED_EDGE('',*,*,#2161,.F.);
#3083=ORIENTED_EDGE('',*,*,#2167,.F.);
#3084=ORIENTED_EDGE('',*,*,#2168,.T.);
#3085=ORIENTED_EDGE('',*,*,#2142,.T.);
#3086=ORIENTED_EDGE('',*,*,#2168,.F.);
#3087=ORIENTED_EDGE('',*,*,#2149,.T.);
#3088=ORIENTED_EDGE('',*,*,#2163,.F.);
#3089=ORIENTED_EDGE('',*,*,#2169,.F.);
#3090=ORIENTED_EDGE('',*,*,#2170,.F.);
#3091=ORIENTED_EDGE('',*,*,#2166,.T.);
#3092=ORIENTED_EDGE('',*,*,#2171,.F.);
#3093=ORIENTED_EDGE('',*,*,#2172,.F.);
#3094=ORIENTED_EDGE('',*,*,#2169,.T.);
#3095=ORIENTED_EDGE('',*,*,#2162,.F.);
#3096=ORIENTED_EDGE('',*,*,#2167,.T.);
#3097=ORIENTED_EDGE('',*,*,#2173,.F.);
#3098=ORIENTED_EDGE('',*,*,#2174,.F.);
#3099=ORIENTED_EDGE('',*,*,#2175,.T.);
#3100=ORIENTED_EDGE('',*,*,#2171,.T.);
#3101=ORIENTED_EDGE('',*,*,#2165,.T.);
#3102=ORIENTED_EDGE('',*,*,#2154,.T.);
#3103=ORIENTED_EDGE('',*,*,#2151,.F.);
#3104=ORIENTED_EDGE('',*,*,#2176,.T.);
#3105=ORIENTED_EDGE('',*,*,#2146,.T.);
#3106=ORIENTED_EDGE('',*,*,#2147,.T.);
#3107=ORIENTED_EDGE('',*,*,#2170,.T.);
#3108=ORIENTED_EDGE('',*,*,#2172,.T.);
#3109=ORIENTED_EDGE('',*,*,#2175,.F.);
#3110=ORIENTED_EDGE('',*,*,#2177,.T.);
#3111=ORIENTED_EDGE('',*,*,#2178,.T.);
#3112=ORIENTED_EDGE('',*,*,#2179,.T.);
#3113=ORIENTED_EDGE('',*,*,#2173,.T.);
#3114=ORIENTED_EDGE('',*,*,#2174,.T.);
#3115=ORIENTED_EDGE('',*,*,#2179,.F.);
#3116=ORIENTED_EDGE('',*,*,#2177,.F.);
#3117=ORIENTED_EDGE('',*,*,#2178,.F.);
#3118=ORIENTED_EDGE('',*,*,#2180,.T.);
#3119=ORIENTED_EDGE('',*,*,#2181,.T.);
#3120=ORIENTED_EDGE('',*,*,#2180,.F.);
#3121=ORIENTED_EDGE('',*,*,#2182,.T.);
#3122=ORIENTED_EDGE('',*,*,#2183,.T.);
#3123=ORIENTED_EDGE('',*,*,#2184,.T.);
#3124=ORIENTED_EDGE('',*,*,#2157,.T.);
#3125=ORIENTED_EDGE('',*,*,#2158,.T.);
#3126=ORIENTED_EDGE('',*,*,#2184,.F.);
#3127=ORIENTED_EDGE('',*,*,#2182,.F.);
#3128=ORIENTED_EDGE('',*,*,#2183,.F.);
#3129=ORIENTED_EDGE('',*,*,#2185,.T.);
#3130=ORIENTED_EDGE('',*,*,#2186,.T.);
#3131=ORIENTED_EDGE('',*,*,#2185,.F.);
#3132=ORIENTED_EDGE('',*,*,#2143,.F.);
#3133=ORIENTED_EDGE('',*,*,#2176,.F.);
#3134=ORIENTED_EDGE('',*,*,#2150,.F.);
#3135=ORIENTED_EDGE('',*,*,#2160,.F.);
#3136=ORIENTED_EDGE('',*,*,#2164,.F.);
#3137=ORIENTED_EDGE('',*,*,#2186,.F.);
#3138=ORIENTED_EDGE('',*,*,#2181,.F.);
#3139=ORIENTED_EDGE('',*,*,#2130,.T.);
#3140=ORIENTED_EDGE('',*,*,#2140,.T.);
#3141=ORIENTED_EDGE('',*,*,#2137,.T.);
#3142=ORIENTED_EDGE('',*,*,#2134,.T.);
#3143=ORIENTED_EDGE('',*,*,#2127,.T.);
#3144=ORIENTED_EDGE('',*,*,#2124,.T.);
#3145=ORIENTED_EDGE('',*,*,#2121,.T.);
#3146=ORIENTED_EDGE('',*,*,#2118,.T.);
#3147=PLANE('',#3486);
#3148=PLANE('',#3491);
#3149=PLANE('',#3494);
#3150=PLANE('',#3498);
#3151=PLANE('',#3502);
#3152=PLANE('',#3506);
#3153=PLANE('',#3509);
#3154=PLANE('',#3510);
#3155=PLANE('',#3511);
#3156=PLANE('',#3512);
#3157=PLANE('',#3513);
#3158=PLANE('',#3518);
#3159=PLANE('',#3524);
#3160=PLANE('',#3525);
#3161=PLANE('',#3529);
#3162=PLANE('',#3530);
#3163=PLANE('',#3536);
#3164=PLANE('',#3537);
#3165=PLANE('',#3538);
#3166=PLANE('',#3539);
#3167=PLANE('',#3540);
#3168=PLANE('',#3547);
#3169=PLANE('',#3548);
#3170=PLANE('',#3555);
#3171=PLANE('',#3562);
#3172=PLANE('',#3563);
#3173=PLANE('',#3574);
#3174=PLANE('',#3575);
#3175=PLANE('',#3582);
#3176=PLANE('',#3583);
#3177=PLANE('',#3584);
#3178=PLANE('',#3587);
#3179=PLANE('',#3598);
#3180=PLANE('',#3599);
#3181=PLANE('',#3600);
#3182=PLANE('',#3609);
#3183=PLANE('',#3619);
#3184=PLANE('',#3621);
#3185=PLANE('',#3624);
#3186=PLANE('',#3625);
#3187=PLANE('',#3626);
#3188=PLANE('',#3627);
#3189=PLANE('',#3628);
#3190=PLANE('',#3629);
#3191=PLANE('',#3630);
#3192=PLANE('',#3631);
#3193=PLANE('',#3632);
#3194=PLANE('',#3633);
#3195=PLANE('',#3634);
#3196=PLANE('',#3635);
#3197=PLANE('',#3636);
#3198=PLANE('',#3637);
#3199=PLANE('',#3638);
#3200=PLANE('',#3639);
#3201=PLANE('',#3640);
#3202=PLANE('',#3641);
#3203=PLANE('',#3642);
#3204=PLANE('',#3643);
#3205=PLANE('',#3644);
#3206=PLANE('',#3645);
#3207=PLANE('',#3646);
#3208=PLANE('',#3647);
#3209=PLANE('',#3648);
#3210=PLANE('',#3649);
#3211=PLANE('',#3650);
#3212=PLANE('',#3651);
#3213=PLANE('',#3652);
#3214=PLANE('',#3653);
#3215=PLANE('',#3654);
#3216=PLANE('',#3655);
#3217=PLANE('',#3656);
#3218=PLANE('',#3657);
#3219=PLANE('',#3658);
#3220=PLANE('',#3659);
#3221=PLANE('',#3660);
#3222=PLANE('',#3661);
#3223=PLANE('',#3662);
#3224=PLANE('',#3663);
#3225=PLANE('',#3664);
#3226=PLANE('',#3665);
#3227=PLANE('',#3670);
#3228=PLANE('',#3671);
#3229=PLANE('',#3672);
#3230=PLANE('',#3673);
#3231=PLANE('',#3674);
#3232=PLANE('',#3675);
#3233=PLANE('',#3676);
#3234=PLANE('',#3677);
#3235=PLANE('',#3685);
#3236=PLANE('',#3689);
#3237=PLANE('',#3693);
#3238=PLANE('',#3694);
#3239=PLANE('',#3695);
#3240=PLANE('',#3696);
#3241=PLANE('',#3697);
#3242=PLANE('',#3699);
#3243=PLANE('',#3700);
#3244=PLANE('',#3703);
#3245=PLANE('',#3704);
#3246=PLANE('',#3713);
#3247=PLANE('',#3716);
#3248=PLANE('',#3717);
#3249=PLANE('',#3736);
#3250=ADVANCED_FACE('',(#270),#3147,.F.);
#3251=ADVANCED_FACE('',(#271),#3148,.F.);
#3252=ADVANCED_FACE('',(#272),#228,.T.);
#3253=ADVANCED_FACE('',(#273),#3149,.F.);
#3254=ADVANCED_FACE('',(#274),#229,.T.);
#3255=ADVANCED_FACE('',(#275),#3150,.T.);
#3256=ADVANCED_FACE('',(#276),#230,.F.);
#3257=ADVANCED_FACE('',(#277),#3151,.F.);
#3258=ADVANCED_FACE('',(#278),#231,.F.);
#3259=ADVANCED_FACE('',(#279,#179),#3152,.F.);
#3260=ADVANCED_FACE('',(#280),#232,.F.);
#3261=ADVANCED_FACE('',(#281),#3153,.T.);
#3262=ADVANCED_FACE('',(#282),#3154,.T.);
#3263=ADVANCED_FACE('',(#283,#180),#3155,.T.);
#3264=ADVANCED_FACE('',(#284),#3156,.F.);
#3265=ADVANCED_FACE('',(#285),#3157,.F.);
#3266=ADVANCED_FACE('',(#286),#3158,.F.);
#3267=ADVANCED_FACE('',(#287),#233,.T.);
#3268=ADVANCED_FACE('',(#288),#234,.F.);
#3269=ADVANCED_FACE('',(#289),#3159,.T.);
#3270=ADVANCED_FACE('',(#290),#3160,.T.);
#3271=ADVANCED_FACE('',(#291),#235,.F.);
#3272=ADVANCED_FACE('',(#292),#3161,.F.);
#3273=ADVANCED_FACE('',(#293),#3162,.F.);
#3274=ADVANCED_FACE('',(#294),#236,.T.);
#3275=ADVANCED_FACE('',(#295),#237,.F.);
#3276=ADVANCED_FACE('',(#296,#181),#3163,.F.);
#3277=ADVANCED_FACE('',(#297),#3164,.F.);
#3278=ADVANCED_FACE('',(#298),#3165,.T.);
#3279=ADVANCED_FACE('',(#299,#182),#3166,.T.);
#3280=ADVANCED_FACE('',(#300,#183),#3167,.F.);
#3281=ADVANCED_FACE('',(#301),#238,.F.);
#3282=ADVANCED_FACE('',(#302),#239,.T.);
#3283=ADVANCED_FACE('',(#303,#184),#3168,.T.);
#3284=ADVANCED_FACE('',(#304,#185),#3169,.F.);
#3285=ADVANCED_FACE('',(#305),#240,.F.);
#3286=ADVANCED_FACE('',(#306),#241,.T.);
#3287=ADVANCED_FACE('',(#307,#186),#3170,.T.);
#3288=ADVANCED_FACE('',(#308),#242,.F.);
#3289=ADVANCED_FACE('',(#309),#243,.T.);
#3290=ADVANCED_FACE('',(#310,#187),#3171,.T.);
#3291=ADVANCED_FACE('',(#311,#188),#3172,.F.);
#3292=ADVANCED_FACE('',(#312),#244,.T.);
#3293=ADVANCED_FACE('',(#313),#245,.F.);
#3294=ADVANCED_FACE('',(#314),#246,.T.);
#3295=ADVANCED_FACE('',(#315,#189),#3173,.T.);
#3296=ADVANCED_FACE('',(#316,#190),#3174,.F.);
#3297=ADVANCED_FACE('',(#317),#247,.F.);
#3298=ADVANCED_FACE('',(#318),#248,.T.);
#3299=ADVANCED_FACE('',(#319,#191),#3175,.T.);
#3300=ADVANCED_FACE('',(#320,#192),#3176,.F.);
#3301=ADVANCED_FACE('',(#321,#193),#3177,.F.);
#3302=ADVANCED_FACE('',(#322,#194),#3178,.T.);
#3303=ADVANCED_FACE('',(#323),#249,.T.);
#3304=ADVANCED_FACE('',(#324),#250,.F.);
#3305=ADVANCED_FACE('',(#325),#251,.F.);
#3306=ADVANCED_FACE('',(#326),#252,.T.);
#3307=ADVANCED_FACE('',(#327,#195),#3179,.T.);
#3308=ADVANCED_FACE('',(#328,#196),#3180,.F.);
#3309=ADVANCED_FACE('',(#329,#197,#198,#199,#200,#201,#202,#203),#3181,
 .F.);
#3310=ADVANCED_FACE('',(#330,#204,#205,#206,#207,#208,#209,#210,#211,#212,
#213,#214,#215),#3182,.T.);
#3311=ADVANCED_FACE('',(#331),#253,.T.);
#3312=ADVANCED_FACE('',(#332),#3183,.T.);
#3313=ADVANCED_FACE('',(#333),#254,.T.);
#3314=ADVANCED_FACE('',(#334),#3184,.T.);
#3315=ADVANCED_FACE('',(#335),#255,.F.);
#3316=ADVANCED_FACE('',(#336),#256,.F.);
#3317=ADVANCED_FACE('',(#337),#3185,.T.);
#3318=ADVANCED_FACE('',(#338),#3186,.T.);
#3319=ADVANCED_FACE('',(#339),#3187,.T.);
#3320=ADVANCED_FACE('',(#340),#3188,.T.);
#3321=ADVANCED_FACE('',(#341),#3189,.T.);
#3322=ADVANCED_FACE('',(#342),#25,.T.);
#3323=ADVANCED_FACE('',(#343),#26,.T.);
#3324=ADVANCED_FACE('',(#344),#27,.T.);
#3325=ADVANCED_FACE('',(#345),#3190,.T.);
#3326=ADVANCED_FACE('',(#346),#28,.T.);
#3327=ADVANCED_FACE('',(#347),#29,.T.);
#3328=ADVANCED_FACE('',(#348),#30,.T.);
#3329=ADVANCED_FACE('',(#349),#31,.T.);
#3330=ADVANCED_FACE('',(#350),#3191,.T.);
#3331=ADVANCED_FACE('',(#351),#3192,.T.);
#3332=ADVANCED_FACE('',(#352),#32,.T.);
#3333=ADVANCED_FACE('',(#353),#33,.T.);
#3334=ADVANCED_FACE('',(#354),#34,.T.);
#3335=ADVANCED_FACE('',(#355),#35,.T.);
#3336=ADVANCED_FACE('',(#356),#36,.T.);
#3337=ADVANCED_FACE('',(#357),#37,.T.);
#3338=ADVANCED_FACE('',(#358),#38,.T.);
#3339=ADVANCED_FACE('',(#359),#39,.T.);
#3340=ADVANCED_FACE('',(#360),#40,.T.);
#3341=ADVANCED_FACE('',(#361),#41,.T.);
#3342=ADVANCED_FACE('',(#362),#42,.T.);
#3343=ADVANCED_FACE('',(#363),#43,.T.);
#3344=ADVANCED_FACE('',(#364),#44,.T.);
#3345=ADVANCED_FACE('',(#365),#45,.T.);
#3346=ADVANCED_FACE('',(#366),#46,.T.);
#3347=ADVANCED_FACE('',(#367),#47,.T.);
#3348=ADVANCED_FACE('',(#368),#48,.T.);
#3349=ADVANCED_FACE('',(#369,#216),#3193,.T.);
#3350=ADVANCED_FACE('',(#370),#3194,.T.);
#3351=ADVANCED_FACE('',(#371),#3195,.T.);
#3352=ADVANCED_FACE('',(#372),#3196,.T.);
#3353=ADVANCED_FACE('',(#373),#3197,.T.);
#3354=ADVANCED_FACE('',(#374),#3198,.T.);
#3355=ADVANCED_FACE('',(#375),#3199,.T.);
#3356=ADVANCED_FACE('',(#376),#3200,.T.);
#3357=ADVANCED_FACE('',(#377),#3201,.T.);
#3358=ADVANCED_FACE('',(#378),#3202,.T.);
#3359=ADVANCED_FACE('',(#379),#3203,.T.);
#3360=ADVANCED_FACE('',(#380),#3204,.T.);
#3361=ADVANCED_FACE('',(#381),#3205,.T.);
#3362=ADVANCED_FACE('',(#382),#3206,.T.);
#3363=ADVANCED_FACE('',(#383),#3207,.T.);
#3364=ADVANCED_FACE('',(#384),#3208,.T.);
#3365=ADVANCED_FACE('',(#385),#49,.T.);
#3366=ADVANCED_FACE('',(#386),#50,.T.);
#3367=ADVANCED_FACE('',(#387),#51,.T.);
#3368=ADVANCED_FACE('',(#388),#52,.T.);
#3369=ADVANCED_FACE('',(#389),#53,.T.);
#3370=ADVANCED_FACE('',(#390),#3209,.T.);
#3371=ADVANCED_FACE('',(#391),#3210,.T.);
#3372=ADVANCED_FACE('',(#392),#3211,.T.);
#3373=ADVANCED_FACE('',(#393),#54,.T.);
#3374=ADVANCED_FACE('',(#394),#55,.T.);
#3375=ADVANCED_FACE('',(#395),#56,.T.);
#3376=ADVANCED_FACE('',(#396),#57,.T.);
#3377=ADVANCED_FACE('',(#397),#58,.T.);
#3378=ADVANCED_FACE('',(#398),#3212,.T.);
#3379=ADVANCED_FACE('',(#399),#3213,.T.);
#3380=ADVANCED_FACE('',(#400),#59,.T.);
#3381=ADVANCED_FACE('',(#401),#3214,.T.);
#3382=ADVANCED_FACE('',(#402),#60,.T.);
#3383=ADVANCED_FACE('',(#403),#61,.T.);
#3384=ADVANCED_FACE('',(#404),#62,.T.);
#3385=ADVANCED_FACE('',(#405),#63,.T.);
#3386=ADVANCED_FACE('',(#406),#3215,.T.);
#3387=ADVANCED_FACE('',(#407),#3216,.T.);
#3388=ADVANCED_FACE('',(#408),#3217,.T.);
#3389=ADVANCED_FACE('',(#409),#3218,.T.);
#3390=ADVANCED_FACE('',(#410),#3219,.T.);
#3391=ADVANCED_FACE('',(#411),#3220,.T.);
#3392=ADVANCED_FACE('',(#412),#3221,.T.);
#3393=ADVANCED_FACE('',(#413),#3222,.T.);
#3394=ADVANCED_FACE('',(#414),#3223,.T.);
#3395=ADVANCED_FACE('',(#415),#3224,.T.);
#3396=ADVANCED_FACE('',(#416),#3225,.T.);
#3397=ADVANCED_FACE('',(#417),#64,.T.);
#3398=ADVANCED_FACE('',(#418),#65,.T.);
#3399=ADVANCED_FACE('',(#419),#66,.T.);
#3400=ADVANCED_FACE('',(#420),#3226,.T.);
#3401=ADVANCED_FACE('',(#421),#257,.F.);
#3402=ADVANCED_FACE('',(#422),#258,.F.);
#3403=ADVANCED_FACE('',(#423),#259,.F.);
#3404=ADVANCED_FACE('',(#424),#260,.F.);
#3405=ADVANCED_FACE('',(#425),#3227,.F.);
#3406=ADVANCED_FACE('',(#426),#3228,.F.);
#3407=ADVANCED_FACE('',(#427),#3229,.F.);
#3408=ADVANCED_FACE('',(#428),#3230,.F.);
#3409=ADVANCED_FACE('',(#429),#3231,.F.);
#3410=ADVANCED_FACE('',(#430),#3232,.F.);
#3411=ADVANCED_FACE('',(#431),#3233,.F.);
#3412=ADVANCED_FACE('',(#432),#3234,.F.);
#3413=ADVANCED_FACE('',(#433),#261,.F.);
#3414=ADVANCED_FACE('',(#434),#262,.F.);
#3415=ADVANCED_FACE('',(#435),#3235,.F.);
#3416=ADVANCED_FACE('',(#436),#263,.F.);
#3417=ADVANCED_FACE('',(#437),#3236,.F.);
#3418=ADVANCED_FACE('',(#438),#264,.F.);
#3419=ADVANCED_FACE('',(#439),#3237,.F.);
#3420=ADVANCED_FACE('',(#440),#3238,.F.);
#3421=ADVANCED_FACE('',(#441),#3239,.F.);
#3422=ADVANCED_FACE('',(#442),#3240,.F.);
#3423=ADVANCED_FACE('',(#443,#217),#3241,.F.);
#3424=ADVANCED_FACE('',(#444),#3242,.T.);
#3425=ADVANCED_FACE('',(#445),#3243,.T.);
#3426=ADVANCED_FACE('',(#446),#3244,.T.);
#3427=ADVANCED_FACE('',(#447,#218,#219),#3245,.T.);
#3428=ADVANCED_FACE('',(#448),#265,.T.);
#3429=ADVANCED_FACE('',(#449),#3246,.T.);
#3430=ADVANCED_FACE('',(#450),#266,.F.);
#3431=ADVANCED_FACE('',(#451),#3247,.T.);
#3432=ADVANCED_FACE('',(#452,#220),#3248,.T.);
#3433=ADVANCED_FACE('',(#453),#267,.T.);
#3434=ADVANCED_FACE('',(#454),#23,.T.);
#3435=ADVANCED_FACE('',(#455),#268,.F.);
#3436=ADVANCED_FACE('',(#456),#24,.T.);
#3437=ADVANCED_FACE('',(#457),#269,.F.);
#3438=ADVANCED_FACE('',(#458,#221,#222,#223,#224,#225,#226,#227),#3249,
 .F.);
#3439=CLOSED_SHELL('',(#3250,#3251,#3252,#3253,#3254,#3255,#3256,#3257,
#3258,#3259,#3260,#3261,#3262,#3263,#3264));
#3440=CLOSED_SHELL('',(#3265,#3266,#3267,#3268,#3269,#3270,#3271,#3272,
#3273,#3274,#3275,#3276,#3277,#3278,#3279));
#3441=CLOSED_SHELL('',(#3280,#3281,#3282,#3283));
#3442=CLOSED_SHELL('',(#3284,#3285,#3286,#3287));
#3443=CLOSED_SHELL('',(#3288,#3289,#3290,#3291));
#3444=CLOSED_SHELL('',(#3292,#3293,#3294,#3295,#3296));
#3445=CLOSED_SHELL('',(#3297,#3298,#3299,#3300));
#3446=CLOSED_SHELL('',(#3301,#3302,#3303,#3304));
#3447=CLOSED_SHELL('',(#3305,#3306,#3307,#3308));
#3448=CLOSED_SHELL('',(#3309,#3310,#3311,#3312,#3313,#3314,#3315,#3316,
#3317,#3318,#3319,#3320,#3321,#3322,#3323,#3324,#3325,#3326,#3327,#3328,
#3329,#3330,#3331,#3332,#3333,#3334,#3335,#3336,#3337,#3338,#3339,#3340,
#3341,#3342,#3343,#3344,#3345,#3346,#3347,#3348,#3349,#3350,#3351,#3352,
#3353,#3354,#3355,#3356,#3357,#3358,#3359,#3360,#3361,#3362,#3363,#3364,
#3365,#3366,#3367,#3368,#3369,#3370,#3371,#3372,#3373,#3374,#3375,#3376,
#3377,#3378,#3379,#3380,#3381,#3382,#3383,#3384,#3385,#3386,#3387,#3388,
#3389,#3390,#3391,#3392,#3393,#3394,#3395,#3396,#3397,#3398,#3399,#3400,
#3401,#3402,#3403,#3404,#3405,#3406,#3407,#3408,#3409,#3410,#3411,#3412));
#3449=CLOSED_SHELL('',(#3413,#3414,#3415,#3416,#3417,#3418,#3419,#3420,
#3421,#3422,#3423,#3424,#3425,#3426,#3427,#3428,#3429,#3430,#3431,#3432,
#3433,#3434,#3435,#3436,#3437,#3438));
#3450=DERIVED_UNIT_ELEMENT(#3456,1.);
#3451=DERIVED_UNIT_ELEMENT(#6267,-3.);
#3452=DERIVED_UNIT_ELEMENT(#3456,1.);
#3453=DERIVED_UNIT_ELEMENT(#6267,-3.);
#3454=DERIVED_UNIT_ELEMENT(#3456,1.);
#3455=DERIVED_UNIT_ELEMENT(#6267,-3.);
#3456=(
MASS_UNIT()
NAMED_UNIT(*)
SI_UNIT(.KILO.,.GRAM.)
);
#3457=DERIVED_UNIT((#3450,#3451));
#3458=DERIVED_UNIT((#3452,#3453));
#3459=DERIVED_UNIT((#3454,#3455));
#3460=MEASURE_REPRESENTATION_ITEM('density measure',
POSITIVE_RATIO_MEASURE(7850.),#3457);
#3461=MEASURE_REPRESENTATION_ITEM('density measure',
POSITIVE_RATIO_MEASURE(7850.),#3458);
#3462=MEASURE_REPRESENTATION_ITEM('density measure',
POSITIVE_RATIO_MEASURE(7850.),#3459);
#3463=PROPERTY_DEFINITION_REPRESENTATION(#3478,#3469);
#3464=PROPERTY_DEFINITION_REPRESENTATION(#3479,#3470);
#3465=PROPERTY_DEFINITION_REPRESENTATION(#3480,#3471);
#3466=PROPERTY_DEFINITION_REPRESENTATION(#3481,#3472);
#3467=PROPERTY_DEFINITION_REPRESENTATION(#3482,#3473);
#3468=PROPERTY_DEFINITION_REPRESENTATION(#3483,#3474);
#3469=REPRESENTATION('material name',(#3475),#6262);
#3470=REPRESENTATION('density',(#3460),#6262);
#3471=REPRESENTATION('material name',(#3476),#6263);
#3472=REPRESENTATION('density',(#3461),#6263);
#3473=REPRESENTATION('material name',(#3477),#6264);
#3474=REPRESENTATION('density',(#3462),#6264);
#3475=DESCRIPTIVE_REPRESENTATION_ITEM('Steel','Steel');
#3476=DESCRIPTIVE_REPRESENTATION_ITEM('Steel','Steel');
#3477=DESCRIPTIVE_REPRESENTATION_ITEM('Steel','Steel');
#3478=PROPERTY_DEFINITION('material property','material name',#6287);
#3479=PROPERTY_DEFINITION('material property','density of part',#6287);
#3480=PROPERTY_DEFINITION('material property','material name',#6288);
#3481=PROPERTY_DEFINITION('material property','density of part',#6288);
#3482=PROPERTY_DEFINITION('material property','material name',#6289);
#3483=PROPERTY_DEFINITION('material property','density of part',#6289);
#3484=AXIS2_PLACEMENT_3D('',#4546,#3740,#3741);
#3485=AXIS2_PLACEMENT_3D('',#4547,#3742,#3743);
#3486=AXIS2_PLACEMENT_3D('',#4548,#3744,#3745);
#3487=AXIS2_PLACEMENT_3D('',#4551,#3746,#3747);
#3488=AXIS2_PLACEMENT_3D('',#4555,#3749,#3750);
#3489=AXIS2_PLACEMENT_3D('',#4557,#3751,#3752);
#3490=AXIS2_PLACEMENT_3D('',#4564,#3756,#3757);
#3491=AXIS2_PLACEMENT_3D('',#4565,#3758,#3759);
#3492=AXIS2_PLACEMENT_3D('',#4571,#3763,#3764);
#3493=AXIS2_PLACEMENT_3D('',#4575,#3766,#3767);
#3494=AXIS2_PLACEMENT_3D('',#4577,#3769,#3770);
#3495=AXIS2_PLACEMENT_3D('',#4581,#3773,#3774);
#3496=AXIS2_PLACEMENT_3D('',#4583,#3775,#3776);
#3497=AXIS2_PLACEMENT_3D('',#4587,#3778,#3779);
#3498=AXIS2_PLACEMENT_3D('',#4589,#3781,#3782);
#3499=AXIS2_PLACEMENT_3D('',#4601,#3789,#3790);
#3500=AXIS2_PLACEMENT_3D('',#4603,#3791,#3792);
#3501=AXIS2_PLACEMENT_3D('',#4606,#3794,#3795);
#3502=AXIS2_PLACEMENT_3D('',#4607,#3796,#3797);
#3503=AXIS2_PLACEMENT_3D('',#4613,#3801,#3802);
#3504=AXIS2_PLACEMENT_3D('',#4614,#3803,#3804);
#3505=AXIS2_PLACEMENT_3D('',#4615,#3805,#3806);
#3506=AXIS2_PLACEMENT_3D('',#4616,#3807,#3808);
#3507=AXIS2_PLACEMENT_3D('',#4617,#3809,#3810);
#3508=AXIS2_PLACEMENT_3D('',#4619,#3811,#3812);
#3509=AXIS2_PLACEMENT_3D('',#4621,#3814,#3815);
#3510=AXIS2_PLACEMENT_3D('',#4623,#3817,#3818);
#3511=AXIS2_PLACEMENT_3D('',#4626,#3821,#3822);
#3512=AXIS2_PLACEMENT_3D('',#4627,#3823,#3824);
#3513=AXIS2_PLACEMENT_3D('',#4628,#3825,#3826);
#3514=AXIS2_PLACEMENT_3D('',#4631,#3827,#3828);
#3515=AXIS2_PLACEMENT_3D('',#4635,#3830,#3831);
#3516=AXIS2_PLACEMENT_3D('',#4637,#3832,#3833);
#3517=AXIS2_PLACEMENT_3D('',#4644,#3837,#3838);
#3518=AXIS2_PLACEMENT_3D('',#4645,#3839,#3840);
#3519=AXIS2_PLACEMENT_3D('',#4651,#3844,#3845);
#3520=AXIS2_PLACEMENT_3D('',#4655,#3847,#3848);
#3521=AXIS2_PLACEMENT_3D('',#4658,#3850,#3851);
#3522=AXIS2_PLACEMENT_3D('',#4659,#3852,#3853);
#3523=AXIS2_PLACEMENT_3D('',#4662,#3855,#3856);
#3524=AXIS2_PLACEMENT_3D('',#4663,#3857,#3858);
#3525=AXIS2_PLACEMENT_3D('',#4667,#3861,#3862);
#3526=AXIS2_PLACEMENT_3D('',#4679,#3869,#3870);
#3527=AXIS2_PLACEMENT_3D('',#4681,#3871,#3872);
#3528=AXIS2_PLACEMENT_3D('',#4684,#3874,#3875);
#3529=AXIS2_PLACEMENT_3D('',#4685,#3876,#3877);
#3530=AXIS2_PLACEMENT_3D('',#4691,#3881,#3882);
#3531=AXIS2_PLACEMENT_3D('',#4695,#3885,#3886);
#3532=AXIS2_PLACEMENT_3D('',#4698,#3888,#3889);
#3533=AXIS2_PLACEMENT_3D('',#4699,#3890,#3891);
#3534=AXIS2_PLACEMENT_3D('',#4700,#3892,#3893);
#3535=AXIS2_PLACEMENT_3D('',#4701,#3894,#3895);
#3536=AXIS2_PLACEMENT_3D('',#4702,#3896,#3897);
#3537=AXIS2_PLACEMENT_3D('',#4703,#3898,#3899);
#3538=AXIS2_PLACEMENT_3D('',#4705,#3901,#3902);
#3539=AXIS2_PLACEMENT_3D('',#4707,#3904,#3905);
#3540=AXIS2_PLACEMENT_3D('',#4708,#3906,#3907);
#3541=AXIS2_PLACEMENT_3D('',#4710,#3908,#3909);
#3542=AXIS2_PLACEMENT_3D('',#4712,#3910,#3911);
#3543=AXIS2_PLACEMENT_3D('',#4713,#3912,#3913);
#3544=AXIS2_PLACEMENT_3D('',#4716,#3915,#3916);
#3545=AXIS2_PLACEMENT_3D('',#4717,#3917,#3918);
#3546=AXIS2_PLACEMENT_3D('',#4719,#3919,#3920);
#3547=AXIS2_PLACEMENT_3D('',#4721,#3922,#3923);
#3548=AXIS2_PLACEMENT_3D('',#4722,#3924,#3925);
#3549=AXIS2_PLACEMENT_3D('',#4724,#3926,#3927);
#3550=AXIS2_PLACEMENT_3D('',#4726,#3928,#3929);
#3551=AXIS2_PLACEMENT_3D('',#4727,#3930,#3931);
#3552=AXIS2_PLACEMENT_3D('',#4730,#3933,#3934);
#3553=AXIS2_PLACEMENT_3D('',#4731,#3935,#3936);
#3554=AXIS2_PLACEMENT_3D('',#4733,#3937,#3938);
#3555=AXIS2_PLACEMENT_3D('',#4735,#3940,#3941);
#3556=AXIS2_PLACEMENT_3D('',#4736,#3942,#3943);
#3557=AXIS2_PLACEMENT_3D('',#4738,#3944,#3945);
#3558=AXIS2_PLACEMENT_3D('',#4741,#3947,#3948);
#3559=AXIS2_PLACEMENT_3D('',#4742,#3949,#3950);
#3560=AXIS2_PLACEMENT_3D('',#4744,#3951,#3952);
#3561=AXIS2_PLACEMENT_3D('',#4747,#3954,#3955);
#3562=AXIS2_PLACEMENT_3D('',#4748,#3956,#3957);
#3563=AXIS2_PLACEMENT_3D('',#4749,#3958,#3959);
#3564=AXIS2_PLACEMENT_3D('',#4750,#3960,#3961);
#3565=AXIS2_PLACEMENT_3D('',#4751,#3962,#3963);
#3566=AXIS2_PLACEMENT_3D('',#4756,#3965,#3966);
#3567=AXIS2_PLACEMENT_3D('',#4759,#3968,#3969);
#3568=AXIS2_PLACEMENT_3D('',#4760,#3970,#3971);
#3569=AXIS2_PLACEMENT_3D('',#4762,#3972,#3973);
#3570=AXIS2_PLACEMENT_3D('',#4765,#3975,#3976);
#3571=AXIS2_PLACEMENT_3D('',#4766,#3977,#3978);
#3572=AXIS2_PLACEMENT_3D('',#4767,#3979,#3980);
#3573=AXIS2_PLACEMENT_3D('',#4768,#3981,#3982);
#3574=AXIS2_PLACEMENT_3D('',#4769,#3983,#3984);
#3575=AXIS2_PLACEMENT_3D('',#4770,#3985,#3986);
#3576=AXIS2_PLACEMENT_3D('',#4771,#3987,#3988);
#3577=AXIS2_PLACEMENT_3D('',#4773,#3989,#3990);
#3578=AXIS2_PLACEMENT_3D('',#4776,#3992,#3993);
#3579=AXIS2_PLACEMENT_3D('',#4777,#3994,#3995);
#3580=AXIS2_PLACEMENT_3D('',#4779,#3996,#3997);
#3581=AXIS2_PLACEMENT_3D('',#4782,#3999,#4000);
#3582=AXIS2_PLACEMENT_3D('',#4783,#4001,#4002);
#3583=AXIS2_PLACEMENT_3D('',#4784,#4003,#4004);
#3584=AXIS2_PLACEMENT_3D('',#4785,#4005,#4006);
#3585=AXIS2_PLACEMENT_3D('',#4787,#4007,#4008);
#3586=AXIS2_PLACEMENT_3D('',#4789,#4009,#4010);
#3587=AXIS2_PLACEMENT_3D('',#4790,#4011,#4012);
#3588=AXIS2_PLACEMENT_3D('',#4792,#4013,#4014);
#3589=AXIS2_PLACEMENT_3D('',#4794,#4015,#4016);
#3590=AXIS2_PLACEMENT_3D('',#4795,#4017,#4018);
#3591=AXIS2_PLACEMENT_3D('',#4797,#4020,#4021);
#3592=AXIS2_PLACEMENT_3D('',#4799,#4023,#4024);
#3593=AXIS2_PLACEMENT_3D('',#4801,#4025,#4026);
#3594=AXIS2_PLACEMENT_3D('',#4804,#4028,#4029);
#3595=AXIS2_PLACEMENT_3D('',#4805,#4030,#4031);
#3596=AXIS2_PLACEMENT_3D('',#4807,#4032,#4033);
#3597=AXIS2_PLACEMENT_3D('',#4810,#4035,#4036);
#3598=AXIS2_PLACEMENT_3D('',#4811,#4037,#4038);
#3599=AXIS2_PLACEMENT_3D('',#4812,#4039,#4040);
#3600=AXIS2_PLACEMENT_3D('',#4813,#4041,#4042);
#3601=AXIS2_PLACEMENT_3D('',#4816,#4043,#4044);
#3602=AXIS2_PLACEMENT_3D('',#4820,#4046,#4047);
#3603=AXIS2_PLACEMENT_3D('',#4823,#4049,#4050);
#3604=AXIS2_PLACEMENT_3D('',#4825,#4051,#4052);
#3605=AXIS2_PLACEMENT_3D('',#4827,#4053,#4054);
#3606=AXIS2_PLACEMENT_3D('',#4829,#4055,#4056);
#3607=AXIS2_PLACEMENT_3D('',#4831,#4057,#4058);
#3608=AXIS2_PLACEMENT_3D('',#4833,#4059,#4060);
#3609=AXIS2_PLACEMENT_3D('',#4850,#4069,#4070);
#3610=AXIS2_PLACEMENT_3D('',#4853,#4071,#4072);
#3611=AXIS2_PLACEMENT_3D('',#4857,#4074,#4075);
#3612=AXIS2_PLACEMENT_3D('',#4860,#4077,#4078);
#3613=AXIS2_PLACEMENT_3D('',#4862,#4079,#4080);
#3614=AXIS2_PLACEMENT_3D('',#4864,#4081,#4082);
#3615=AXIS2_PLACEMENT_3D('',#4866,#4083,#4084);
#3616=AXIS2_PLACEMENT_3D('',#4868,#4085,#4086);
#3617=AXIS2_PLACEMENT_3D('',#4870,#4087,#4088);
#3618=AXIS2_PLACEMENT_3D('',#5163,#4133,#4134);
#3619=AXIS2_PLACEMENT_3D('',#5166,#4137,#4138);
#3620=AXIS2_PLACEMENT_3D('',#5168,#4140,#4141);
#3621=AXIS2_PLACEMENT_3D('',#5170,#4143,#4144);
#3622=AXIS2_PLACEMENT_3D('',#5171,#4145,#4146);
#3623=AXIS2_PLACEMENT_3D('',#5173,#4148,#4149);
#3624=AXIS2_PLACEMENT_3D('',#5175,#4151,#4152);
#3625=AXIS2_PLACEMENT_3D('',#5224,#4153,#4154);
#3626=AXIS2_PLACEMENT_3D('',#5230,#4158,#4159);
#3627=AXIS2_PLACEMENT_3D('',#5234,#4162,#4163);
#3628=AXIS2_PLACEMENT_3D('',#5238,#4166,#4167);
#3629=AXIS2_PLACEMENT_3D('',#5293,#4173,#4174);
#3630=AXIS2_PLACEMENT_3D('',#5365,#4181,#4182);
#3631=AXIS2_PLACEMENT_3D('',#5367,#4184,#4185);
#3632=AXIS2_PLACEMENT_3D('',#5657,#4203,#4204);
#3633=AXIS2_PLACEMENT_3D('',#5658,#4205,#4206);
#3634=AXIS2_PLACEMENT_3D('',#5664,#4210,#4211);
#3635=AXIS2_PLACEMENT_3D('',#5668,#4214,#4215);
#3636=AXIS2_PLACEMENT_3D('',#5672,#4218,#4219);
#3637=AXIS2_PLACEMENT_3D('',#5676,#4222,#4223);
#3638=AXIS2_PLACEMENT_3D('',#5680,#4226,#4227);
#3639=AXIS2_PLACEMENT_3D('',#5684,#4230,#4231);
#3640=AXIS2_PLACEMENT_3D('',#5688,#4234,#4235);
#3641=AXIS2_PLACEMENT_3D('',#5692,#4238,#4239);
#3642=AXIS2_PLACEMENT_3D('',#5696,#4242,#4243);
#3643=AXIS2_PLACEMENT_3D('',#5698,#4245,#4246);
#3644=AXIS2_PLACEMENT_3D('',#5699,#4247,#4248);
#3645=AXIS2_PLACEMENT_3D('',#5705,#4252,#4253);
#3646=AXIS2_PLACEMENT_3D('',#5709,#4256,#4257);
#3647=AXIS2_PLACEMENT_3D('',#5713,#4260,#4261);
#3648=AXIS2_PLACEMENT_3D('',#5802,#4269,#4270);
#3649=AXIS2_PLACEMENT_3D('',#5806,#4273,#4274);
#3650=AXIS2_PLACEMENT_3D('',#5810,#4277,#4278);
#3651=AXIS2_PLACEMENT_3D('',#5899,#4286,#4287);
#3652=AXIS2_PLACEMENT_3D('',#5901,#4289,#4290);
#3653=AXIS2_PLACEMENT_3D('',#5921,#4293,#4294);
#3654=AXIS2_PLACEMENT_3D('',#5993,#4301,#4302);
#3655=AXIS2_PLACEMENT_3D('',#5997,#4305,#4306);
#3656=AXIS2_PLACEMENT_3D('',#6001,#4309,#4310);
#3657=AXIS2_PLACEMENT_3D('',#6005,#4313,#4314);
#3658=AXIS2_PLACEMENT_3D('',#6009,#4317,#4318);
#3659=AXIS2_PLACEMENT_3D('',#6013,#4321,#4322);
#3660=AXIS2_PLACEMENT_3D('',#6017,#4325,#4326);
#3661=AXIS2_PLACEMENT_3D('',#6021,#4329,#4330);
#3662=AXIS2_PLACEMENT_3D('',#6025,#4333,#4334);
#3663=AXIS2_PLACEMENT_3D('',#6029,#4337,#4338);
#3664=AXIS2_PLACEMENT_3D('',#6033,#4341,#4342);
#3665=AXIS2_PLACEMENT_3D('',#6086,#4347,#4348);
#3666=AXIS2_PLACEMENT_3D('',#6087,#4349,#4350);
#3667=AXIS2_PLACEMENT_3D('',#6089,#4352,#4353);
#3668=AXIS2_PLACEMENT_3D('',#6091,#4355,#4356);
#3669=AXIS2_PLACEMENT_3D('',#6093,#4358,#4359);
#3670=AXIS2_PLACEMENT_3D('',#6095,#4361,#4362);
#3671=AXIS2_PLACEMENT_3D('',#6098,#4365,#4366);
#3672=AXIS2_PLACEMENT_3D('',#6100,#4368,#4369);
#3673=AXIS2_PLACEMENT_3D('',#6102,#4371,#4372);
#3674=AXIS2_PLACEMENT_3D('',#6104,#4374,#4375);
#3675=AXIS2_PLACEMENT_3D('',#6106,#4377,#4378);
#3676=AXIS2_PLACEMENT_3D('',#6108,#4380,#4381);
#3677=AXIS2_PLACEMENT_3D('',#6110,#4383,#4384);
#3678=AXIS2_PLACEMENT_3D('',#6111,#4385,#4386);
#3679=AXIS2_PLACEMENT_3D('',#6112,#4387,#4388);
#3680=AXIS2_PLACEMENT_3D('',#6114,#4389,#4390);
#3681=AXIS2_PLACEMENT_3D('',#6117,#4392,#4393);
#3682=AXIS2_PLACEMENT_3D('',#6118,#4394,#4395);
#3683=AXIS2_PLACEMENT_3D('',#6120,#4396,#4397);
#3684=AXIS2_PLACEMENT_3D('',#6123,#4399,#4400);
#3685=AXIS2_PLACEMENT_3D('',#6124,#4401,#4402);
#3686=AXIS2_PLACEMENT_3D('',#6125,#4403,#4404);
#3687=AXIS2_PLACEMENT_3D('',#6127,#4405,#4406);
#3688=AXIS2_PLACEMENT_3D('',#6130,#4408,#4409);
#3689=AXIS2_PLACEMENT_3D('',#6131,#4410,#4411);
#3690=AXIS2_PLACEMENT_3D('',#6132,#4412,#4413);
#3691=AXIS2_PLACEMENT_3D('',#6134,#4414,#4415);
#3692=AXIS2_PLACEMENT_3D('',#6137,#4417,#4418);
#3693=AXIS2_PLACEMENT_3D('',#6138,#4419,#4420);
#3694=AXIS2_PLACEMENT_3D('',#6147,#4425,#4426);
#3695=AXIS2_PLACEMENT_3D('',#6153,#4430,#4431);
#3696=AXIS2_PLACEMENT_3D('',#6159,#4435,#4436);
#3697=AXIS2_PLACEMENT_3D('',#6162,#4439,#4440);
#3698=AXIS2_PLACEMENT_3D('',#6164,#4441,#4442);
#3699=AXIS2_PLACEMENT_3D('',#6165,#4443,#4444);
#3700=AXIS2_PLACEMENT_3D('',#6174,#4449,#4450);
#3701=AXIS2_PLACEMENT_3D('',#6176,#4451,#4452);
#3702=AXIS2_PLACEMENT_3D('',#6178,#4453,#4454);
#3703=AXIS2_PLACEMENT_3D('',#6180,#4456,#4457);
#3704=AXIS2_PLACEMENT_3D('',#6189,#4462,#4463);
#3705=AXIS2_PLACEMENT_3D('',#6191,#4464,#4465);
#3706=AXIS2_PLACEMENT_3D('',#6194,#4467,#4468);
#3707=AXIS2_PLACEMENT_3D('',#6195,#4469,#4470);
#3708=AXIS2_PLACEMENT_3D('',#6198,#4471,#4472);
#3709=AXIS2_PLACEMENT_3D('',#6199,#4473,#4474);
#3710=AXIS2_PLACEMENT_3D('',#6202,#4476,#4477);
#3711=AXIS2_PLACEMENT_3D('',#6206,#4479,#4480);
#3712=AXIS2_PLACEMENT_3D('',#6208,#4482,#4483);
#3713=AXIS2_PLACEMENT_3D('',#6209,#4484,#4485);
#3714=AXIS2_PLACEMENT_3D('',#6213,#4488,#4489);
#3715=AXIS2_PLACEMENT_3D('',#6215,#4490,#4491);
#3716=AXIS2_PLACEMENT_3D('',#6217,#4493,#4494);
#3717=AXIS2_PLACEMENT_3D('',#6221,#4497,#4498);
#3718=AXIS2_PLACEMENT_3D('',#6223,#4499,#4500);
#3719=AXIS2_PLACEMENT_3D('',#6224,#4501,#4502);
#3720=AXIS2_PLACEMENT_3D('',#6225,#4503,#4504);
#3721=AXIS2_PLACEMENT_3D('',#6228,#4505,#4506);
#3722=AXIS2_PLACEMENT_3D('',#6229,#4507,#4508);
#3723=AXIS2_PLACEMENT_3D('',#6231,#4510,#4511);
#3724=AXIS2_PLACEMENT_3D('',#6232,#4512,#4513);
#3725=AXIS2_PLACEMENT_3D('',#6235,#4514,#4515);
#3726=AXIS2_PLACEMENT_3D('',#6236,#4516,#4517);
#3727=AXIS2_PLACEMENT_3D('',#6237,#4518,#4519);
#3728=AXIS2_PLACEMENT_3D('',#6238,#4520,#4521);
#3729=AXIS2_PLACEMENT_3D('',#6241,#4523,#4524);
#3730=AXIS2_PLACEMENT_3D('',#6242,#4525,#4526);
#3731=AXIS2_PLACEMENT_3D('',#6245,#4527,#4528);
#3732=AXIS2_PLACEMENT_3D('',#6246,#4529,#4530);
#3733=AXIS2_PLACEMENT_3D('',#6247,#4531,#4532);
#3734=AXIS2_PLACEMENT_3D('',#6248,#4533,#4534);
#3735=AXIS2_PLACEMENT_3D('',#6251,#4536,#4537);
#3736=AXIS2_PLACEMENT_3D('',#6252,#4538,#4539);
#3737=AXIS2_PLACEMENT_3D('',#6253,#4540,#4541);
#3738=AXIS2_PLACEMENT_3D('',#6254,#4542,#4543);
#3739=AXIS2_PLACEMENT_3D('',#6255,#4544,#4545);
#3740=DIRECTION('axis',(0.,0.,1.));
#3741=DIRECTION('refdir',(1.,0.,0.));
#3742=DIRECTION('axis',(0.,0.,1.));
#3743=DIRECTION('refdir',(1.,0.,0.));
#3744=DIRECTION('center_axis',(0.,0.,1.));
#3745=DIRECTION('ref_axis',(1.,0.,0.));
#3746=DIRECTION('center_axis',(0.,0.,-1.));
#3747=DIRECTION('ref_axis',(1.,0.,0.));
#3748=DIRECTION('',(7.40148683083438E-17,1.,0.));
#3749=DIRECTION('center_axis',(0.,0.,1.));
#3750=DIRECTION('ref_axis',(1.,0.,0.));
#3751=DIRECTION('center_axis',(0.,0.,-1.));
#3752=DIRECTION('ref_axis',(1.,0.,0.));
#3753=DIRECTION('',(0.,-1.,0.));
#3754=DIRECTION('',(-1.,0.,0.));
#3755=DIRECTION('',(0.,1.,0.));
#3756=DIRECTION('center_axis',(0.,0.,1.));
#3757=DIRECTION('ref_axis',(1.,0.,0.));
#3758=DIRECTION('center_axis',(1.,-7.40148683083438E-17,0.));
#3759=DIRECTION('ref_axis',(7.40148683083438E-17,1.,0.));
#3760=DIRECTION('',(0.,0.,1.));
#3761=DIRECTION('',(7.40148683083438E-17,1.,0.));
#3762=DIRECTION('',(0.,0.,-1.));
#3763=DIRECTION('center_axis',(0.,0.,1.));
#3764=DIRECTION('ref_axis',(1.,0.,0.));
#3765=DIRECTION('',(0.,0.,-1.));
#3766=DIRECTION('center_axis',(0.,0.,1.));
#3767=DIRECTION('ref_axis',(1.,0.,0.));
#3768=DIRECTION('',(0.,0.,-1.));
#3769=DIRECTION('center_axis',(-1.,0.,0.));
#3770=DIRECTION('ref_axis',(0.,-1.,0.));
#3771=DIRECTION('',(0.,0.,-1.));
#3772=DIRECTION('',(0.,1.,0.));
#3773=DIRECTION('center_axis',(0.,0.,1.));
#3774=DIRECTION('ref_axis',(-0.0357548470967097,-0.999360591032632,0.));
#3775=DIRECTION('center_axis',(0.,0.,1.));
#3776=DIRECTION('ref_axis',(1.,0.,0.));
#3777=DIRECTION('',(0.,0.,1.));
#3778=DIRECTION('center_axis',(0.,0.,1.));
#3779=DIRECTION('ref_axis',(1.,0.,0.));
#3780=DIRECTION('',(0.,0.,1.));
#3781=DIRECTION('center_axis',(0.,1.,0.));
#3782=DIRECTION('ref_axis',(-1.,0.,0.));
#3783=DIRECTION('',(0.,0.,1.));
#3784=DIRECTION('',(-1.,0.,0.));
#3785=DIRECTION('',(0.,0.,1.));
#3786=DIRECTION('',(1.,0.,0.));
#3787=DIRECTION('',(0.,0.,1.));
#3788=DIRECTION('',(-1.,0.,0.));
#3789=DIRECTION('center_axis',(0.,0.,1.));
#3790=DIRECTION('ref_axis',(-1.,0.,0.));
#3791=DIRECTION('center_axis',(0.,0.,1.));
#3792=DIRECTION('ref_axis',(-1.,0.,0.));
#3793=DIRECTION('',(0.,0.,1.));
#3794=DIRECTION('center_axis',(0.,0.,-1.));
#3795=DIRECTION('ref_axis',(-1.,0.,0.));
#3796=DIRECTION('center_axis',(1.,0.,0.));
#3797=DIRECTION('ref_axis',(0.,1.,0.));
#3798=DIRECTION('',(0.,1.,0.));
#3799=DIRECTION('',(0.,0.,1.));
#3800=DIRECTION('',(0.,-1.,0.));
#3801=DIRECTION('center_axis',(0.,0.,1.));
#3802=DIRECTION('ref_axis',(-0.0440883193635938,-0.99902763730324,0.));
#3803=DIRECTION('center_axis',(0.,0.,-1.));
#3804=DIRECTION('ref_axis',(1.,0.,0.));
#3805=DIRECTION('center_axis',(0.,0.,1.));
#3806=DIRECTION('ref_axis',(1.,0.,0.));
#3807=DIRECTION('center_axis',(0.,0.,1.));
#3808=DIRECTION('ref_axis',(1.,0.,0.));
#3809=DIRECTION('center_axis',(0.,0.,1.));
#3810=DIRECTION('ref_axis',(1.,0.,0.));
#3811=DIRECTION('center_axis',(0.,0.,-1.));
#3812=DIRECTION('ref_axis',(1.,0.,0.));
#3813=DIRECTION('',(0.,0.,1.));
#3814=DIRECTION('center_axis',(-1.,0.,0.));
#3815=DIRECTION('ref_axis',(0.,-1.,0.));
#3816=DIRECTION('',(0.,-1.,0.));
#3817=DIRECTION('center_axis',(1.,0.,0.));
#3818=DIRECTION('ref_axis',(0.,1.,0.));
#3819=DIRECTION('',(0.,-1.,0.));
#3820=DIRECTION('',(0.,1.,0.));
#3821=DIRECTION('center_axis',(0.,0.,1.));
#3822=DIRECTION('ref_axis',(1.,0.,0.));
#3823=DIRECTION('center_axis',(0.,0.,1.));
#3824=DIRECTION('ref_axis',(1.,0.,0.));
#3825=DIRECTION('center_axis',(0.,0.,1.));
#3826=DIRECTION('ref_axis',(1.,0.,0.));
#3827=DIRECTION('center_axis',(0.,0.,1.));
#3828=DIRECTION('ref_axis',(1.,0.,0.));
#3829=DIRECTION('',(0.,-1.,0.));
#3830=DIRECTION('center_axis',(0.,0.,-1.));
#3831=DIRECTION('ref_axis',(1.,0.,0.));
#3832=DIRECTION('center_axis',(0.,0.,1.));
#3833=DIRECTION('ref_axis',(1.,0.,0.));
#3834=DIRECTION('',(0.,-1.,0.));
#3835=DIRECTION('',(-1.,0.,0.));
#3836=DIRECTION('',(0.,1.,0.));
#3837=DIRECTION('center_axis',(0.,0.,-1.));
#3838=DIRECTION('ref_axis',(1.,0.,0.));
#3839=DIRECTION('center_axis',(-1.,0.,0.));
#3840=DIRECTION('ref_axis',(0.,-1.,0.));
#3841=DIRECTION('',(0.,0.,1.));
#3842=DIRECTION('',(0.,-1.,0.));
#3843=DIRECTION('',(0.,0.,-1.));
#3844=DIRECTION('center_axis',(0.,0.,1.));
#3845=DIRECTION('ref_axis',(1.,0.,0.));
#3846=DIRECTION('',(0.,0.,1.));
#3847=DIRECTION('center_axis',(0.,0.,1.));
#3848=DIRECTION('ref_axis',(1.,0.,0.));
#3849=DIRECTION('',(0.,0.,1.));
#3850=DIRECTION('center_axis',(0.,0.,1.));
#3851=DIRECTION('ref_axis',(1.,0.,0.));
#3852=DIRECTION('center_axis',(0.,0.,1.));
#3853=DIRECTION('ref_axis',(1.,0.,0.));
#3854=DIRECTION('',(0.,0.,1.));
#3855=DIRECTION('center_axis',(0.,0.,-1.));
#3856=DIRECTION('ref_axis',(1.,0.,0.));
#3857=DIRECTION('center_axis',(1.,0.,0.));
#3858=DIRECTION('ref_axis',(0.,1.,0.));
#3859=DIRECTION('',(0.,0.,1.));
#3860=DIRECTION('',(0.,1.,0.));
#3861=DIRECTION('center_axis',(0.,1.,0.));
#3862=DIRECTION('ref_axis',(-1.,0.,0.));
#3863=DIRECTION('',(0.,0.,1.));
#3864=DIRECTION('',(-1.,0.,0.));
#3865=DIRECTION('',(0.,0.,-1.));
#3866=DIRECTION('',(1.,0.,0.));
#3867=DIRECTION('',(0.,0.,1.));
#3868=DIRECTION('',(-1.,0.,0.));
#3869=DIRECTION('center_axis',(0.,0.,1.));
#3870=DIRECTION('ref_axis',(-1.,0.,0.));
#3871=DIRECTION('center_axis',(0.,0.,1.));
#3872=DIRECTION('ref_axis',(-1.,0.,0.));
#3873=DIRECTION('',(0.,0.,1.));
#3874=DIRECTION('center_axis',(0.,0.,-1.));
#3875=DIRECTION('ref_axis',(-1.,0.,0.));
#3876=DIRECTION('center_axis',(-1.,0.,0.));
#3877=DIRECTION('ref_axis',(0.,-1.,0.));
#3878=DIRECTION('',(0.,-1.,0.));
#3879=DIRECTION('',(0.,1.,0.));
#3880=DIRECTION('',(0.,0.,1.));
#3881=DIRECTION('center_axis',(1.,0.,0.));
#3882=DIRECTION('ref_axis',(0.,1.,0.));
#3883=DIRECTION('',(0.,0.,-1.));
#3884=DIRECTION('',(0.,-1.,0.));
#3885=DIRECTION('center_axis',(0.,0.,1.));
#3886=DIRECTION('ref_axis',(1.,0.,0.));
#3887=DIRECTION('',(0.,0.,1.));
#3888=DIRECTION('center_axis',(0.,0.,1.));
#3889=DIRECTION('ref_axis',(1.,0.,0.));
#3890=DIRECTION('center_axis',(0.,0.,1.));
#3891=DIRECTION('ref_axis',(1.,0.,0.));
#3892=DIRECTION('center_axis',(0.,0.,1.));
#3893=DIRECTION('ref_axis',(1.,0.,0.));
#3894=DIRECTION('center_axis',(0.,0.,-1.));
#3895=DIRECTION('ref_axis',(1.,0.,0.));
#3896=DIRECTION('center_axis',(0.,0.,1.));
#3897=DIRECTION('ref_axis',(1.,0.,0.));
#3898=DIRECTION('center_axis',(0.,0.,1.));
#3899=DIRECTION('ref_axis',(1.,0.,0.));
#3900=DIRECTION('',(0.,1.,0.));
#3901=DIRECTION('center_axis',(-1.,0.,0.));
#3902=DIRECTION('ref_axis',(0.,-1.,0.));
#3903=DIRECTION('',(0.,-1.,0.));
#3904=DIRECTION('center_axis',(0.,0.,1.));
#3905=DIRECTION('ref_axis',(1.,0.,0.));
#3906=DIRECTION('center_axis',(0.,0.,1.));
#3907=DIRECTION('ref_axis',(1.,0.,0.));
#3908=DIRECTION('center_axis',(0.,0.,1.));
#3909=DIRECTION('ref_axis',(1.,0.,0.));
#3910=DIRECTION('center_axis',(0.,0.,-1.));
#3911=DIRECTION('ref_axis',(-1.,0.,0.));
#3912=DIRECTION('center_axis',(0.,0.,1.));
#3913=DIRECTION('ref_axis',(-1.,0.,0.));
#3914=DIRECTION('',(0.,0.,1.));
#3915=DIRECTION('center_axis',(0.,0.,-1.));
#3916=DIRECTION('ref_axis',(-1.,0.,0.));
#3917=DIRECTION('center_axis',(0.,0.,1.));
#3918=DIRECTION('ref_axis',(1.,0.,0.));
#3919=DIRECTION('center_axis',(0.,0.,1.));
#3920=DIRECTION('ref_axis',(1.,0.,0.));
#3921=DIRECTION('',(0.,0.,-1.));
#3922=DIRECTION('center_axis',(0.,0.,1.));
#3923=DIRECTION('ref_axis',(1.,0.,0.));
#3924=DIRECTION('center_axis',(0.,0.,1.));
#3925=DIRECTION('ref_axis',(1.,0.,0.));
#3926=DIRECTION('center_axis',(0.,0.,1.));
#3927=DIRECTION('ref_axis',(1.,0.,0.));
#3928=DIRECTION('center_axis',(0.,0.,-1.));
#3929=DIRECTION('ref_axis',(-1.,0.,0.));
#3930=DIRECTION('center_axis',(0.,0.,1.));
#3931=DIRECTION('ref_axis',(-1.,0.,0.));
#3932=DIRECTION('',(0.,0.,1.));
#3933=DIRECTION('center_axis',(0.,0.,-1.));
#3934=DIRECTION('ref_axis',(-1.,0.,0.));
#3935=DIRECTION('center_axis',(0.,0.,1.));
#3936=DIRECTION('ref_axis',(1.,0.,0.));
#3937=DIRECTION('center_axis',(0.,0.,1.));
#3938=DIRECTION('ref_axis',(1.,0.,0.));
#3939=DIRECTION('',(0.,0.,-1.));
#3940=DIRECTION('center_axis',(0.,0.,1.));
#3941=DIRECTION('ref_axis',(1.,0.,0.));
#3942=DIRECTION('center_axis',(0.,0.,1.));
#3943=DIRECTION('ref_axis',(-1.,0.,0.));
#3944=DIRECTION('center_axis',(0.,0.,1.));
#3945=DIRECTION('ref_axis',(-1.,0.,0.));
#3946=DIRECTION('',(0.,0.,1.));
#3947=DIRECTION('center_axis',(0.,0.,-1.));
#3948=DIRECTION('ref_axis',(-1.,0.,0.));
#3949=DIRECTION('center_axis',(0.,0.,1.));
#3950=DIRECTION('ref_axis',(1.,0.,0.));
#3951=DIRECTION('center_axis',(0.,0.,1.));
#3952=DIRECTION('ref_axis',(1.,0.,0.));
#3953=DIRECTION('',(0.,0.,-1.));
#3954=DIRECTION('center_axis',(0.,0.,1.));
#3955=DIRECTION('ref_axis',(1.,0.,0.));
#3956=DIRECTION('center_axis',(0.,0.,1.));
#3957=DIRECTION('ref_axis',(1.,0.,0.));
#3958=DIRECTION('center_axis',(0.,0.,1.));
#3959=DIRECTION('ref_axis',(1.,0.,0.));
#3960=DIRECTION('axis',(0.,0.,1.));
#3961=DIRECTION('refdir',(1.,0.,0.));
#3962=DIRECTION('center_axis',(0.,0.,1.));
#3963=DIRECTION('ref_axis',(1.,0.,0.));
#3964=DIRECTION('',(0.,0.,1.));
#3965=DIRECTION('center_axis',(0.,0.,-1.));
#3966=DIRECTION('ref_axis',(1.,0.,0.));
#3967=DIRECTION('',(0.,0.,1.));
#3968=DIRECTION('center_axis',(0.,0.,1.));
#3969=DIRECTION('ref_axis',(1.,0.,0.));
#3970=DIRECTION('center_axis',(0.,0.,1.));
#3971=DIRECTION('ref_axis',(-1.,0.,0.));
#3972=DIRECTION('center_axis',(0.,0.,1.));
#3973=DIRECTION('ref_axis',(-1.,0.,0.));
#3974=DIRECTION('',(0.,0.,1.));
#3975=DIRECTION('center_axis',(0.,0.,-1.));
#3976=DIRECTION('ref_axis',(-1.,0.,0.));
#3977=DIRECTION('center_axis',(0.,0.,1.));
#3978=DIRECTION('ref_axis',(1.,0.,0.));
#3979=DIRECTION('center_axis',(0.,0.,1.));
#3980=DIRECTION('ref_axis',(1.,0.,0.));
#3981=DIRECTION('center_axis',(0.,0.,-1.));
#3982=DIRECTION('ref_axis',(1.,0.,0.));
#3983=DIRECTION('center_axis',(0.,0.,1.));
#3984=DIRECTION('ref_axis',(1.,0.,0.));
#3985=DIRECTION('center_axis',(0.,0.,1.));
#3986=DIRECTION('ref_axis',(1.,0.,0.));
#3987=DIRECTION('center_axis',(0.,0.,1.));
#3988=DIRECTION('ref_axis',(-1.,0.,0.));
#3989=DIRECTION('center_axis',(0.,0.,1.));
#3990=DIRECTION('ref_axis',(-1.,0.,0.));
#3991=DIRECTION('',(0.,0.,1.));
#3992=DIRECTION('center_axis',(0.,0.,-1.));
#3993=DIRECTION('ref_axis',(-1.,0.,0.));
#3994=DIRECTION('center_axis',(0.,0.,1.));
#3995=DIRECTION('ref_axis',(-1.,1.22464679914735E-16,0.));
#3996=DIRECTION('center_axis',(0.,0.,-1.));
#3997=DIRECTION('ref_axis',(1.,0.,0.));
#3998=DIRECTION('',(0.,0.,1.));
#3999=DIRECTION('center_axis',(0.,0.,1.));
#4000=DIRECTION('ref_axis',(1.,0.,0.));
#4001=DIRECTION('center_axis',(0.,0.,1.));
#4002=DIRECTION('ref_axis',(1.,0.,0.));
#4003=DIRECTION('center_axis',(0.,0.,1.));
#4004=DIRECTION('ref_axis',(1.,0.,0.));
#4005=DIRECTION('center_axis',(0.,0.,1.));
#4006=DIRECTION('ref_axis',(1.,0.,0.));
#4007=DIRECTION('center_axis',(0.,0.,-1.));
#4008=DIRECTION('ref_axis',(1.,0.,0.));
#4009=DIRECTION('center_axis',(0.,0.,1.));
#4010=DIRECTION('ref_axis',(-1.,0.,0.));
#4011=DIRECTION('center_axis',(0.,0.,1.));
#4012=DIRECTION('ref_axis',(1.,0.,0.));
#4013=DIRECTION('center_axis',(0.,0.,1.));
#4014=DIRECTION('ref_axis',(1.,0.,0.));
#4015=DIRECTION('center_axis',(0.,0.,-1.));
#4016=DIRECTION('ref_axis',(-1.,0.,0.));
#4017=DIRECTION('center_axis',(0.,0.,1.));
#4018=DIRECTION('ref_axis',(1.,0.,0.));
#4019=DIRECTION('',(0.,0.,1.));
#4020=DIRECTION('center_axis',(0.,0.,1.));
#4021=DIRECTION('ref_axis',(-1.,0.,0.));
#4022=DIRECTION('',(0.,0.,1.));
#4023=DIRECTION('center_axis',(0.,0.,1.));
#4024=DIRECTION('ref_axis',(-1.,0.,0.));
#4025=DIRECTION('center_axis',(0.,0.,1.));
#4026=DIRECTION('ref_axis',(-1.,0.,0.));
#4027=DIRECTION('',(0.,0.,1.));
#4028=DIRECTION('center_axis',(0.,0.,-1.));
#4029=DIRECTION('ref_axis',(-1.,0.,0.));
#4030=DIRECTION('center_axis',(0.,0.,1.));
#4031=DIRECTION('ref_axis',(1.,0.,0.));
#4032=DIRECTION('center_axis',(0.,0.,-1.));
#4033=DIRECTION('ref_axis',(1.,0.,0.));
#4034=DIRECTION('',(0.,0.,1.));
#4035=DIRECTION('center_axis',(0.,0.,1.));
#4036=DIRECTION('ref_axis',(1.,0.,0.));
#4037=DIRECTION('center_axis',(0.,0.,1.));
#4038=DIRECTION('ref_axis',(1.,0.,0.));
#4039=DIRECTION('center_axis',(0.,0.,1.));
#4040=DIRECTION('ref_axis',(1.,0.,0.));
#4041=DIRECTION('center_axis',(0.,0.,1.));
#4042=DIRECTION('ref_axis',(1.,0.,0.));
#4043=DIRECTION('center_axis',(0.,0.,1.));
#4044=DIRECTION('ref_axis',(0.,1.,0.));
#4045=DIRECTION('',(-1.,0.,0.));
#4046=DIRECTION('center_axis',(0.,0.,1.));
#4047=DIRECTION('ref_axis',(0.,-1.,0.));
#4048=DIRECTION('',(1.,0.,0.));
#4049=DIRECTION('center_axis',(0.,0.,1.));
#4050=DIRECTION('ref_axis',(-1.,0.,0.));
#4051=DIRECTION('center_axis',(0.,0.,1.));
#4052=DIRECTION('ref_axis',(-1.,0.,0.));
#4053=DIRECTION('center_axis',(0.,0.,1.));
#4054=DIRECTION('ref_axis',(-1.,0.,0.));
#4055=DIRECTION('center_axis',(0.,0.,1.));
#4056=DIRECTION('ref_axis',(-1.,0.,0.));
#4057=DIRECTION('center_axis',(0.,0.,-1.));
#4058=DIRECTION('ref_axis',(1.,0.,0.));
#4059=DIRECTION('center_axis',(0.,0.,-1.));
#4060=DIRECTION('ref_axis',(1.,0.,0.));
#4061=DIRECTION('',(0.,1.,0.));
#4062=DIRECTION('',(0.,1.,0.));
#4063=DIRECTION('',(0.,1.,0.));
#4064=DIRECTION('',(-1.,0.,0.));
#4065=DIRECTION('',(0.,-1.,0.));
#4066=DIRECTION('',(0.,-1.,0.));
#4067=DIRECTION('',(0.,-1.,0.));
#4068=DIRECTION('',(1.,0.,0.));
#4069=DIRECTION('center_axis',(0.,0.,1.));
#4070=DIRECTION('ref_axis',(1.,0.,0.));
#4071=DIRECTION('center_axis',(0.,0.,1.));
#4072=DIRECTION('ref_axis',(0.,1.,0.));
#4073=DIRECTION('',(1.,0.,0.));
#4074=DIRECTION('center_axis',(0.,0.,1.));
#4075=DIRECTION('ref_axis',(0.,-1.,0.));
#4076=DIRECTION('',(-1.,0.,0.));
#4077=DIRECTION('center_axis',(0.,0.,-1.));
#4078=DIRECTION('ref_axis',(-1.,0.,0.));
#4079=DIRECTION('center_axis',(0.,0.,-1.));
#4080=DIRECTION('ref_axis',(-1.,0.,0.));
#4081=DIRECTION('center_axis',(0.,0.,-1.));
#4082=DIRECTION('ref_axis',(-1.,0.,0.));
#4083=DIRECTION('center_axis',(0.,0.,-1.));
#4084=DIRECTION('ref_axis',(-1.,0.,0.));
#4085=DIRECTION('center_axis',(0.,0.,-1.));
#4086=DIRECTION('ref_axis',(1.,0.,0.));
#4087=DIRECTION('center_axis',(0.,0.,-1.));
#4088=DIRECTION('ref_axis',(1.,0.,0.));
#4089=DIRECTION('',(-3.1834546139152E-14,-1.,0.));
#4090=DIRECTION('',(-1.,3.61685692776745E-14,0.));
#4091=DIRECTION('',(3.18007783162836E-14,1.,0.));
#4092=DIRECTION('',(1.,-4.01873859032764E-14,0.));
#4093=DIRECTION('',(-3.15913319331499E-14,-1.,0.));
#4094=DIRECTION('',(-0.348045232161983,-0.937477741799405,0.));
#4095=DIRECTION('',(-3.17697184080789E-14,-1.,0.));
#4096=DIRECTION('',(-1.,3.35586040570039E-14,0.));
#4097=DIRECTION('',(3.19189114823444E-14,1.,0.));
#4098=DIRECTION('',(1.,-3.2913809633072E-14,0.));
#4099=DIRECTION('',(-3.1752058730014E-14,-1.,0.));
#4100=DIRECTION('',(-1.,3.2756464102807E-14,0.));
#4101=DIRECTION('',(-3.13686920331697E-14,-1.,0.));
#4102=DIRECTION('',(1.,-3.31194953391622E-14,0.));
#4103=DIRECTION('',(-3.17520386830037E-14,-1.,0.));
#4104=DIRECTION('',(-1.,3.31194953391622E-14,0.));
#4105=DIRECTION('',(-3.19203521016718E-14,-1.,0.));
#4106=DIRECTION('',(-1.,3.61685692776745E-14,0.));
#4107=DIRECTION('',(3.18007783162836E-14,1.,0.));
#4108=DIRECTION('',(1.,-4.01873859032764E-14,0.));
#4109=DIRECTION('',(-3.16624695701781E-14,-1.,0.));
#4110=DIRECTION('',(-3.17790756043965E-14,-1.,0.));
#4111=DIRECTION('',(-1.,3.61685692776745E-14,0.));
#4112=DIRECTION('',(3.1808497555838E-14,1.,0.));
#4113=DIRECTION('',(0.161378890479417,-0.986892523888814,0.));
#4114=DIRECTION('',(3.19656968168673E-14,1.,0.));
#4115=DIRECTION('',(-1.,2.46605078573967E-14,0.));
#4116=DIRECTION('',(3.19704539435718E-14,1.,0.));
#4117=DIRECTION('',(1.,-2.46605078573967E-14,0.));
#4118=DIRECTION('',(3.24898857357571E-14,1.,0.));
#4119=DIRECTION('',(0.856224797280691,0.516603422870619,0.));
#4120=DIRECTION('',(-3.180596667748E-14,-1.,0.));
#4121=DIRECTION('',(1.,-3.59688162446839E-14,0.));
#4122=DIRECTION('',(-3.19704539435718E-14,-1.,0.));
#4123=DIRECTION('',(-1.,3.59688162446839E-14,0.));
#4124=DIRECTION('',(-3.21061778403172E-14,-1.,0.));
#4125=DIRECTION('',(0.,-1.,0.));
#4126=DIRECTION('',(-1.,0.,0.));
#4127=DIRECTION('',(0.,1.,0.));
#4128=DIRECTION('',(0.,1.,0.));
#4129=DIRECTION('',(0.,1.,0.));
#4130=DIRECTION('',(1.,0.,0.));
#4131=DIRECTION('',(0.,-1.,0.));
#4132=DIRECTION('',(0.,-1.,0.));
#4133=DIRECTION('center_axis',(0.,0.,1.));
#4134=DIRECTION('ref_axis',(0.,1.,0.));
#4135=DIRECTION('',(0.,0.,1.));
#4136=DIRECTION('',(0.,0.,1.));
#4137=DIRECTION('center_axis',(0.,-1.,0.));
#4138=DIRECTION('ref_axis',(1.,0.,0.));
#4139=DIRECTION('',(0.,0.,1.));
#4140=DIRECTION('center_axis',(0.,0.,1.));
#4141=DIRECTION('ref_axis',(0.,-1.,0.));
#4142=DIRECTION('',(0.,0.,1.));
#4143=DIRECTION('center_axis',(0.,1.,0.));
#4144=DIRECTION('ref_axis',(-1.,0.,0.));
#4145=DIRECTION('center_axis',(0.,0.,1.));
#4146=DIRECTION('ref_axis',(1.,0.,0.));
#4147=DIRECTION('',(0.,0.,-1.));
#4148=DIRECTION('center_axis',(0.,0.,1.));
#4149=DIRECTION('ref_axis',(1.,0.,0.));
#4150=DIRECTION('',(0.,0.,-1.));
#4151=DIRECTION('center_axis',(0.,0.,1.));
#4152=DIRECTION('ref_axis',(1.,0.,0.));
#4153=DIRECTION('center_axis',(3.61685692776745E-14,1.,0.));
#4154=DIRECTION('ref_axis',(0.,0.,1.));
#4155=DIRECTION('',(-1.,3.61685692776745E-14,0.));
#4156=DIRECTION('',(0.,0.,1.));
#4157=DIRECTION('',(0.,0.,1.));
#4158=DIRECTION('center_axis',(1.,-3.18007783162836E-14,0.));
#4159=DIRECTION('ref_axis',(0.,0.,-1.));
#4160=DIRECTION('',(3.18007783162836E-14,1.,0.));
#4161=DIRECTION('',(0.,0.,1.));
#4162=DIRECTION('center_axis',(-4.01873859032764E-14,-1.,0.));
#4163=DIRECTION('ref_axis',(0.,0.,-1.));
#4164=DIRECTION('',(1.,-4.01873859032764E-14,0.));
#4165=DIRECTION('',(0.,0.,1.));
#4166=DIRECTION('center_axis',(-1.,3.15913319331499E-14,0.));
#4167=DIRECTION('ref_axis',(0.,0.,1.));
#4168=DIRECTION('',(-3.15913319331499E-14,-1.,0.));
#4169=DIRECTION('',(0.,0.,1.));
#4170=DIRECTION('',(0.,0.,1.));
#4171=DIRECTION('',(0.,0.,1.));
#4172=DIRECTION('',(0.,0.,1.));
#4173=DIRECTION('center_axis',(-0.937477741799405,0.348045232161983,0.));
#4174=DIRECTION('ref_axis',(0.,0.,1.));
#4175=DIRECTION('',(-0.348045232161983,-0.937477741799405,0.));
#4176=DIRECTION('',(0.,0.,1.));
#4177=DIRECTION('',(0.,0.,1.));
#4178=DIRECTION('',(0.,0.,1.));
#4179=DIRECTION('',(0.,0.,1.));
#4180=DIRECTION('',(0.,0.,1.));
#4181=DIRECTION('center_axis',(-1.,3.1834546139152E-14,0.));
#4182=DIRECTION('ref_axis',(0.,0.,1.));
#4183=DIRECTION('',(-3.1834546139152E-14,-1.,0.));
#4184=DIRECTION('center_axis',(0.,0.,1.));
#4185=DIRECTION('ref_axis',(1.,0.,0.));
#4186=DIRECTION('',(0.,0.,1.));
#4187=DIRECTION('',(0.,0.,1.));
#4188=DIRECTION('',(0.,0.,1.));
#4189=DIRECTION('',(0.,0.,1.));
#4190=DIRECTION('',(0.,0.,1.));
#4191=DIRECTION('',(0.,0.,1.));
#4192=DIRECTION('',(0.,0.,1.));
#4193=DIRECTION('',(0.,0.,1.));
#4194=DIRECTION('',(0.,0.,1.));
#4195=DIRECTION('',(0.,0.,1.));
#4196=DIRECTION('',(0.,0.,1.));
#4197=DIRECTION('',(0.,0.,1.));
#4198=DIRECTION('',(0.,0.,1.));
#4199=DIRECTION('',(0.,0.,1.));
#4200=DIRECTION('',(0.,0.,1.));
#4201=DIRECTION('',(0.,0.,1.));
#4202=DIRECTION('',(0.,0.,1.));
#4203=DIRECTION('center_axis',(0.,0.,1.));
#4204=DIRECTION('ref_axis',(1.,0.,0.));
#4205=DIRECTION('center_axis',(3.35586040570039E-14,1.,0.));
#4206=DIRECTION('ref_axis',(0.,0.,1.));
#4207=DIRECTION('',(-1.,3.35586040570039E-14,0.));
#4208=DIRECTION('',(0.,0.,1.));
#4209=DIRECTION('',(0.,0.,1.));
#4210=DIRECTION('center_axis',(1.,-3.19189114823444E-14,0.));
#4211=DIRECTION('ref_axis',(0.,0.,-1.));
#4212=DIRECTION('',(3.19189114823444E-14,1.,0.));
#4213=DIRECTION('',(0.,0.,1.));
#4214=DIRECTION('center_axis',(-3.2913809633072E-14,-1.,0.));
#4215=DIRECTION('ref_axis',(0.,0.,-1.));
#4216=DIRECTION('',(1.,-3.2913809633072E-14,0.));
#4217=DIRECTION('',(0.,0.,1.));
#4218=DIRECTION('center_axis',(-1.,3.1752058730014E-14,0.));
#4219=DIRECTION('ref_axis',(0.,0.,1.));
#4220=DIRECTION('',(-3.1752058730014E-14,-1.,0.));
#4221=DIRECTION('',(0.,0.,1.));
#4222=DIRECTION('center_axis',(3.2756464102807E-14,1.,0.));
#4223=DIRECTION('ref_axis',(0.,0.,1.));
#4224=DIRECTION('',(-1.,3.2756464102807E-14,0.));
#4225=DIRECTION('',(0.,0.,1.));
#4226=DIRECTION('center_axis',(-1.,3.13686920331697E-14,0.));
#4227=DIRECTION('ref_axis',(0.,0.,1.));
#4228=DIRECTION('',(-3.13686920331697E-14,-1.,0.));
#4229=DIRECTION('',(0.,0.,1.));
#4230=DIRECTION('center_axis',(-3.31194953391622E-14,-1.,0.));
#4231=DIRECTION('ref_axis',(0.,0.,-1.));
#4232=DIRECTION('',(1.,-3.31194953391622E-14,0.));
#4233=DIRECTION('',(0.,0.,1.));
#4234=DIRECTION('center_axis',(-1.,3.17520386830037E-14,0.));
#4235=DIRECTION('ref_axis',(0.,0.,1.));
#4236=DIRECTION('',(-3.17520386830037E-14,-1.,0.));
#4237=DIRECTION('',(0.,0.,1.));
#4238=DIRECTION('center_axis',(3.31194953391622E-14,1.,0.));
#4239=DIRECTION('ref_axis',(0.,0.,1.));
#4240=DIRECTION('',(-1.,3.31194953391622E-14,0.));
#4241=DIRECTION('',(0.,0.,1.));
#4242=DIRECTION('center_axis',(-1.,3.17697184080789E-14,0.));
#4243=DIRECTION('ref_axis',(0.,0.,1.));
#4244=DIRECTION('',(-3.17697184080789E-14,-1.,0.));
#4245=DIRECTION('center_axis',(0.,0.,1.));
#4246=DIRECTION('ref_axis',(1.,0.,0.));
#4247=DIRECTION('center_axis',(3.61685692776745E-14,1.,0.));
#4248=DIRECTION('ref_axis',(0.,0.,1.));
#4249=DIRECTION('',(-1.,3.61685692776745E-14,0.));
#4250=DIRECTION('',(0.,0.,1.));
#4251=DIRECTION('',(0.,0.,1.));
#4252=DIRECTION('center_axis',(1.,-3.18007783162836E-14,0.));
#4253=DIRECTION('ref_axis',(0.,0.,-1.));
#4254=DIRECTION('',(3.18007783162836E-14,1.,0.));
#4255=DIRECTION('',(0.,0.,1.));
#4256=DIRECTION('center_axis',(-4.01873859032764E-14,-1.,0.));
#4257=DIRECTION('ref_axis',(0.,0.,-1.));
#4258=DIRECTION('',(1.,-4.01873859032764E-14,0.));
#4259=DIRECTION('',(0.,0.,1.));
#4260=DIRECTION('center_axis',(-1.,3.16624695701781E-14,0.));
#4261=DIRECTION('ref_axis',(0.,0.,1.));
#4262=DIRECTION('',(-3.16624695701781E-14,-1.,0.));
#4263=DIRECTION('',(0.,0.,1.));
#4264=DIRECTION('',(0.,0.,1.));
#4265=DIRECTION('',(0.,0.,1.));
#4266=DIRECTION('',(0.,0.,1.));
#4267=DIRECTION('',(0.,0.,1.));
#4268=DIRECTION('',(0.,0.,1.));
#4269=DIRECTION('center_axis',(-1.,3.17790756043965E-14,0.));
#4270=DIRECTION('ref_axis',(0.,0.,1.));
#4271=DIRECTION('',(-3.17790756043965E-14,-1.,0.));
#4272=DIRECTION('',(0.,0.,1.));
#4273=DIRECTION('center_axis',(3.61685692776745E-14,1.,0.));
#4274=DIRECTION('ref_axis',(0.,0.,1.));
#4275=DIRECTION('',(-1.,3.61685692776745E-14,0.));
#4276=DIRECTION('',(0.,0.,1.));
#4277=DIRECTION('center_axis',(1.,-3.1808497555838E-14,0.));
#4278=DIRECTION('ref_axis',(0.,0.,-1.));
#4279=DIRECTION('',(3.1808497555838E-14,1.,0.));
#4280=DIRECTION('',(0.,0.,1.));
#4281=DIRECTION('',(0.,0.,1.));
#4282=DIRECTION('',(0.,0.,1.));
#4283=DIRECTION('',(0.,0.,1.));
#4284=DIRECTION('',(0.,0.,1.));
#4285=DIRECTION('',(0.,0.,1.));
#4286=DIRECTION('center_axis',(-1.,3.19203521016718E-14,0.));
#4287=DIRECTION('ref_axis',(0.,0.,1.));
#4288=DIRECTION('',(-3.19203521016718E-14,-1.,0.));
#4289=DIRECTION('center_axis',(0.,0.,1.));
#4290=DIRECTION('ref_axis',(1.,0.,0.));
#4291=DIRECTION('',(0.,0.,1.));
#4292=DIRECTION('',(0.,0.,1.));
#4293=DIRECTION('center_axis',(-0.986892523888814,-0.161378890479417,0.));
#4294=DIRECTION('ref_axis',(0.,0.,1.));
#4295=DIRECTION('',(0.161378890479417,-0.986892523888814,0.));
#4296=DIRECTION('',(0.,0.,1.));
#4297=DIRECTION('',(0.,0.,1.));
#4298=DIRECTION('',(0.,0.,1.));
#4299=DIRECTION('',(0.,0.,1.));
#4300=DIRECTION('',(0.,0.,1.));
#4301=DIRECTION('center_axis',(1.,-3.19656968168673E-14,0.));
#4302=DIRECTION('ref_axis',(0.,0.,-1.));
#4303=DIRECTION('',(3.19656968168673E-14,1.,0.));
#4304=DIRECTION('',(0.,0.,1.));
#4305=DIRECTION('center_axis',(2.46605078573967E-14,1.,0.));
#4306=DIRECTION('ref_axis',(0.,0.,1.));
#4307=DIRECTION('',(-1.,2.46605078573967E-14,0.));
#4308=DIRECTION('',(0.,0.,1.));
#4309=DIRECTION('center_axis',(1.,-3.19704539435718E-14,0.));
#4310=DIRECTION('ref_axis',(0.,0.,-1.));
#4311=DIRECTION('',(3.19704539435718E-14,1.,0.));
#4312=DIRECTION('',(0.,0.,1.));
#4313=DIRECTION('center_axis',(-2.46605078573967E-14,-1.,0.));
#4314=DIRECTION('ref_axis',(0.,0.,-1.));
#4315=DIRECTION('',(1.,-2.46605078573967E-14,0.));
#4316=DIRECTION('',(0.,0.,1.));
#4317=DIRECTION('center_axis',(1.,-3.24898857357571E-14,0.));
#4318=DIRECTION('ref_axis',(0.,0.,-1.));
#4319=DIRECTION('',(3.24898857357571E-14,1.,0.));
#4320=DIRECTION('',(0.,0.,1.));
#4321=DIRECTION('center_axis',(0.516603422870619,-0.856224797280691,0.));
#4322=DIRECTION('ref_axis',(0.,0.,-1.));
#4323=DIRECTION('',(0.856224797280691,0.516603422870619,0.));
#4324=DIRECTION('',(0.,0.,1.));
#4325=DIRECTION('center_axis',(-1.,3.180596667748E-14,0.));
#4326=DIRECTION('ref_axis',(0.,0.,1.));
#4327=DIRECTION('',(-3.180596667748E-14,-1.,0.));
#4328=DIRECTION('',(0.,0.,1.));
#4329=DIRECTION('center_axis',(-3.59688162446839E-14,-1.,0.));
#4330=DIRECTION('ref_axis',(0.,0.,-1.));
#4331=DIRECTION('',(1.,-3.59688162446839E-14,0.));
#4332=DIRECTION('',(0.,0.,1.));
#4333=DIRECTION('center_axis',(-1.,3.19704539435718E-14,0.));
#4334=DIRECTION('ref_axis',(0.,0.,1.));
#4335=DIRECTION('',(-3.19704539435718E-14,-1.,0.));
#4336=DIRECTION('',(0.,0.,1.));
#4337=DIRECTION('center_axis',(3.59688162446839E-14,1.,0.));
#4338=DIRECTION('ref_axis',(0.,0.,1.));
#4339=DIRECTION('',(-1.,3.59688162446839E-14,0.));
#4340=DIRECTION('',(0.,0.,1.));
#4341=DIRECTION('center_axis',(-1.,3.21061778403172E-14,0.));
#4342=DIRECTION('ref_axis',(0.,0.,1.));
#4343=DIRECTION('',(-3.21061778403172E-14,-1.,0.));
#4344=DIRECTION('',(0.,0.,1.));
#4345=DIRECTION('',(0.,0.,1.));
#4346=DIRECTION('',(0.,0.,1.));
#4347=DIRECTION('center_axis',(0.,0.,1.));
#4348=DIRECTION('ref_axis',(1.,0.,0.));
#4349=DIRECTION('center_axis',(0.,0.,1.));
#4350=DIRECTION('ref_axis',(-1.,0.,0.));
#4351=DIRECTION('',(0.,0.,1.));
#4352=DIRECTION('center_axis',(0.,0.,1.));
#4353=DIRECTION('ref_axis',(-1.,0.,0.));
#4354=DIRECTION('',(0.,0.,1.));
#4355=DIRECTION('center_axis',(0.,0.,1.));
#4356=DIRECTION('ref_axis',(-1.,0.,0.));
#4357=DIRECTION('',(0.,0.,1.));
#4358=DIRECTION('center_axis',(0.,0.,1.));
#4359=DIRECTION('ref_axis',(-1.,0.,0.));
#4360=DIRECTION('',(0.,0.,1.));
#4361=DIRECTION('center_axis',(1.,0.,0.));
#4362=DIRECTION('ref_axis',(0.,1.,0.));
#4363=DIRECTION('',(0.,0.,1.));
#4364=DIRECTION('',(0.,0.,1.));
#4365=DIRECTION('center_axis',(1.,0.,0.));
#4366=DIRECTION('ref_axis',(0.,1.,0.));
#4367=DIRECTION('',(0.,0.,1.));
#4368=DIRECTION('center_axis',(0.,1.,0.));
#4369=DIRECTION('ref_axis',(-1.,0.,0.));
#4370=DIRECTION('',(0.,0.,1.));
#4371=DIRECTION('center_axis',(-1.,0.,0.));
#4372=DIRECTION('ref_axis',(0.,-1.,0.));
#4373=DIRECTION('',(0.,0.,1.));
#4374=DIRECTION('center_axis',(-1.,0.,0.));
#4375=DIRECTION('ref_axis',(0.,-1.,0.));
#4376=DIRECTION('',(0.,0.,1.));
#4377=DIRECTION('center_axis',(-1.,0.,0.));
#4378=DIRECTION('ref_axis',(0.,-1.,0.));
#4379=DIRECTION('',(0.,0.,1.));
#4380=DIRECTION('center_axis',(0.,-1.,0.));
#4381=DIRECTION('ref_axis',(1.,0.,0.));
#4382=DIRECTION('',(0.,0.,1.));
#4383=DIRECTION('center_axis',(1.,0.,0.));
#4384=DIRECTION('ref_axis',(0.,1.,0.));
#4385=DIRECTION('axis',(0.,0.,1.));
#4386=DIRECTION('refdir',(1.,0.,0.));
#4387=DIRECTION('center_axis',(0.,0.,1.));
#4388=DIRECTION('ref_axis',(-1.,0.,0.));
#4389=DIRECTION('center_axis',(0.,0.,1.));
#4390=DIRECTION('ref_axis',(-1.,0.,0.));
#4391=DIRECTION('',(0.,0.,1.));
#4392=DIRECTION('center_axis',(0.,0.,-1.));
#4393=DIRECTION('ref_axis',(-1.,0.,0.));
#4394=DIRECTION('center_axis',(0.,0.,1.));
#4395=DIRECTION('ref_axis',(-1.,0.,0.));
#4396=DIRECTION('center_axis',(0.,0.,1.));
#4397=DIRECTION('ref_axis',(-1.,0.,0.));
#4398=DIRECTION('',(0.,0.,1.));
#4399=DIRECTION('center_axis',(0.,0.,1.));
#4400=DIRECTION('ref_axis',(-1.,0.,0.));
#4401=DIRECTION('center_axis',(0.,0.,1.));
#4402=DIRECTION('ref_axis',(-1.,0.,0.));
#4403=DIRECTION('center_axis',(0.,0.,1.));
#4404=DIRECTION('ref_axis',(-1.,0.,0.));
#4405=DIRECTION('center_axis',(0.,0.,1.));
#4406=DIRECTION('ref_axis',(-1.,0.,0.));
#4407=DIRECTION('',(0.,0.,1.));
#4408=DIRECTION('center_axis',(0.,0.,1.));
#4409=DIRECTION('ref_axis',(-1.,0.,0.));
#4410=DIRECTION('center_axis',(0.,0.,1.));
#4411=DIRECTION('ref_axis',(-1.,0.,0.));
#4412=DIRECTION('center_axis',(0.,0.,1.));
#4413=DIRECTION('ref_axis',(-1.,0.,0.));
#4414=DIRECTION('center_axis',(0.,0.,1.));
#4415=DIRECTION('ref_axis',(-1.,0.,0.));
#4416=DIRECTION('',(0.,0.,1.));
#4417=DIRECTION('center_axis',(0.,0.,-1.));
#4418=DIRECTION('ref_axis',(-1.,0.,0.));
#4419=DIRECTION('center_axis',(0.,-1.,0.));
#4420=DIRECTION('ref_axis',(1.,0.,0.));
#4421=DIRECTION('',(1.,0.,0.));
#4422=DIRECTION('',(0.,0.,1.));
#4423=DIRECTION('',(1.,0.,0.));
#4424=DIRECTION('',(0.,0.,1.));
#4425=DIRECTION('center_axis',(-1.,-1.77635683940025E-16,0.));
#4426=DIRECTION('ref_axis',(1.77635683940025E-16,-1.,0.));
#4427=DIRECTION('',(1.77635683940025E-16,-1.,0.));
#4428=DIRECTION('',(0.,0.,1.));
#4429=DIRECTION('',(1.77635683940025E-16,-1.,0.));
#4430=DIRECTION('center_axis',(0.,1.,0.));
#4431=DIRECTION('ref_axis',(-1.,0.,0.));
#4432=DIRECTION('',(-1.,0.,0.));
#4433=DIRECTION('',(0.,0.,1.));
#4434=DIRECTION('',(-1.,0.,0.));
#4435=DIRECTION('center_axis',(1.,0.,0.));
#4436=DIRECTION('ref_axis',(0.,1.,0.));
#4437=DIRECTION('',(0.,1.,0.));
#4438=DIRECTION('',(0.,1.,0.));
#4439=DIRECTION('center_axis',(0.,0.,1.));
#4440=DIRECTION('ref_axis',(1.,0.,0.));
#4441=DIRECTION('center_axis',(0.,0.,-1.));
#4442=DIRECTION('ref_axis',(1.,0.,0.));
#4443=DIRECTION('center_axis',(0.,1.,0.));
#4444=DIRECTION('ref_axis',(-1.,0.,0.));
#4445=DIRECTION('',(-1.,0.,0.));
#4446=DIRECTION('',(0.,0.,-1.));
#4447=DIRECTION('',(-1.,0.,0.));
#4448=DIRECTION('',(0.,0.,1.));
#4449=DIRECTION('center_axis',(0.,0.,1.));
#4450=DIRECTION('ref_axis',(1.,0.,0.));
#4451=DIRECTION('center_axis',(0.,0.,1.));
#4452=DIRECTION('ref_axis',(1.,0.,0.));
#4453=DIRECTION('center_axis',(0.,0.,1.));
#4454=DIRECTION('ref_axis',(1.,0.,0.));
#4455=DIRECTION('',(-1.,0.,0.));
#4456=DIRECTION('center_axis',(0.,-1.,0.));
#4457=DIRECTION('ref_axis',(1.,0.,0.));
#4458=DIRECTION('',(1.,0.,0.));
#4459=DIRECTION('',(0.,0.,1.));
#4460=DIRECTION('',(1.,0.,0.));
#4461=DIRECTION('',(0.,0.,1.));
#4462=DIRECTION('center_axis',(0.,0.,1.));
#4463=DIRECTION('ref_axis',(1.,0.,0.));
#4464=DIRECTION('center_axis',(0.,0.,1.));
#4465=DIRECTION('ref_axis',(1.,0.,0.));
#4466=DIRECTION('',(1.,0.,0.));
#4467=DIRECTION('center_axis',(0.,0.,1.));
#4468=DIRECTION('ref_axis',(1.,0.,0.));
#4469=DIRECTION('center_axis',(0.,0.,1.));
#4470=DIRECTION('ref_axis',(1.,0.,0.));
#4471=DIRECTION('center_axis',(0.,0.,1.));
#4472=DIRECTION('ref_axis',(0.969788149647008,0.243948651982815,0.));
#4473=DIRECTION('center_axis',(0.,0.,1.));
#4474=DIRECTION('ref_axis',(0.969788149647008,0.243948651982815,0.));
#4475=DIRECTION('',(0.,0.,-1.));
#4476=DIRECTION('center_axis',(0.,0.,1.));
#4477=DIRECTION('ref_axis',(1.,0.,0.));
#4478=DIRECTION('',(0.,0.,1.));
#4479=DIRECTION('center_axis',(0.,0.,1.));
#4480=DIRECTION('ref_axis',(1.,0.,0.));
#4481=DIRECTION('',(0.,0.,-1.));
#4482=DIRECTION('center_axis',(0.,0.,1.));
#4483=DIRECTION('ref_axis',(1.,0.,0.));
#4484=DIRECTION('center_axis',(0.,-1.,0.));
#4485=DIRECTION('ref_axis',(1.,0.,0.));
#4486=DIRECTION('',(0.,0.,-1.));
#4487=DIRECTION('',(1.,0.,0.));
#4488=DIRECTION('center_axis',(0.,0.,1.));
#4489=DIRECTION('ref_axis',(1.,0.,0.));
#4490=DIRECTION('center_axis',(0.,0.,-1.));
#4491=DIRECTION('ref_axis',(1.,0.,0.));
#4492=DIRECTION('',(0.,0.,-1.));
#4493=DIRECTION('center_axis',(0.,1.,0.));
#4494=DIRECTION('ref_axis',(-1.,0.,0.));
#4495=DIRECTION('',(-1.,0.,0.));
#4496=DIRECTION('',(0.,0.,1.));
#4497=DIRECTION('center_axis',(0.,0.,1.));
#4498=DIRECTION('ref_axis',(1.,0.,0.));
#4499=DIRECTION('center_axis',(0.,0.,1.));
#4500=DIRECTION('ref_axis',(1.,0.,0.));
#4501=DIRECTION('center_axis',(0.,0.,1.));
#4502=DIRECTION('ref_axis',(1.,0.,0.));
#4503=DIRECTION('center_axis',(0.,0.,1.));
#4504=DIRECTION('ref_axis',(1.,0.,0.));
#4505=DIRECTION('center_axis',(0.,0.,1.));
#4506=DIRECTION('ref_axis',(0.337480609619395,0.94133248012109,0.));
#4507=DIRECTION('center_axis',(0.,0.,1.));
#4508=DIRECTION('ref_axis',(0.337480609619395,0.94133248012109,0.));
#4509=DIRECTION('',(0.,0.,-1.));
#4510=DIRECTION('center_axis',(0.,0.,1.));
#4511=DIRECTION('ref_axis',(1.,0.,0.));
#4512=DIRECTION('center_axis',(0.,0.,1.));
#4513=DIRECTION('ref_axis',(0.337480609619395,0.94133248012109,0.));
#4514=DIRECTION('center_axis',(0.,0.,-1.));
#4515=DIRECTION('ref_axis',(0.337480609619395,0.94133248012109,0.));
#4516=DIRECTION('center_axis',(0.,0.,-1.));
#4517=DIRECTION('ref_axis',(0.337480609619395,0.94133248012109,0.));
#4518=DIRECTION('center_axis',(0.94133248012109,-0.337480609619395,0.));
#4519=DIRECTION('ref_axis',(-0.337480609619395,-0.94133248012109,0.));
#4520=DIRECTION('center_axis',(0.,0.,1.));
#4521=DIRECTION('ref_axis',(1.,0.,0.));
#4522=DIRECTION('',(0.,0.,-1.));
#4523=DIRECTION('center_axis',(0.,0.,-1.));
#4524=DIRECTION('ref_axis',(1.,0.,0.));
#4525=DIRECTION('center_axis',(0.,0.,1.));
#4526=DIRECTION('ref_axis',(0.969788149647008,0.243948651982815,0.));
#4527=DIRECTION('center_axis',(0.,0.,-1.));
#4528=DIRECTION('ref_axis',(0.969788149647008,0.243948651982815,0.));
#4529=DIRECTION('center_axis',(0.,0.,-1.));
#4530=DIRECTION('ref_axis',(0.969788149647008,0.243948651982815,0.));
#4531=DIRECTION('center_axis',(0.243948651982815,-0.969788149647008,0.));
#4532=DIRECTION('ref_axis',(-0.969788149647008,-0.243948651982815,0.));
#4533=DIRECTION('center_axis',(0.,0.,1.));
#4534=DIRECTION('ref_axis',(1.,0.,0.));
#4535=DIRECTION('',(0.,0.,-1.));
#4536=DIRECTION('center_axis',(0.,0.,-1.));
#4537=DIRECTION('ref_axis',(1.,0.,0.));
#4538=DIRECTION('center_axis',(0.,0.,1.));
#4539=DIRECTION('ref_axis',(1.,0.,0.));
#4540=DIRECTION('',(1.11022302462516E-16,2.43086534291451E-63,-1.));
#4541=DIRECTION('',(-1.,9.86076131526265E-32,-1.11022302462516E-16));
#4542=DIRECTION('',(0.,0.,1.));
#4543=DIRECTION('',(1.,0.,0.));
#4544=DIRECTION('',(0.,0.,1.));
#4545=DIRECTION('',(1.,0.,0.));
#4546=CARTESIAN_POINT('',(0.,0.,0.));
#4547=CARTESIAN_POINT('',(0.,0.,0.));
#4548=CARTESIAN_POINT('Origin',(2.22044604925031E-15,0.,4.));
#4549=CARTESIAN_POINT('',(14.,-4.33012701892217,4.));
#4550=CARTESIAN_POINT('',(13.5738636363636,1.67372708200629,4.));
#4551=CARTESIAN_POINT('Origin',(32.5,-8.88178419700125E-15,4.));
#4552=CARTESIAN_POINT('',(14.,-7.59934207678533,4.));
#4553=CARTESIAN_POINT('',(14.,15.,4.));
#4554=CARTESIAN_POINT('',(12.5511363636364,1.42927940507396,4.));
#4555=CARTESIAN_POINT('Origin',(32.5,-8.88178419700125E-15,4.));
#4556=CARTESIAN_POINT('',(12.5,1.49999999999999,4.));
#4557=CARTESIAN_POINT('Origin',(10.5,0.,4.));
#4558=CARTESIAN_POINT('',(12.5,15.,4.));
#4559=CARTESIAN_POINT('',(12.5,7.5,4.));
#4560=CARTESIAN_POINT('',(13.5,15.,4.));
#4561=CARTESIAN_POINT('',(26.25,15.,4.));
#4562=CARTESIAN_POINT('',(13.5,1.80277563773198,4.));
#4563=CARTESIAN_POINT('',(13.5,7.5,4.));
#4564=CARTESIAN_POINT('Origin',(10.5,0.,4.));
#4565=CARTESIAN_POINT('Origin',(14.,-15.,0.));
#4566=CARTESIAN_POINT('',(14.,-4.33012701892217,0.));
#4567=CARTESIAN_POINT('',(14.,-4.33012701892217,0.));
#4568=CARTESIAN_POINT('',(14.,-7.59934207678533,0.));
#4569=CARTESIAN_POINT('',(14.,-8.75,0.));
#4570=CARTESIAN_POINT('',(14.,-7.59934207678532,0.));
#4571=CARTESIAN_POINT('Origin',(10.5,0.,0.));
#4572=CARTESIAN_POINT('',(13.5,1.80277563773198,5.5));
#4573=CARTESIAN_POINT('',(13.5,1.80277563773198,0.));
#4574=CARTESIAN_POINT('',(13.5738636363636,1.67372708200628,5.5));
#4575=CARTESIAN_POINT('Origin',(10.5,0.,5.5));
#4576=CARTESIAN_POINT('',(13.5738636363636,1.67372708200629,0.));
#4577=CARTESIAN_POINT('Origin',(13.5,15.,0.));
#4578=CARTESIAN_POINT('',(13.5,15.,5.5));
#4579=CARTESIAN_POINT('',(13.5,15.,0.));
#4580=CARTESIAN_POINT('',(13.5,6.24999999999999,5.5));
#4581=CARTESIAN_POINT('Origin',(32.5,-8.88178419700125E-15,0.));
#4582=CARTESIAN_POINT('',(52.5,-8.88178419700125E-15,0.));
#4583=CARTESIAN_POINT('Origin',(32.5,-8.88178419700125E-15,0.));
#4584=CARTESIAN_POINT('',(52.5,-8.88178419700125E-15,6.5));
#4585=CARTESIAN_POINT('',(52.5,-8.88178419700125E-15,0.));
#4586=CARTESIAN_POINT('',(12.5511363636364,1.42927940507396,6.5));
#4587=CARTESIAN_POINT('Origin',(32.5,-8.88178419700125E-15,6.5));
#4588=CARTESIAN_POINT('',(12.5511363636364,1.42927940507396,0.));
#4589=CARTESIAN_POINT('Origin',(52.5,15.,0.));
#4590=CARTESIAN_POINT('',(12.5,15.,6.5));
#4591=CARTESIAN_POINT('',(12.5,15.,0.));
#4592=CARTESIAN_POINT('',(52.5,15.,6.5));
#4593=CARTESIAN_POINT('',(12.5,15.,6.5));
#4594=CARTESIAN_POINT('',(52.5,15.,0.));
#4595=CARTESIAN_POINT('',(52.5,15.,0.));
#4596=CARTESIAN_POINT('',(51.5,15.,0.));
#4597=CARTESIAN_POINT('',(12.5,15.,0.));
#4598=CARTESIAN_POINT('',(51.5,15.,5.5));
#4599=CARTESIAN_POINT('',(51.5,15.,0.));
#4600=CARTESIAN_POINT('',(42.5,15.,5.5));
#4601=CARTESIAN_POINT('Origin',(32.5,-8.88178419700125E-15,10.));
#4602=CARTESIAN_POINT('',(45.5,-7.28974335810969E-15,5.5));
#4603=CARTESIAN_POINT('Origin',(32.5,-8.88178419700125E-15,5.5));
#4604=CARTESIAN_POINT('',(45.5,-1.04738250358928E-14,6.5));
#4605=CARTESIAN_POINT('',(45.5,-7.28974335810969E-15,10.));
#4606=CARTESIAN_POINT('Origin',(32.5,-8.88178419700125E-15,6.5));
#4607=CARTESIAN_POINT('Origin',(51.5,-8.88178419700125E-15,0.));
#4608=CARTESIAN_POINT('',(51.5,-8.88178419700125E-15,0.));
#4609=CARTESIAN_POINT('',(51.5,-1.25000000000001,0.));
#4610=CARTESIAN_POINT('',(51.5,-8.88178419700125E-15,5.5));
#4611=CARTESIAN_POINT('',(51.5,-8.88178419700125E-15,0.));
#4612=CARTESIAN_POINT('',(51.5,-1.25000000000001,5.5));
#4613=CARTESIAN_POINT('Origin',(32.5,-8.88178419700125E-15,0.));
#4614=CARTESIAN_POINT('Origin',(32.5,-8.88178419700125E-15,5.5));
#4615=CARTESIAN_POINT('Origin',(32.5,-8.88178419700125E-15,0.));
#4616=CARTESIAN_POINT('Origin',(32.5,-2.50000000000001,5.5));
#4617=CARTESIAN_POINT('Origin',(10.5,0.,0.));
#4618=CARTESIAN_POINT('',(12.5,1.49999999999999,6.5));
#4619=CARTESIAN_POINT('Origin',(10.5,0.,6.5));
#4620=CARTESIAN_POINT('',(12.5,1.49999999999999,0.));
#4621=CARTESIAN_POINT('Origin',(12.5,15.,0.));
#4622=CARTESIAN_POINT('',(12.5,-8.88178419700125E-15,6.5));
#4623=CARTESIAN_POINT('Origin',(52.5,-8.88178419700125E-15,0.));
#4624=CARTESIAN_POINT('',(52.5,15.,0.));
#4625=CARTESIAN_POINT('',(52.5,15.,6.5));
#4626=CARTESIAN_POINT('Origin',(32.5,-2.50000000000001,6.5));
#4627=CARTESIAN_POINT('Origin',(32.5,-2.50000000000001,0.));
#4628=CARTESIAN_POINT('Origin',(2.22044604925031E-15,0.,4.));
#4629=CARTESIAN_POINT('',(-14.,-7.59934207678531,4.));
#4630=CARTESIAN_POINT('',(-12.5511363636364,1.42927940507396,4.));
#4631=CARTESIAN_POINT('Origin',(-32.5,0.,4.));
#4632=CARTESIAN_POINT('',(-14.,-4.33012701892215,4.));
#4633=CARTESIAN_POINT('',(-14.,-15.,4.));
#4634=CARTESIAN_POINT('',(-13.5738636363636,1.67372708200629,4.));
#4635=CARTESIAN_POINT('Origin',(-32.5,0.,4.));
#4636=CARTESIAN_POINT('',(-13.5,1.802775637732,4.));
#4637=CARTESIAN_POINT('Origin',(-10.5,1.66533453693773E-15,4.));
#4638=CARTESIAN_POINT('',(-13.5,15.,4.));
#4639=CARTESIAN_POINT('',(-13.5,0.750000000000002,4.));
#4640=CARTESIAN_POINT('',(-12.5,15.,4.));
#4641=CARTESIAN_POINT('',(-6.25,15.,4.));
#4642=CARTESIAN_POINT('',(-12.5,1.5,4.));
#4643=CARTESIAN_POINT('',(-12.5,0.750000000000002,4.));
#4644=CARTESIAN_POINT('Origin',(-10.5,1.66533453693773E-15,4.));
#4645=CARTESIAN_POINT('Origin',(-14.,15.,0.));
#4646=CARTESIAN_POINT('',(-14.,-7.59934207678531,0.));
#4647=CARTESIAN_POINT('',(-14.,-7.59934207678531,0.));
#4648=CARTESIAN_POINT('',(-14.,-4.33012701892215,0.));
#4649=CARTESIAN_POINT('',(-14.,6.25,0.));
#4650=CARTESIAN_POINT('',(-14.,-4.33012701892215,0.));
#4651=CARTESIAN_POINT('Origin',(-32.5,0.,0.));
#4652=CARTESIAN_POINT('',(-12.5511363636364,1.42927940507396,6.5));
#4653=CARTESIAN_POINT('',(-12.5511363636364,1.42927940507396,0.));
#4654=CARTESIAN_POINT('',(-52.5,0.,6.5));
#4655=CARTESIAN_POINT('Origin',(-32.5,0.,6.5));
#4656=CARTESIAN_POINT('',(-52.5,0.,0.));
#4657=CARTESIAN_POINT('',(-52.5,0.,0.));
#4658=CARTESIAN_POINT('Origin',(-32.5,0.,0.));
#4659=CARTESIAN_POINT('Origin',(-10.5,1.66533453693773E-15,0.));
#4660=CARTESIAN_POINT('',(-12.5,1.5,6.5));
#4661=CARTESIAN_POINT('',(-12.5,1.5,0.));
#4662=CARTESIAN_POINT('Origin',(-10.5,1.66533453693773E-15,6.5));
#4663=CARTESIAN_POINT('Origin',(-12.5,1.5,0.));
#4664=CARTESIAN_POINT('',(-12.5,15.,6.5));
#4665=CARTESIAN_POINT('',(-12.5,15.,0.));
#4666=CARTESIAN_POINT('',(-12.5,15.,6.5));
#4667=CARTESIAN_POINT('Origin',(-12.5,15.,0.));
#4668=CARTESIAN_POINT('',(-13.5,15.,5.5));
#4669=CARTESIAN_POINT('',(-13.5,15.,0.));
#4670=CARTESIAN_POINT('',(-51.5,15.,5.5));
#4671=CARTESIAN_POINT('',(-22.5,15.,5.5));
#4672=CARTESIAN_POINT('',(-51.5,15.,0.));
#4673=CARTESIAN_POINT('',(-51.5,15.,0.));
#4674=CARTESIAN_POINT('',(-52.5,15.,0.));
#4675=CARTESIAN_POINT('',(-52.5,15.,0.));
#4676=CARTESIAN_POINT('',(-52.5,15.,6.5));
#4677=CARTESIAN_POINT('',(-52.5,15.,0.));
#4678=CARTESIAN_POINT('',(-52.5,15.,6.5));
#4679=CARTESIAN_POINT('Origin',(-32.5,0.,10.));
#4680=CARTESIAN_POINT('',(-19.5,1.59204083889156E-15,5.5));
#4681=CARTESIAN_POINT('Origin',(-32.5,0.,5.5));
#4682=CARTESIAN_POINT('',(-19.5,-1.59204083889156E-15,6.5));
#4683=CARTESIAN_POINT('',(-19.5,1.59204083889156E-15,10.));
#4684=CARTESIAN_POINT('Origin',(-32.5,0.,6.5));
#4685=CARTESIAN_POINT('Origin',(-51.5,15.,0.));
#4686=CARTESIAN_POINT('',(-51.5,0.,0.));
#4687=CARTESIAN_POINT('',(-51.5,6.25,0.));
#4688=CARTESIAN_POINT('',(-51.5,0.,5.5));
#4689=CARTESIAN_POINT('',(-51.5,6.25,5.5));
#4690=CARTESIAN_POINT('',(-51.5,0.,0.));
#4691=CARTESIAN_POINT('Origin',(-13.5,1.5,0.));
#4692=CARTESIAN_POINT('',(-13.5,1.802775637732,5.5));
#4693=CARTESIAN_POINT('',(-13.5,1.802775637732,0.));
#4694=CARTESIAN_POINT('',(-13.5,-0.499999999999998,5.5));
#4695=CARTESIAN_POINT('Origin',(-10.5,1.66533453693773E-15,0.));
#4696=CARTESIAN_POINT('',(-13.5738636363636,1.67372708200629,5.5));
#4697=CARTESIAN_POINT('',(-13.5738636363636,1.67372708200629,0.));
#4698=CARTESIAN_POINT('Origin',(-10.5,1.66533453693773E-15,5.5));
#4699=CARTESIAN_POINT('Origin',(-32.5,0.,0.));
#4700=CARTESIAN_POINT('Origin',(-32.5,0.,0.));
#4701=CARTESIAN_POINT('Origin',(-32.5,0.,5.5));
#4702=CARTESIAN_POINT('Origin',(-32.5,-2.5,5.5));
#4703=CARTESIAN_POINT('Origin',(-32.5,-2.5,0.));
#4704=CARTESIAN_POINT('',(-52.5,0.,0.));
#4705=CARTESIAN_POINT('Origin',(-52.5,15.,0.));
#4706=CARTESIAN_POINT('',(-52.5,0.,6.5));
#4707=CARTESIAN_POINT('Origin',(-32.5,-2.5,6.5));
#4708=CARTESIAN_POINT('Origin',(-45.,9.99999999999986,5.5));
#4709=CARTESIAN_POINT('',(-48.,9.99999999999986,5.5));
#4710=CARTESIAN_POINT('Origin',(-45.,9.99999999999986,5.5));
#4711=CARTESIAN_POINT('',(-44.,9.99999999999986,5.5));
#4712=CARTESIAN_POINT('Origin',(-45.,9.99999999999986,5.5));
#4713=CARTESIAN_POINT('Origin',(-45.,9.99999999999986,8.));
#4714=CARTESIAN_POINT('',(-44.,9.99999999999986,15.));
#4715=CARTESIAN_POINT('',(-44.,9.99999999999986,8.));
#4716=CARTESIAN_POINT('Origin',(-45.,9.99999999999986,15.));
#4717=CARTESIAN_POINT('Origin',(-45.,9.99999999999986,0.));
#4718=CARTESIAN_POINT('',(-48.,9.99999999999986,15.));
#4719=CARTESIAN_POINT('Origin',(-45.,9.99999999999986,15.));
#4720=CARTESIAN_POINT('',(-48.,9.99999999999986,0.));
#4721=CARTESIAN_POINT('Origin',(-45.,9.99999999999986,15.));
#4722=CARTESIAN_POINT('Origin',(45.,9.99999999999986,5.5));
#4723=CARTESIAN_POINT('',(42.,9.99999999999986,5.5));
#4724=CARTESIAN_POINT('Origin',(45.,9.99999999999986,5.5));
#4725=CARTESIAN_POINT('',(46.,9.99999999999986,5.5));
#4726=CARTESIAN_POINT('Origin',(45.,9.99999999999986,5.5));
#4727=CARTESIAN_POINT('Origin',(45.,9.99999999999986,8.));
#4728=CARTESIAN_POINT('',(46.,9.99999999999986,15.));
#4729=CARTESIAN_POINT('',(46.,9.99999999999986,8.));
#4730=CARTESIAN_POINT('Origin',(45.,9.99999999999986,15.));
#4731=CARTESIAN_POINT('Origin',(45.,9.99999999999986,0.));
#4732=CARTESIAN_POINT('',(42.,9.99999999999986,15.));
#4733=CARTESIAN_POINT('Origin',(45.,9.99999999999986,15.));
#4734=CARTESIAN_POINT('',(42.,9.99999999999986,0.));
#4735=CARTESIAN_POINT('Origin',(45.,9.99999999999986,15.));
#4736=CARTESIAN_POINT('Origin',(8.88178419700125E-15,-20.0000000000001,
8.));
#4737=CARTESIAN_POINT('',(1.00000000000001,-20.0000000000001,0.));
#4738=CARTESIAN_POINT('Origin',(8.88178419700125E-15,-20.0000000000001,
0.));
#4739=CARTESIAN_POINT('',(1.00000000000001,-20.0000000000001,15.));
#4740=CARTESIAN_POINT('',(1.00000000000001,-20.0000000000001,8.));
#4741=CARTESIAN_POINT('Origin',(8.88178419700125E-15,-20.0000000000001,
15.));
#4742=CARTESIAN_POINT('Origin',(8.88178419700125E-15,-20.0000000000001,
0.));
#4743=CARTESIAN_POINT('',(-2.99999999999999,-20.0000000000001,15.));
#4744=CARTESIAN_POINT('Origin',(8.88178419700125E-15,-20.0000000000001,
15.));
#4745=CARTESIAN_POINT('',(-2.99999999999999,-20.0000000000001,0.));
#4746=CARTESIAN_POINT('',(-2.99999999999999,-20.0000000000001,0.));
#4747=CARTESIAN_POINT('Origin',(8.88178419700125E-15,-20.0000000000001,
0.));
#4748=CARTESIAN_POINT('Origin',(8.88178419700125E-15,-20.0000000000001,
15.));
#4749=CARTESIAN_POINT('Origin',(8.88178419700125E-15,-20.0000000000001,
0.));
#4750=CARTESIAN_POINT('',(0.,0.,0.));
#4751=CARTESIAN_POINT('Origin',(10.5,0.,0.));
#4752=CARTESIAN_POINT('',(9.,-1.83697019872103E-16,0.));
#4753=CARTESIAN_POINT('',(9.,-1.83697019872103E-16,2.));
#4754=CARTESIAN_POINT('',(9.,-1.83697019872103E-16,0.));
#4755=CARTESIAN_POINT('',(12.,0.,0.));
#4756=CARTESIAN_POINT('Origin',(10.5,0.,0.));
#4757=CARTESIAN_POINT('',(12.,0.,2.));
#4758=CARTESIAN_POINT('',(12.,0.,0.));
#4759=CARTESIAN_POINT('Origin',(10.5,0.,2.));
#4760=CARTESIAN_POINT('Origin',(10.5,0.,4.));
#4761=CARTESIAN_POINT('',(11.375,1.07156594925393E-16,0.));
#4762=CARTESIAN_POINT('Origin',(10.5,0.,0.));
#4763=CARTESIAN_POINT('',(11.375,-1.07156594925393E-16,2.));
#4764=CARTESIAN_POINT('',(11.375,1.07156594925393E-16,4.));
#4765=CARTESIAN_POINT('Origin',(10.5,0.,2.));
#4766=CARTESIAN_POINT('Origin',(10.5,0.,0.));
#4767=CARTESIAN_POINT('Origin',(10.5,0.,2.));
#4768=CARTESIAN_POINT('Origin',(10.5,0.,0.));
#4769=CARTESIAN_POINT('Origin',(0.,0.,2.));
#4770=CARTESIAN_POINT('Origin',(0.,0.,0.));
#4771=CARTESIAN_POINT('Origin',(10.5,-13.,4.));
#4772=CARTESIAN_POINT('',(11.375,-13.,0.));
#4773=CARTESIAN_POINT('Origin',(10.5,-13.,0.));
#4774=CARTESIAN_POINT('',(11.375,-13.,2.));
#4775=CARTESIAN_POINT('',(11.375,-13.,4.));
#4776=CARTESIAN_POINT('Origin',(10.5,-13.,2.));
#4777=CARTESIAN_POINT('Origin',(10.5,-13.,0.));
#4778=CARTESIAN_POINT('',(12.,-13.,0.));
#4779=CARTESIAN_POINT('Origin',(10.5,-13.,0.));
#4780=CARTESIAN_POINT('',(12.,-13.,2.));
#4781=CARTESIAN_POINT('',(12.,-13.,0.));
#4782=CARTESIAN_POINT('Origin',(10.5,-13.,2.));
#4783=CARTESIAN_POINT('Origin',(0.,0.,2.));
#4784=CARTESIAN_POINT('Origin',(0.,0.,0.));
#4785=CARTESIAN_POINT('Origin',(0.,0.,0.));
#4786=CARTESIAN_POINT('',(-12.,1.83697019872103E-16,0.));
#4787=CARTESIAN_POINT('Origin',(-10.5,0.,0.));
#4788=CARTESIAN_POINT('',(-9.625,1.07156594925393E-16,0.));
#4789=CARTESIAN_POINT('Origin',(-10.5,0.,0.));
#4790=CARTESIAN_POINT('Origin',(0.,0.,2.));
#4791=CARTESIAN_POINT('',(-12.,0.,2.));
#4792=CARTESIAN_POINT('Origin',(-10.5,0.,2.));
#4793=CARTESIAN_POINT('',(-9.625,-1.07156594925393E-16,2.));
#4794=CARTESIAN_POINT('Origin',(-10.5,0.,2.));
#4795=CARTESIAN_POINT('Origin',(-10.5,0.,0.));
#4796=CARTESIAN_POINT('',(-12.,1.83697019872103E-16,0.));
#4797=CARTESIAN_POINT('Origin',(-10.5,0.,4.));
#4798=CARTESIAN_POINT('',(-9.625,1.07156594925393E-16,4.));
#4799=CARTESIAN_POINT('Origin',(-10.5,-13.,4.));
#4800=CARTESIAN_POINT('',(-9.625,-13.,0.));
#4801=CARTESIAN_POINT('Origin',(-10.5,-13.,0.));
#4802=CARTESIAN_POINT('',(-9.625,-13.,2.));
#4803=CARTESIAN_POINT('',(-9.625,-13.,4.));
#4804=CARTESIAN_POINT('Origin',(-10.5,-13.,2.));
#4805=CARTESIAN_POINT('Origin',(-10.5,-13.,0.));
#4806=CARTESIAN_POINT('',(-12.,-13.,0.));
#4807=CARTESIAN_POINT('Origin',(-10.5,-13.,0.));
#4808=CARTESIAN_POINT('',(-12.,-13.,2.));
#4809=CARTESIAN_POINT('',(-12.,-13.,0.));
#4810=CARTESIAN_POINT('Origin',(-10.5,-13.,2.));
#4811=CARTESIAN_POINT('Origin',(0.,0.,2.));
#4812=CARTESIAN_POINT('Origin',(0.,0.,0.));
#4813=CARTESIAN_POINT('Origin',(0.,0.,0.));
#4814=CARTESIAN_POINT('',(-32.5,24.,0.));
#4815=CARTESIAN_POINT('',(-32.5,-24.,0.));
#4816=CARTESIAN_POINT('Origin',(-32.5,0.,0.));
#4817=CARTESIAN_POINT('',(32.5,24.,0.));
#4818=CARTESIAN_POINT('',(32.5,24.,0.));
#4819=CARTESIAN_POINT('',(32.5,-24.,0.));
#4820=CARTESIAN_POINT('Origin',(32.5,0.,0.));
#4821=CARTESIAN_POINT('',(-32.5,-24.,0.));
#4822=CARTESIAN_POINT('',(20.5,-21.5,0.));
#4823=CARTESIAN_POINT('Origin',(19.,-21.5,0.));
#4824=CARTESIAN_POINT('',(-17.5,21.5,0.));
#4825=CARTESIAN_POINT('Origin',(-19.,21.5,0.));
#4826=CARTESIAN_POINT('',(20.5,21.5,0.));
#4827=CARTESIAN_POINT('Origin',(19.,21.5,0.));
#4828=CARTESIAN_POINT('',(-17.5,-21.5,0.));
#4829=CARTESIAN_POINT('Origin',(-19.,-21.5,0.));
#4830=CARTESIAN_POINT('',(16.75,-1.92881870865708E-15,0.));
#4831=CARTESIAN_POINT('Origin',(32.5,0.,0.));
#4832=CARTESIAN_POINT('',(-49.,-2.02066721859313E-15,0.));
#4833=CARTESIAN_POINT('Origin',(-32.5,0.,0.));
#4834=CARTESIAN_POINT('',(12.,-15.0000000298023,0.));
#4835=CARTESIAN_POINT('',(12.,-13.,0.));
#4836=CARTESIAN_POINT('',(12.,-7.50000001490116,0.));
#4837=CARTESIAN_POINT('',(12.,0.,0.));
#4838=CARTESIAN_POINT('',(12.,-6.5,0.));
#4839=CARTESIAN_POINT('',(12.,9.99999997019768,0.));
#4840=CARTESIAN_POINT('',(12.,0.,0.));
#4841=CARTESIAN_POINT('',(-12.,9.99999997019768,0.));
#4842=CARTESIAN_POINT('',(6.,9.99999997019768,0.));
#4843=CARTESIAN_POINT('',(-12.,1.83697019872103E-16,0.));
#4844=CARTESIAN_POINT('',(-12.,4.99999998509884,0.));
#4845=CARTESIAN_POINT('',(-12.,-13.,0.));
#4846=CARTESIAN_POINT('',(-12.,0.,0.));
#4847=CARTESIAN_POINT('',(-12.,-15.0000000298023,0.));
#4848=CARTESIAN_POINT('',(-12.,-6.5,0.));
#4849=CARTESIAN_POINT('',(-6.,-15.0000000298023,0.));
#4850=CARTESIAN_POINT('Origin',(0.,0.,2.));
#4851=CARTESIAN_POINT('',(-32.5,24.,2.));
#4852=CARTESIAN_POINT('',(-32.5,-24.,2.));
#4853=CARTESIAN_POINT('Origin',(-32.5,0.,2.));
#4854=CARTESIAN_POINT('',(32.5,-24.,2.));
#4855=CARTESIAN_POINT('',(-32.5,-24.,2.));
#4856=CARTESIAN_POINT('',(32.5,24.,2.));
#4857=CARTESIAN_POINT('Origin',(32.5,0.,2.));
#4858=CARTESIAN_POINT('',(32.5,24.,2.));
#4859=CARTESIAN_POINT('',(20.5,-21.5,2.));
#4860=CARTESIAN_POINT('Origin',(19.,-21.5,2.));
#4861=CARTESIAN_POINT('',(-17.5,21.5,2.));
#4862=CARTESIAN_POINT('Origin',(-19.,21.5,2.));
#4863=CARTESIAN_POINT('',(20.5,21.5,2.));
#4864=CARTESIAN_POINT('Origin',(19.,21.5,2.));
#4865=CARTESIAN_POINT('',(-17.5,-21.5,2.));
#4866=CARTESIAN_POINT('Origin',(-19.,-21.5,2.));
#4867=CARTESIAN_POINT('',(-49.,-2.02066721859313E-15,2.));
#4868=CARTESIAN_POINT('Origin',(-32.5,0.,2.));
#4869=CARTESIAN_POINT('',(16.75,-1.92881870865708E-15,2.));
#4870=CARTESIAN_POINT('Origin',(32.5,0.,2.));
#4871=CARTESIAN_POINT('',(-1.23124142890996,20.8246914446359,2.));
#4872=CARTESIAN_POINT('',(-1.23124142890999,20.0661648213868,2.));
#4873=CARTESIAN_POINT('',(-1.2312414289103,10.2227140665057,2.));
#4874=CARTESIAN_POINT('',(-1.47680779701302,20.0661648213868,2.));
#4875=CARTESIAN_POINT('',(-0.677012306480388,20.0661648213868,2.));
#4876=CARTESIAN_POINT('',(-1.47680779701297,21.5150053203111,2.));
#4877=CARTESIAN_POINT('',(-1.47680779701332,10.3952925354245,2.));
#4878=CARTESIAN_POINT('',(-1.2557985425574,21.5150053203111,2.));
#4879=CARTESIAN_POINT('',(-0.683151584892161,21.5150053203111,2.));
#4880=CARTESIAN_POINT('',(-1.25579854255741,21.295359820128,2.));
#4881=CARTESIAN_POINT('',(-1.25579854255774,10.7025912851098,2.));
#4882=CARTESIAN_POINT('',(-1.10027333503787,21.4986343085771,2.));
#4883=CARTESIAN_POINT('Ctrl Pts',(-1.25579854255741,21.295359820128,2.));
#4884=CARTESIAN_POINT('Ctrl Pts',(-1.2312136715064,21.3399601981373,2.));
#4885=CARTESIAN_POINT('Ctrl Pts',(-1.1894457920806,21.4157329450097,2.));
#4886=CARTESIAN_POINT('Ctrl Pts',(-1.12626532826025,21.4744702140637,2.));
#4887=CARTESIAN_POINT('Ctrl Pts',(-1.10027333503787,21.4986343085771,2.));
#4888=CARTESIAN_POINT('',(-0.942019426880523,21.5477473437791,2.));
#4889=CARTESIAN_POINT('Ctrl Pts',(-1.10027333503787,21.4986343085771,2.));
#4890=CARTESIAN_POINT('Ctrl Pts',(-1.07566784224154,21.5129588602148,2.));
#4891=CARTESIAN_POINT('Ctrl Pts',(-1.02667780885246,21.5414793319981,2.));
#4892=CARTESIAN_POINT('Ctrl Pts',(-0.970153910526343,21.5456642981215,2.));
#4893=CARTESIAN_POINT('Ctrl Pts',(-0.942019426880523,21.5477473437791,2.));
#4894=CARTESIAN_POINT('',(-0.689631903229402,21.4686203897004,2.));
#4895=CARTESIAN_POINT('Ctrl Pts',(-0.942019426880523,21.5477473437791,2.));
#4896=CARTESIAN_POINT('Ctrl Pts',(-0.899479560966663,21.5438254193507,2.));
#4897=CARTESIAN_POINT('Ctrl Pts',(-0.809815746818721,21.5355589451742,2.));
#4898=CARTESIAN_POINT('Ctrl Pts',(-0.731035732967169,21.4916809981063,2.));
#4899=CARTESIAN_POINT('Ctrl Pts',(-0.689631903229402,21.4686203897004,2.));
#4900=CARTESIAN_POINT('',(-0.77421566253727,21.2407896816735,2.));
#4901=CARTESIAN_POINT('',(-4.17144912991309,12.0901665296845,2.));
#4902=CARTESIAN_POINT('',(-0.95429798370426,21.2939954698091,2.));
#4903=CARTESIAN_POINT('Ctrl Pts',(-0.77421566253727,21.2407896816735,2.));
#4904=CARTESIAN_POINT('Ctrl Pts',(-0.803589372217572,21.2563009046077,2.));
#4905=CARTESIAN_POINT('Ctrl Pts',(-0.860109147523498,21.2861470100026,2.));
#4906=CARTESIAN_POINT('Ctrl Pts',(-0.923737646298985,21.2914489729043,2.));
#4907=CARTESIAN_POINT('Ctrl Pts',(-0.95429798370426,21.2939954698091,2.));
#4908=CARTESIAN_POINT('',(-1.09890838867252,21.244882434607,2.));
#4909=CARTESIAN_POINT('Ctrl Pts',(-0.95429798370426,21.2939954698091,2.));
#4910=CARTESIAN_POINT('Ctrl Pts',(-0.980455911934213,21.2919414549175,2.));
#4911=CARTESIAN_POINT('Ctrl Pts',(-1.03282070189234,21.2878295826995,2.));
#4912=CARTESIAN_POINT('Ctrl Pts',(-1.07686544020177,21.259207066297,2.));
#4913=CARTESIAN_POINT('Ctrl Pts',(-1.09890838867252,21.244882434607,2.));
#4914=CARTESIAN_POINT('',(-1.19031330352849,21.1111853420739,2.));
#4915=CARTESIAN_POINT('Ctrl Pts',(-1.09890838867252,21.244882434607,2.));
#4916=CARTESIAN_POINT('Ctrl Pts',(-1.11888172977425,21.2269370144698,2.));
#4917=CARTESIAN_POINT('Ctrl Pts',(-1.16016334765882,21.1898467763813,2.));
#4918=CARTESIAN_POINT('Ctrl Pts',(-1.18004896919664,21.1379650582448,2.));
#4919=CARTESIAN_POINT('Ctrl Pts',(-1.19031330352849,21.1111853420739,2.));
#4920=CARTESIAN_POINT('Ctrl Pts',(-1.19031330352849,21.1111853420739,2.));
#4921=CARTESIAN_POINT('Ctrl Pts',(-1.20224747327791,21.0657301417654,2.));
#4922=CARTESIAN_POINT('Ctrl Pts',(-1.2269001718943,20.9718322521525,2.));
#4923=CARTESIAN_POINT('Ctrl Pts',(-1.22976397134726,20.8747677930444,2.));
#4924=CARTESIAN_POINT('Ctrl Pts',(-1.23124142890996,20.8246914446359,2.));
#4925=CARTESIAN_POINT('',(0.0443385004418184,20.0334227979188,2.));
#4926=CARTESIAN_POINT('',(-0.448157990036693,20.2285111844544,2.));
#4927=CARTESIAN_POINT('Ctrl Pts',(0.0443385004418184,20.0334227979188,2.));
#4928=CARTESIAN_POINT('Ctrl Pts',(-0.0511409835783949,20.0404418268594,
2.));
#4929=CARTESIAN_POINT('Ctrl Pts',(-0.236090740490829,20.0540381267309,2.));
#4930=CARTESIAN_POINT('Ctrl Pts',(-0.3790168464333,20.1716270273542,2.));
#4931=CARTESIAN_POINT('Ctrl Pts',(-0.448157990036693,20.2285111844544,2.));
#4932=CARTESIAN_POINT('',(-0.635061466751763,20.7905850708489,2.));
#4933=CARTESIAN_POINT('Ctrl Pts',(-0.448157990036693,20.2285111844544,2.));
#4934=CARTESIAN_POINT('Ctrl Pts',(-0.502568329823738,20.3051670095212,2.));
#4935=CARTESIAN_POINT('Ctrl Pts',(-0.62145229681537,20.4726562884454,2.));
#4936=CARTESIAN_POINT('Ctrl Pts',(-0.630276104286196,20.6787924729795,2.));
#4937=CARTESIAN_POINT('Ctrl Pts',(-0.635061466751763,20.7905850708489,2.));
#4938=CARTESIAN_POINT('',(-0.411323511658359,21.3867650330071,2.));
#4939=CARTESIAN_POINT('Ctrl Pts',(-0.635061466751763,20.7905850708489,2.));
#4940=CARTESIAN_POINT('Ctrl Pts',(-0.629465325616629,20.9125329012549,2.));
#4941=CARTESIAN_POINT('Ctrl Pts',(-0.619172392972838,21.1368304616838,2.));
#4942=CARTESIAN_POINT('Ctrl Pts',(-0.476449650799657,21.3084520126758,2.));
#4943=CARTESIAN_POINT('Ctrl Pts',(-0.411323511658359,21.3867650330071,2.));
#4944=CARTESIAN_POINT('',(0.044338500441865,21.5477473437791,2.));
#4945=CARTESIAN_POINT('Ctrl Pts',(-0.411323511658359,21.3867650330071,2.));
#4946=CARTESIAN_POINT('Ctrl Pts',(-0.344601338309358,21.4337108939165,2.));
#4947=CARTESIAN_POINT('Ctrl Pts',(-0.207936871242957,21.5298682991706,2.));
#4948=CARTESIAN_POINT('Ctrl Pts',(-0.0410639233564081,21.5416947761639,
2.));
#4949=CARTESIAN_POINT('Ctrl Pts',(0.044338500441865,21.5477473437791,2.));
#4950=CARTESIAN_POINT('',(0.532742536010098,21.3512946069245,2.));
#4951=CARTESIAN_POINT('Ctrl Pts',(0.044338500441865,21.5477473437791,2.));
#4952=CARTESIAN_POINT('Ctrl Pts',(0.138531094909122,21.540426099448,2.));
#4953=CARTESIAN_POINT('Ctrl Pts',(0.322249579603107,21.5261463365623,2.));
#4954=CARTESIAN_POINT('Ctrl Pts',(0.463776544251768,21.4085830936794,2.));
#4955=CARTESIAN_POINT('Ctrl Pts',(0.532742536010098,21.3512946069245,2.));
#4956=CARTESIAN_POINT('',(0.72237352127009,20.8110488355164,2.));
#4957=CARTESIAN_POINT('Ctrl Pts',(0.532742536010098,21.3512946069245,2.));
#4958=CARTESIAN_POINT('Ctrl Pts',(0.587986986263338,21.2766273201881,2.));
#4959=CARTESIAN_POINT('Ctrl Pts',(0.70630338376924,21.1167132593605,2.));
#4960=CARTESIAN_POINT('Ctrl Pts',(0.716785649203968,20.9173337814613,2.));
#4961=CARTESIAN_POINT('Ctrl Pts',(0.72237352127009,20.8110488355164,2.));
#4962=CARTESIAN_POINT('',(0.637789761962213,20.3703940808777,2.));
#4963=CARTESIAN_POINT('Ctrl Pts',(0.72237352127009,20.8110488355164,2.));
#4964=CARTESIAN_POINT('Ctrl Pts',(0.720698382800145,20.7266106161316,2.));
#4965=CARTESIAN_POINT('Ctrl Pts',(0.717681679150861,20.5745485095494,2.));
#4966=CARTESIAN_POINT('Ctrl Pts',(0.662382144494214,20.4332370314811,2.));
#4967=CARTESIAN_POINT('Ctrl Pts',(0.637789761962213,20.3703940808777,2.));
#4968=CARTESIAN_POINT('',(0.39358714813164,20.1220993101601,2.));
#4969=CARTESIAN_POINT('Ctrl Pts',(0.637789761962213,20.3703940808777,2.));
#4970=CARTESIAN_POINT('Ctrl Pts',(0.606662334595747,20.3200631530335,2.));
#4971=CARTESIAN_POINT('Ctrl Pts',(0.544060387512002,20.2188400726777,2.));
#4972=CARTESIAN_POINT('Ctrl Pts',(0.443929950118636,20.1544652050631,2.));
#4973=CARTESIAN_POINT('Ctrl Pts',(0.39358714813164,20.1220993101601,2.));
#4974=CARTESIAN_POINT('Ctrl Pts',(0.39358714813164,20.1220993101601,2.));
#4975=CARTESIAN_POINT('Ctrl Pts',(0.338823259364818,20.0962361584375,2.));
#4976=CARTESIAN_POINT('Ctrl Pts',(0.228198129739638,20.0439916123277,2.));
#4977=CARTESIAN_POINT('Ctrl Pts',(0.106028998027321,20.0369689565957,2.));
#4978=CARTESIAN_POINT('Ctrl Pts',(0.0443385004418184,20.0334227979188,2.));
#4979=CARTESIAN_POINT('',(-2.87107845550603,20.9747595489031,2.));
#4980=CARTESIAN_POINT('',(-2.87107845550606,20.0661648213869,2.));
#4981=CARTESIAN_POINT('',(-2.87107845550637,10.2602310925725,2.));
#4982=CARTESIAN_POINT('',(-3.13574334388802,20.0661648213869,2.));
#4983=CARTESIAN_POINT('',(-1.50170544984818,20.0661648213868,2.));
#4984=CARTESIAN_POINT('',(-3.13574334388795,22.0661648511892,2.));
#4985=CARTESIAN_POINT('',(-3.13574334388832,10.5330824181441,2.));
#4986=CARTESIAN_POINT('',(-1.78649445777955,22.0661648511892,2.));
#4987=CARTESIAN_POINT('',(-1.23055945041651,22.0661648511891,2.));
#4988=CARTESIAN_POINT('',(-1.78649445777956,21.8301484882837,2.));
#4989=CARTESIAN_POINT('',(-1.7864944577799,10.9740783348682,2.));
#4990=CARTESIAN_POINT('',(-2.871078455506,21.8301484882837,2.));
#4991=CARTESIAN_POINT('',(-1.16439322832103,21.8301484882836,2.));
#4992=CARTESIAN_POINT('',(-2.87107845550602,21.2107760608202,2.));
#4993=CARTESIAN_POINT('',(-2.87107845550635,10.760231137276,2.));
#4994=CARTESIAN_POINT('',(-1.9324698091132,21.2107760608201,2.));
#4995=CARTESIAN_POINT('',(-1.20088706615445,21.2107760608201,2.));
#4996=CARTESIAN_POINT('',(-1.93246980911321,20.974759548903,2.));
#4997=CARTESIAN_POINT('',(-1.93246980911354,10.5463839024308,2.));
#4998=CARTESIAN_POINT('',(-1.20088706615446,20.974759548903,2.));
#4999=CARTESIAN_POINT('',(1.25579813713008,20.8574334681038,2.));
#5000=CARTESIAN_POINT('',(1.25579813713005,20.0661648213867,2.));
#5001=CARTESIAN_POINT('',(1.25579813712974,10.2308995723726,2.));
#5002=CARTESIAN_POINT('',(1.01023176902702,20.0661648213868,2.));
#5003=CARTESIAN_POINT('',(0.566507476539631,20.0661648213868,2.));
#5004=CARTESIAN_POINT('',(1.01023176902707,21.515005320311,2.));
#5005=CARTESIAN_POINT('',(1.01023176902672,10.3952925354244,2.));
#5006=CARTESIAN_POINT('',(1.23124102348264,21.515005320311,2.));
#5007=CARTESIAN_POINT('',(0.560368198127859,21.515005320311,2.));
#5008=CARTESIAN_POINT('',(1.23124102348263,21.3090024292473,2.));
#5009=CARTESIAN_POINT('',(1.23124102348229,10.7060019373896,2.));
#5010=CARTESIAN_POINT('',(1.69236043685849,21.547747343779,2.));
#5011=CARTESIAN_POINT('Ctrl Pts',(1.23124102348263,21.3090024292473,2.));
#5012=CARTESIAN_POINT('Ctrl Pts',(1.29107341703,21.3786321553737,2.));
#5013=CARTESIAN_POINT('Ctrl Pts',(1.4125091358469,21.5199525228513,2.));
#5014=CARTESIAN_POINT('Ctrl Pts',(1.59817413464431,21.5383927637059,2.));
#5015=CARTESIAN_POINT('Ctrl Pts',(1.69236043685849,21.547747343779,2.));
#5016=CARTESIAN_POINT('',(1.93246940368588,21.4999983608727,2.));
#5017=CARTESIAN_POINT('Ctrl Pts',(1.69236043685849,21.547747343779,2.));
#5018=CARTESIAN_POINT('Ctrl Pts',(1.73463932668161,21.5459595804196,2.));
#5019=CARTESIAN_POINT('Ctrl Pts',(1.81717973172279,21.5424693584099,2.));
#5020=CARTESIAN_POINT('Ctrl Pts',(1.89467083447436,21.5139227906378,2.));
#5021=CARTESIAN_POINT('Ctrl Pts',(1.93246940368588,21.4999983608727,2.));
#5022=CARTESIAN_POINT('',(2.09754327529843,21.3772154748444,2.));
#5023=CARTESIAN_POINT('Ctrl Pts',(1.93246940368588,21.4999983608727,2.));
#5024=CARTESIAN_POINT('Ctrl Pts',(1.96628829485523,21.4842061911454,2.));
#5025=CARTESIAN_POINT('Ctrl Pts',(2.02984027596094,21.4545297695531,2.));
#5026=CARTESIAN_POINT('Ctrl Pts',(2.07596405210895,21.4018581411602,2.));
#5027=CARTESIAN_POINT('Ctrl Pts',(2.09754327529843,21.3772154748444,2.));
#5028=CARTESIAN_POINT('',(2.17394212478573,21.1957691013817,2.));
#5029=CARTESIAN_POINT('Ctrl Pts',(2.09754327529843,21.3772154748444,2.));
#5030=CARTESIAN_POINT('Ctrl Pts',(2.11448375666916,21.349990544676,2.));
#5031=CARTESIAN_POINT('Ctrl Pts',(2.14957184869863,21.2936007152291,2.));
#5032=CARTESIAN_POINT('Ctrl Pts',(2.1656344992686,21.2291190892388,2.));
#5033=CARTESIAN_POINT('Ctrl Pts',(2.17394212478573,21.1957691013817,2.));
#5034=CARTESIAN_POINT('',(2.18758443588191,20.95702418685,2.));
#5035=CARTESIAN_POINT('Ctrl Pts',(2.17394212478573,21.1957691013817,2.));
#5036=CARTESIAN_POINT('Ctrl Pts',(2.17787859397947,21.164539808171,2.));
#5037=CARTESIAN_POINT('Ctrl Pts',(2.18786452985642,21.0853181239316,2.));
#5038=CARTESIAN_POINT('Ctrl Pts',(2.18769010327383,21.0054239632273,2.));
#5039=CARTESIAN_POINT('Ctrl Pts',(2.18758443588191,20.95702418685,2.));
#5040=CARTESIAN_POINT('',(2.18758443588188,20.0661648213867,2.));
#5041=CARTESIAN_POINT('',(2.18758443588157,10.2557972520591,2.));
#5042=CARTESIAN_POINT('',(1.94201806777885,20.0661648213867,2.));
#5043=CARTESIAN_POINT('',(1.03240062591555,20.0661648213868,2.));
#5044=CARTESIAN_POINT('',(1.94201806777888,20.9474743306641,2.));
#5045=CARTESIAN_POINT('',(1.94201806777854,10.2534097880127,2.));
#5046=CARTESIAN_POINT('',(1.91336969131405,21.1712125837807,2.));
#5047=CARTESIAN_POINT('Ctrl Pts',(1.94201806777888,20.9474743306641,2.));
#5048=CARTESIAN_POINT('Ctrl Pts',(1.94179692198455,20.9914382890261,2.));
#5049=CARTESIAN_POINT('Ctrl Pts',(1.94141522445431,21.0673200591396,2.));
#5050=CARTESIAN_POINT('Ctrl Pts',(1.92167354585367,21.1404515920727,2.));
#5051=CARTESIAN_POINT('Ctrl Pts',(1.91336969131405,21.1712125837807,2.));
#5052=CARTESIAN_POINT('',(1.81104997390682,21.2899030148987,2.));
#5053=CARTESIAN_POINT('Ctrl Pts',(1.91336969131405,21.1712125837807,2.));
#5054=CARTESIAN_POINT('Ctrl Pts',(1.90173636276755,21.1950382908329,2.));
#5055=CARTESIAN_POINT('Ctrl Pts',(1.87805674469986,21.243535472094,2.));
#5056=CARTESIAN_POINT('Ctrl Pts',(1.8336437445156,21.2742685109012,2.));
#5057=CARTESIAN_POINT('Ctrl Pts',(1.81104997390682,21.2899030148987,2.));
#5058=CARTESIAN_POINT('',(1.64051870101864,21.3349232971672,2.));
#5059=CARTESIAN_POINT('Ctrl Pts',(1.81104997390682,21.2899030148987,2.));
#5060=CARTESIAN_POINT('Ctrl Pts',(1.78529278804878,21.3030287535212,2.));
#5061=CARTESIAN_POINT('Ctrl Pts',(1.73175978803895,21.3303089140823,2.));
#5062=CARTESIAN_POINT('Ctrl Pts',(1.67168746792557,21.3333469828609,2.));
#5063=CARTESIAN_POINT('Ctrl Pts',(1.64051870101864,21.3349232971672,2.));
#5064=CARTESIAN_POINT('',(1.36903146499569,21.235332578421,2.));
#5065=CARTESIAN_POINT('Ctrl Pts',(1.64051870101864,21.3349232971672,2.));
#5066=CARTESIAN_POINT('Ctrl Pts',(1.59015995950664,21.3309257192231,2.));
#5067=CARTESIAN_POINT('Ctrl Pts',(1.49034462892039,21.3230021780055,2.));
#5068=CARTESIAN_POINT('Ctrl Pts',(1.40922479346073,21.2643791624726,2.));
#5069=CARTESIAN_POINT('Ctrl Pts',(1.36903146499569,21.235332578421,2.));
#5070=CARTESIAN_POINT('Ctrl Pts',(1.36903146499569,21.235332578421,2.));
#5071=CARTESIAN_POINT('Ctrl Pts',(1.33623489920365,21.1887614267003,2.));
#5072=CARTESIAN_POINT('Ctrl Pts',(1.25733427127694,21.0767224669708,2.));
#5073=CARTESIAN_POINT('Ctrl Pts',(1.25636469206589,20.93831134256,2.));
#5074=CARTESIAN_POINT('Ctrl Pts',(1.25579813713008,20.8574334681038,2.));
#5075=CARTESIAN_POINT('',(2.90791252845696,20.2939955294136,2.));
#5076=CARTESIAN_POINT('',(2.99249628776482,20.2762604653839,2.));
#5077=CARTESIAN_POINT('Ctrl Pts',(2.90791252845696,20.2939955294136,2.));
#5078=CARTESIAN_POINT('Ctrl Pts',(2.91980068706272,20.2888407324736,2.));
#5079=CARTESIAN_POINT('Ctrl Pts',(2.94669762488136,20.2771780135142,2.));
#5080=CARTESIAN_POINT('Ctrl Pts',(2.97609322708109,20.2765890906475,2.));
#5081=CARTESIAN_POINT('Ctrl Pts',(2.99249628776482,20.2762604653839,2.));
#5082=CARTESIAN_POINT('',(3.10027221435479,20.2858100235466,2.));
#5083=CARTESIAN_POINT('Ctrl Pts',(2.99249628776482,20.2762604653839,2.));
#5084=CARTESIAN_POINT('Ctrl Pts',(3.0083188402877,20.276821930932,2.));
#5085=CARTESIAN_POINT('Ctrl Pts',(3.04440473871672,20.278102444219,2.));
#5086=CARTESIAN_POINT('Ctrl Pts',(3.08018211381992,20.2830383564576,2.));
#5087=CARTESIAN_POINT('Ctrl Pts',(3.10027221435479,20.2858100235466,2.));
#5088=CARTESIAN_POINT('',(3.13574293846062,20.0688932240013,2.));
#5089=CARTESIAN_POINT('',(4.68416524881158,10.5997092596778,2.));
#5090=CARTESIAN_POINT('',(2.95020440811089,20.0470651090149,2.));
#5091=CARTESIAN_POINT('Ctrl Pts',(3.13574293846062,20.0688932240013,2.));
#5092=CARTESIAN_POINT('Ctrl Pts',(3.10310352796425,20.0625347114209,2.));
#5093=CARTESIAN_POINT('Ctrl Pts',(3.04179083519225,20.0505903312254,2.));
#5094=CARTESIAN_POINT('Ctrl Pts',(2.97938766111149,20.0481883917428,2.));
#5095=CARTESIAN_POINT('Ctrl Pts',(2.95020440811089,20.0470651090149,2.));
#5096=CARTESIAN_POINT('',(2.74283746475151,20.089357286692,2.));
#5097=CARTESIAN_POINT('Ctrl Pts',(2.95020440811089,20.0470651090149,2.));
#5098=CARTESIAN_POINT('Ctrl Pts',(2.91003693868218,20.0478378810878,2.));
#5099=CARTESIAN_POINT('Ctrl Pts',(2.83812253386224,20.0492214246488,2.));
#5100=CARTESIAN_POINT('Ctrl Pts',(2.77201911459942,20.0770654272914,2.));
#5101=CARTESIAN_POINT('Ctrl Pts',(2.74283746475151,20.089357286692,2.));
#5102=CARTESIAN_POINT('',(2.63915399307183,20.1998619139198,2.));
#5103=CARTESIAN_POINT('Ctrl Pts',(2.74283746475151,20.089357286692,2.));
#5104=CARTESIAN_POINT('Ctrl Pts',(2.72029340279158,20.1041073076519,2.));
#5105=CARTESIAN_POINT('Ctrl Pts',(2.67674069890356,20.1326027623019,2.));
#5106=CARTESIAN_POINT('Ctrl Pts',(2.65138492837985,20.1779753901049,2.));
#5107=CARTESIAN_POINT('Ctrl Pts',(2.63915399307183,20.1998619139198,2.));
#5108=CARTESIAN_POINT('',(2.60913947814874,20.4904485642914,2.));
#5109=CARTESIAN_POINT('Ctrl Pts',(2.63915399307183,20.1998619139198,2.));
#5110=CARTESIAN_POINT('Ctrl Pts',(2.63052590436041,20.2355337924021,2.));
#5111=CARTESIAN_POINT('Ctrl Pts',(2.60748952296529,20.3307751633805,2.));
#5112=CARTESIAN_POINT('Ctrl Pts',(2.6085045938085,20.4290080216582,2.));
#5113=CARTESIAN_POINT('Ctrl Pts',(2.60913947814874,20.4904485642914,2.));
#5114=CARTESIAN_POINT('',(2.60913947814877,21.3240093886856,2.));
#5115=CARTESIAN_POINT('',(2.60913947814842,10.4536144882442,2.));
#5116=CARTESIAN_POINT('',(2.42905834907467,21.3240093886856,2.));
#5117=CARTESIAN_POINT('',(1.25954945680612,21.3240093886856,2.));
#5118=CARTESIAN_POINT('',(2.42905834907468,21.515005320311,2.));
#5119=CARTESIAN_POINT('',(2.42905834907433,10.7097536772491,2.));
#5120=CARTESIAN_POINT('',(2.60913947814877,21.515005320311,2.));
#5121=CARTESIAN_POINT('',(1.25954945680613,21.515005320311,2.));
#5122=CARTESIAN_POINT('',(2.60913947814879,21.8738044202331,2.));
#5123=CARTESIAN_POINT('',(2.60913947814843,10.847202435136,2.));
#5124=CARTESIAN_POINT('',(2.85334209197936,22.0211441218857,2.));
#5125=CARTESIAN_POINT('',(-3.12392252448271,18.4147601791704,2.));
#5126=CARTESIAN_POINT('',(2.85334209197934,21.515005320311,2.));
#5127=CARTESIAN_POINT('',(2.853342091979,10.8840373605491,2.));
#5128=CARTESIAN_POINT('',(3.10027221435483,21.5150053203109,2.));
#5129=CARTESIAN_POINT('',(1.48840357658393,21.515005320311,2.));
#5130=CARTESIAN_POINT('',(3.10027221435482,21.3240093886856,2.));
#5131=CARTESIAN_POINT('',(3.10027221435448,10.7097536772491,2.));
#5132=CARTESIAN_POINT('',(2.85334209197933,21.3240093886856,2.));
#5133=CARTESIAN_POINT('',(1.48840357658392,21.3240093886856,2.));
#5134=CARTESIAN_POINT('',(2.85334209197931,20.4768059551719,2.));
#5135=CARTESIAN_POINT('',(2.85334209197899,10.4502038359643,2.));
#5136=CARTESIAN_POINT('',(2.86562064880303,20.3417445123199,2.));
#5137=CARTESIAN_POINT('Ctrl Pts',(2.85334209197931,20.4768059551719,2.));
#5138=CARTESIAN_POINT('Ctrl Pts',(2.85299475777004,20.4478899582765,2.));
#5139=CARTESIAN_POINT('Ctrl Pts',(2.85244776223941,20.4023519126604,2.));
#5140=CARTESIAN_POINT('Ctrl Pts',(2.86209812579872,20.3579513596878,2.));
#5141=CARTESIAN_POINT('Ctrl Pts',(2.86562064880303,20.3417445123199,2.));
#5142=CARTESIAN_POINT('Ctrl Pts',(2.86562064880303,20.3417445123199,2.));
#5143=CARTESIAN_POINT('Ctrl Pts',(2.870820764293,20.3322346249573,2.));
#5144=CARTESIAN_POINT('Ctrl Pts',(2.88128191023554,20.3131034499307,2.));
#5145=CARTESIAN_POINT('Ctrl Pts',(2.89900126261737,20.3003895138849,2.));
#5146=CARTESIAN_POINT('Ctrl Pts',(2.90791252845696,20.2939955294136,2.));
#5147=CARTESIAN_POINT('',(12.,-13.,2.));
#5148=CARTESIAN_POINT('',(12.,-15.0000000298023,2.));
#5149=CARTESIAN_POINT('',(12.,-7.50000001490116,2.));
#5150=CARTESIAN_POINT('',(-12.,-15.0000000298023,2.));
#5151=CARTESIAN_POINT('',(-6.,-15.0000000298023,2.));
#5152=CARTESIAN_POINT('',(-12.,-13.,2.));
#5153=CARTESIAN_POINT('',(-12.,-6.5,2.));
#5154=CARTESIAN_POINT('',(-12.,0.,2.));
#5155=CARTESIAN_POINT('',(-12.,0.,2.));
#5156=CARTESIAN_POINT('',(-12.,9.99999997019768,2.));
#5157=CARTESIAN_POINT('',(-12.,4.99999998509884,2.));
#5158=CARTESIAN_POINT('',(12.,9.99999997019768,2.));
#5159=CARTESIAN_POINT('',(6.,9.99999997019768,2.));
#5160=CARTESIAN_POINT('',(12.,0.,2.));
#5161=CARTESIAN_POINT('',(12.,0.,2.));
#5162=CARTESIAN_POINT('',(12.,-6.5,2.));
#5163=CARTESIAN_POINT('Origin',(-32.5,0.,0.));
#5164=CARTESIAN_POINT('',(-32.5,-24.,0.));
#5165=CARTESIAN_POINT('',(-32.5,24.,0.));
#5166=CARTESIAN_POINT('Origin',(-32.5,-24.,0.));
#5167=CARTESIAN_POINT('',(32.5,-24.,0.));
#5168=CARTESIAN_POINT('Origin',(32.5,0.,0.));
#5169=CARTESIAN_POINT('',(32.5,24.,0.));
#5170=CARTESIAN_POINT('Origin',(32.5,24.,0.));
#5171=CARTESIAN_POINT('Origin',(32.5,0.,0.));
#5172=CARTESIAN_POINT('',(16.75,-1.92881870865708E-15,0.));
#5173=CARTESIAN_POINT('Origin',(-32.5,0.,0.));
#5174=CARTESIAN_POINT('',(-49.,-2.02066721859313E-15,0.));
#5175=CARTESIAN_POINT('Origin',(0.,0.,2.));
#5176=CARTESIAN_POINT('',(0.0443385004418584,21.3444731533532,2.));
#5177=CARTESIAN_POINT('',(-0.261255705414469,21.2066833078866,2.));
#5178=CARTESIAN_POINT('Ctrl Pts',(0.0443385004418584,21.3444731533532,2.));
#5179=CARTESIAN_POINT('Ctrl Pts',(-0.0144221985458781,21.3387507361968,
2.));
#5180=CARTESIAN_POINT('Ctrl Pts',(-0.13184783084681,21.3273152280349,2.));
#5181=CARTESIAN_POINT('Ctrl Pts',(-0.218143206427159,21.2468720796488,2.));
#5182=CARTESIAN_POINT('Ctrl Pts',(-0.261255705414469,21.2066833078866,2.));
#5183=CARTESIAN_POINT('',(-0.38267394310064,20.7905850708489,2.));
#5184=CARTESIAN_POINT('Ctrl Pts',(-0.261255705414469,21.2066833078866,2.));
#5185=CARTESIAN_POINT('Ctrl Pts',(-0.296554047579467,21.1505968331968,2.));
#5186=CARTESIAN_POINT('Ctrl Pts',(-0.376115324537256,21.0241798041614,2.));
#5187=CARTESIAN_POINT('Ctrl Pts',(-0.380329460533799,20.8740872252529,2.));
#5188=CARTESIAN_POINT('Ctrl Pts',(-0.38267394310064,20.7905850708489,2.));
#5189=CARTESIAN_POINT('',(-0.261255705414494,20.3731224834924,2.));
#5190=CARTESIAN_POINT('Ctrl Pts',(-0.38267394310064,20.7905850708489,2.));
#5191=CARTESIAN_POINT('Ctrl Pts',(-0.380284033756053,20.7069944804389,2.));
#5192=CARTESIAN_POINT('Ctrl Pts',(-0.375982052653139,20.5565263712029,2.));
#5193=CARTESIAN_POINT('Ctrl Pts',(-0.296557144489693,20.4295560867927,2.));
#5194=CARTESIAN_POINT('Ctrl Pts',(-0.261255705414494,20.3731224834924,2.));
#5195=CARTESIAN_POINT('',(0.0443385004418251,20.2353326380257,2.));
#5196=CARTESIAN_POINT('Ctrl Pts',(-0.261255705414494,20.3731224834924,2.));
#5197=CARTESIAN_POINT('Ctrl Pts',(-0.218142778174171,20.3329338605591,2.));
#5198=CARTESIAN_POINT('Ctrl Pts',(-0.13184701798947,20.2524914506185,2.));
#5199=CARTESIAN_POINT('Ctrl Pts',(-0.0144217133183933,20.241055330247,2.));
#5200=CARTESIAN_POINT('Ctrl Pts',(0.0443385004418251,20.2353326380257,2.));
#5201=CARTESIAN_POINT('',(0.348567759932796,20.3744868338113,2.));
#5202=CARTESIAN_POINT('Ctrl Pts',(0.0443385004418251,20.2353326380257,2.));
#5203=CARTESIAN_POINT('Ctrl Pts',(0.102776095526547,20.2411980609074,2.));
#5204=CARTESIAN_POINT('Ctrl Pts',(0.21999307715997,20.2529632125224,2.));
#5205=CARTESIAN_POINT('Ctrl Pts',(0.305626300076873,20.3339002922575,2.));
#5206=CARTESIAN_POINT('Ctrl Pts',(0.348567759932796,20.3744868338113,2.));
#5207=CARTESIAN_POINT('',(0.469985997618967,20.7987705767159,2.));
#5208=CARTESIAN_POINT('Ctrl Pts',(0.348567759932796,20.3744868338113,2.));
#5209=CARTESIAN_POINT('Ctrl Pts',(0.383856760788828,20.4315104097456,2.));
#5210=CARTESIAN_POINT('Ctrl Pts',(0.463822137549055,20.5607266420898,2.));
#5211=CARTESIAN_POINT('Ctrl Pts',(0.46777663419445,20.7134465173399,2.));
#5212=CARTESIAN_POINT('Ctrl Pts',(0.469985997618967,20.7987705767159,2.));
#5213=CARTESIAN_POINT('',(0.347202813567464,21.2053189575677,2.));
#5214=CARTESIAN_POINT('Ctrl Pts',(0.469985997618967,20.7987705767159,2.));
#5215=CARTESIAN_POINT('Ctrl Pts',(0.46732247345703,20.8798857255871,2.));
#5216=CARTESIAN_POINT('Ctrl Pts',(0.462490036802681,21.0270530853693,2.));
#5217=CARTESIAN_POINT('Ctrl Pts',(0.382917058557817,21.1500948758832,2.));
#5218=CARTESIAN_POINT('Ctrl Pts',(0.347202813567464,21.2053189575677,2.));
#5219=CARTESIAN_POINT('Ctrl Pts',(0.347202813567464,21.2053189575677,2.));
#5220=CARTESIAN_POINT('Ctrl Pts',(0.304383422669077,21.2459052987568,2.));
#5221=CARTESIAN_POINT('Ctrl Pts',(0.219176389178246,21.3266687486897,2.));
#5222=CARTESIAN_POINT('Ctrl Pts',(0.102420594200521,21.3385584336751,2.));
#5223=CARTESIAN_POINT('Ctrl Pts',(0.0443385004418584,21.3444731533532,2.));
#5224=CARTESIAN_POINT('Origin',(-1.3540246129615,20.0661648213868,2.));
#5225=CARTESIAN_POINT('',(-1.23124142890999,20.0661648213868,1.9));
#5226=CARTESIAN_POINT('',(-1.47680779701302,20.0661648213868,1.9));
#5227=CARTESIAN_POINT('',(-1.23124142890999,20.0661648213868,1.9));
#5228=CARTESIAN_POINT('',(-1.47680779701302,20.0661648213868,2.));
#5229=CARTESIAN_POINT('',(-1.23124142890999,20.0661648213868,2.));
#5230=CARTESIAN_POINT('Origin',(-1.47680779701299,20.790585070849,2.));
#5231=CARTESIAN_POINT('',(-1.47680779701297,21.5150053203111,1.9));
#5232=CARTESIAN_POINT('',(-1.47680779701302,20.0661648213868,1.9));
#5233=CARTESIAN_POINT('',(-1.47680779701297,21.5150053203111,2.));
#5234=CARTESIAN_POINT('Origin',(-1.36630316978519,21.5150053203111,2.));
#5235=CARTESIAN_POINT('',(-1.2557985425574,21.5150053203111,1.9));
#5236=CARTESIAN_POINT('',(-1.47680779701297,21.5150053203111,1.9));
#5237=CARTESIAN_POINT('',(-1.2557985425574,21.5150053203111,2.));
#5238=CARTESIAN_POINT('Origin',(-1.25579854255741,21.4051825702195,2.));
#5239=CARTESIAN_POINT('',(-1.25579854255741,21.295359820128,1.9));
#5240=CARTESIAN_POINT('',(-1.2557985425574,21.5150053203111,1.9));
#5241=CARTESIAN_POINT('',(-1.25579854255741,21.295359820128,2.));
#5242=CARTESIAN_POINT('Ctrl Pts',(-1.25579854255741,21.295359820128,1.9));
#5243=CARTESIAN_POINT('Ctrl Pts',(-1.25579854255741,21.295359820128,2.));
#5244=CARTESIAN_POINT('Ctrl Pts',(-1.2312136715064,21.3399601981373,1.9));
#5245=CARTESIAN_POINT('Ctrl Pts',(-1.2312136715064,21.3399601981373,2.));
#5246=CARTESIAN_POINT('Ctrl Pts',(-1.1894457920806,21.4157329450097,1.9));
#5247=CARTESIAN_POINT('Ctrl Pts',(-1.1894457920806,21.4157329450097,2.));
#5248=CARTESIAN_POINT('Ctrl Pts',(-1.12626532826025,21.4744702140637,1.9));
#5249=CARTESIAN_POINT('Ctrl Pts',(-1.12626532826025,21.4744702140637,2.));
#5250=CARTESIAN_POINT('Ctrl Pts',(-1.10027333503787,21.4986343085771,1.9));
#5251=CARTESIAN_POINT('Ctrl Pts',(-1.10027333503787,21.4986343085771,2.));
#5252=CARTESIAN_POINT('',(-1.10027333503787,21.4986343085771,1.9));
#5253=CARTESIAN_POINT('Ctrl Pts',(-1.25579854255741,21.295359820128,1.9));
#5254=CARTESIAN_POINT('Ctrl Pts',(-1.2312136715064,21.3399601981373,1.9));
#5255=CARTESIAN_POINT('Ctrl Pts',(-1.1894457920806,21.4157329450097,1.9));
#5256=CARTESIAN_POINT('Ctrl Pts',(-1.12626532826025,21.4744702140637,1.9));
#5257=CARTESIAN_POINT('Ctrl Pts',(-1.10027333503787,21.4986343085771,1.9));
#5258=CARTESIAN_POINT('',(-1.10027333503787,21.4986343085771,2.));
#5259=CARTESIAN_POINT('Ctrl Pts',(-1.10027333503787,21.4986343085771,1.9));
#5260=CARTESIAN_POINT('Ctrl Pts',(-1.10027333503787,21.4986343085771,2.));
#5261=CARTESIAN_POINT('Ctrl Pts',(-1.07566784224154,21.5129588602148,1.9));
#5262=CARTESIAN_POINT('Ctrl Pts',(-1.07566784224154,21.5129588602148,2.));
#5263=CARTESIAN_POINT('Ctrl Pts',(-1.02667780885246,21.5414793319981,1.9));
#5264=CARTESIAN_POINT('Ctrl Pts',(-1.02667780885246,21.5414793319981,2.));
#5265=CARTESIAN_POINT('Ctrl Pts',(-0.970153910526343,21.5456642981215,1.9));
#5266=CARTESIAN_POINT('Ctrl Pts',(-0.970153910526343,21.5456642981215,2.));
#5267=CARTESIAN_POINT('Ctrl Pts',(-0.942019426880523,21.5477473437791,1.9));
#5268=CARTESIAN_POINT('Ctrl Pts',(-0.942019426880523,21.5477473437791,2.));
#5269=CARTESIAN_POINT('',(-0.942019426880523,21.5477473437791,1.9));
#5270=CARTESIAN_POINT('Ctrl Pts',(-1.10027333503787,21.4986343085771,1.9));
#5271=CARTESIAN_POINT('Ctrl Pts',(-1.07566784224154,21.5129588602148,1.9));
#5272=CARTESIAN_POINT('Ctrl Pts',(-1.02667780885246,21.5414793319981,1.9));
#5273=CARTESIAN_POINT('Ctrl Pts',(-0.970153910526343,21.5456642981215,1.9));
#5274=CARTESIAN_POINT('Ctrl Pts',(-0.942019426880523,21.5477473437791,1.9));
#5275=CARTESIAN_POINT('',(-0.942019426880523,21.5477473437791,2.));
#5276=CARTESIAN_POINT('Ctrl Pts',(-0.942019426880523,21.5477473437791,1.9));
#5277=CARTESIAN_POINT('Ctrl Pts',(-0.942019426880523,21.5477473437791,2.));
#5278=CARTESIAN_POINT('Ctrl Pts',(-0.899479560966663,21.5438254193507,1.9));
#5279=CARTESIAN_POINT('Ctrl Pts',(-0.899479560966663,21.5438254193507,2.));
#5280=CARTESIAN_POINT('Ctrl Pts',(-0.809815746818721,21.5355589451742,1.9));
#5281=CARTESIAN_POINT('Ctrl Pts',(-0.809815746818721,21.5355589451742,2.));
#5282=CARTESIAN_POINT('Ctrl Pts',(-0.731035732967169,21.4916809981063,1.9));
#5283=CARTESIAN_POINT('Ctrl Pts',(-0.731035732967169,21.4916809981063,2.));
#5284=CARTESIAN_POINT('Ctrl Pts',(-0.689631903229402,21.4686203897004,1.9));
#5285=CARTESIAN_POINT('Ctrl Pts',(-0.689631903229402,21.4686203897004,2.));
#5286=CARTESIAN_POINT('',(-0.689631903229402,21.4686203897004,1.9));
#5287=CARTESIAN_POINT('Ctrl Pts',(-0.942019426880523,21.5477473437791,1.9));
#5288=CARTESIAN_POINT('Ctrl Pts',(-0.899479560966663,21.5438254193507,1.9));
#5289=CARTESIAN_POINT('Ctrl Pts',(-0.809815746818721,21.5355589451742,1.9));
#5290=CARTESIAN_POINT('Ctrl Pts',(-0.731035732967169,21.4916809981063,1.9));
#5291=CARTESIAN_POINT('Ctrl Pts',(-0.689631903229402,21.4686203897004,1.9));
#5292=CARTESIAN_POINT('',(-0.689631903229402,21.4686203897004,2.));
#5293=CARTESIAN_POINT('Origin',(-0.731923782883336,21.354705035687,2.));
#5294=CARTESIAN_POINT('',(-0.77421566253727,21.2407896816735,1.9));
#5295=CARTESIAN_POINT('',(-0.689631903229402,21.4686203897004,1.9));
#5296=CARTESIAN_POINT('',(-0.77421566253727,21.2407896816735,2.));
#5297=CARTESIAN_POINT('Ctrl Pts',(-0.77421566253727,21.2407896816735,1.9));
#5298=CARTESIAN_POINT('Ctrl Pts',(-0.77421566253727,21.2407896816735,2.));
#5299=CARTESIAN_POINT('Ctrl Pts',(-0.803589372217572,21.2563009046077,1.9));
#5300=CARTESIAN_POINT('Ctrl Pts',(-0.803589372217572,21.2563009046077,2.));
#5301=CARTESIAN_POINT('Ctrl Pts',(-0.860109147523498,21.2861470100026,1.9));
#5302=CARTESIAN_POINT('Ctrl Pts',(-0.860109147523498,21.2861470100026,2.));
#5303=CARTESIAN_POINT('Ctrl Pts',(-0.923737646298985,21.2914489729043,1.9));
#5304=CARTESIAN_POINT('Ctrl Pts',(-0.923737646298985,21.2914489729043,2.));
#5305=CARTESIAN_POINT('Ctrl Pts',(-0.95429798370426,21.2939954698091,1.9));
#5306=CARTESIAN_POINT('Ctrl Pts',(-0.95429798370426,21.2939954698091,2.));
#5307=CARTESIAN_POINT('',(-0.95429798370426,21.2939954698091,1.9));
#5308=CARTESIAN_POINT('Ctrl Pts',(-0.77421566253727,21.2407896816735,1.9));
#5309=CARTESIAN_POINT('Ctrl Pts',(-0.803589372217572,21.2563009046077,1.9));
#5310=CARTESIAN_POINT('Ctrl Pts',(-0.860109147523498,21.2861470100026,1.9));
#5311=CARTESIAN_POINT('Ctrl Pts',(-0.923737646298985,21.2914489729043,1.9));
#5312=CARTESIAN_POINT('Ctrl Pts',(-0.95429798370426,21.2939954698091,1.9));
#5313=CARTESIAN_POINT('',(-0.95429798370426,21.2939954698091,2.));
#5314=CARTESIAN_POINT('Ctrl Pts',(-0.95429798370426,21.2939954698091,1.9));
#5315=CARTESIAN_POINT('Ctrl Pts',(-0.95429798370426,21.2939954698091,2.));
#5316=CARTESIAN_POINT('Ctrl Pts',(-0.980455911934213,21.2919414549175,1.9));
#5317=CARTESIAN_POINT('Ctrl Pts',(-0.980455911934213,21.2919414549175,2.));
#5318=CARTESIAN_POINT('Ctrl Pts',(-1.03282070189234,21.2878295826995,1.9));
#5319=CARTESIAN_POINT('Ctrl Pts',(-1.03282070189234,21.2878295826995,2.));
#5320=CARTESIAN_POINT('Ctrl Pts',(-1.07686544020177,21.259207066297,1.9));
#5321=CARTESIAN_POINT('Ctrl Pts',(-1.07686544020177,21.259207066297,2.));
#5322=CARTESIAN_POINT('Ctrl Pts',(-1.09890838867252,21.244882434607,1.9));
#5323=CARTESIAN_POINT('Ctrl Pts',(-1.09890838867252,21.244882434607,2.));
#5324=CARTESIAN_POINT('',(-1.09890838867252,21.244882434607,1.9));
#5325=CARTESIAN_POINT('Ctrl Pts',(-0.95429798370426,21.2939954698091,1.9));
#5326=CARTESIAN_POINT('Ctrl Pts',(-0.980455911934213,21.2919414549175,1.9));
#5327=CARTESIAN_POINT('Ctrl Pts',(-1.03282070189234,21.2878295826995,1.9));
#5328=CARTESIAN_POINT('Ctrl Pts',(-1.07686544020177,21.259207066297,1.9));
#5329=CARTESIAN_POINT('Ctrl Pts',(-1.09890838867252,21.244882434607,1.9));
#5330=CARTESIAN_POINT('',(-1.09890838867252,21.244882434607,2.));
#5331=CARTESIAN_POINT('Ctrl Pts',(-1.09890838867252,21.244882434607,1.9));
#5332=CARTESIAN_POINT('Ctrl Pts',(-1.09890838867252,21.244882434607,2.));
#5333=CARTESIAN_POINT('Ctrl Pts',(-1.11888172977425,21.2269370144698,1.9));
#5334=CARTESIAN_POINT('Ctrl Pts',(-1.11888172977425,21.2269370144698,2.));
#5335=CARTESIAN_POINT('Ctrl Pts',(-1.16016334765882,21.1898467763813,1.9));
#5336=CARTESIAN_POINT('Ctrl Pts',(-1.16016334765882,21.1898467763813,2.));
#5337=CARTESIAN_POINT('Ctrl Pts',(-1.18004896919664,21.1379650582448,1.9));
#5338=CARTESIAN_POINT('Ctrl Pts',(-1.18004896919664,21.1379650582448,2.));
#5339=CARTESIAN_POINT('Ctrl Pts',(-1.19031330352849,21.1111853420739,1.9));
#5340=CARTESIAN_POINT('Ctrl Pts',(-1.19031330352849,21.1111853420739,2.));
#5341=CARTESIAN_POINT('',(-1.19031330352849,21.1111853420739,1.9));
#5342=CARTESIAN_POINT('Ctrl Pts',(-1.09890838867252,21.244882434607,1.9));
#5343=CARTESIAN_POINT('Ctrl Pts',(-1.11888172977425,21.2269370144698,1.9));
#5344=CARTESIAN_POINT('Ctrl Pts',(-1.16016334765882,21.1898467763813,1.9));
#5345=CARTESIAN_POINT('Ctrl Pts',(-1.18004896919664,21.1379650582448,1.9));
#5346=CARTESIAN_POINT('Ctrl Pts',(-1.19031330352849,21.1111853420739,1.9));
#5347=CARTESIAN_POINT('',(-1.19031330352849,21.1111853420739,2.));
#5348=CARTESIAN_POINT('Ctrl Pts',(-1.19031330352849,21.1111853420739,1.9));
#5349=CARTESIAN_POINT('Ctrl Pts',(-1.19031330352849,21.1111853420739,2.));
#5350=CARTESIAN_POINT('Ctrl Pts',(-1.20224747327791,21.0657301417654,1.9));
#5351=CARTESIAN_POINT('Ctrl Pts',(-1.20224747327791,21.0657301417654,2.));
#5352=CARTESIAN_POINT('Ctrl Pts',(-1.2269001718943,20.9718322521525,1.9));
#5353=CARTESIAN_POINT('Ctrl Pts',(-1.2269001718943,20.9718322521525,2.));
#5354=CARTESIAN_POINT('Ctrl Pts',(-1.22976397134726,20.8747677930444,1.9));
#5355=CARTESIAN_POINT('Ctrl Pts',(-1.22976397134726,20.8747677930444,2.));
#5356=CARTESIAN_POINT('Ctrl Pts',(-1.23124142890996,20.8246914446359,1.9));
#5357=CARTESIAN_POINT('Ctrl Pts',(-1.23124142890996,20.8246914446359,2.));
#5358=CARTESIAN_POINT('',(-1.23124142890996,20.8246914446359,1.9));
#5359=CARTESIAN_POINT('Ctrl Pts',(-1.19031330352849,21.1111853420739,1.9));
#5360=CARTESIAN_POINT('Ctrl Pts',(-1.20224747327791,21.0657301417654,1.9));
#5361=CARTESIAN_POINT('Ctrl Pts',(-1.2269001718943,20.9718322521525,1.9));
#5362=CARTESIAN_POINT('Ctrl Pts',(-1.22976397134726,20.8747677930444,1.9));
#5363=CARTESIAN_POINT('Ctrl Pts',(-1.23124142890996,20.8246914446359,1.9));
#5364=CARTESIAN_POINT('',(-1.23124142890996,20.8246914446359,2.));
#5365=CARTESIAN_POINT('Origin',(-1.23124142890998,20.4454281330114,2.));
#5366=CARTESIAN_POINT('',(-1.23124142890996,20.8246914446359,1.9));
#5367=CARTESIAN_POINT('Origin',(0.,0.,1.9));
#5368=CARTESIAN_POINT('Ctrl Pts',(-0.261255705414469,21.2066833078866,1.9));
#5369=CARTESIAN_POINT('Ctrl Pts',(-0.261255705414469,21.2066833078866,2.));
#5370=CARTESIAN_POINT('Ctrl Pts',(-0.296554047579467,21.1505968331968,1.9));
#5371=CARTESIAN_POINT('Ctrl Pts',(-0.296554047579467,21.1505968331968,2.));
#5372=CARTESIAN_POINT('Ctrl Pts',(-0.376115324537256,21.0241798041614,1.9));
#5373=CARTESIAN_POINT('Ctrl Pts',(-0.376115324537256,21.0241798041614,2.));
#5374=CARTESIAN_POINT('Ctrl Pts',(-0.380329460533799,20.8740872252529,1.9));
#5375=CARTESIAN_POINT('Ctrl Pts',(-0.380329460533799,20.8740872252529,2.));
#5376=CARTESIAN_POINT('Ctrl Pts',(-0.38267394310064,20.7905850708489,1.9));
#5377=CARTESIAN_POINT('Ctrl Pts',(-0.38267394310064,20.7905850708489,2.));
#5378=CARTESIAN_POINT('',(-0.261255705414469,21.2066833078866,1.9));
#5379=CARTESIAN_POINT('',(-0.38267394310064,20.7905850708489,1.9));
#5380=CARTESIAN_POINT('Ctrl Pts',(-0.261255705414469,21.2066833078866,1.9));
#5381=CARTESIAN_POINT('Ctrl Pts',(-0.296554047579467,21.1505968331968,1.9));
#5382=CARTESIAN_POINT('Ctrl Pts',(-0.376115324537256,21.0241798041614,1.9));
#5383=CARTESIAN_POINT('Ctrl Pts',(-0.380329460533799,20.8740872252529,1.9));
#5384=CARTESIAN_POINT('Ctrl Pts',(-0.38267394310064,20.7905850708489,1.9));
#5385=CARTESIAN_POINT('',(-0.38267394310064,20.7905850708489,2.));
#5386=CARTESIAN_POINT('',(-0.261255705414469,21.2066833078866,2.));
#5387=CARTESIAN_POINT('Ctrl Pts',(-0.38267394310064,20.7905850708489,1.9));
#5388=CARTESIAN_POINT('Ctrl Pts',(-0.38267394310064,20.7905850708489,2.));
#5389=CARTESIAN_POINT('Ctrl Pts',(-0.380284033756053,20.7069944804389,1.9));
#5390=CARTESIAN_POINT('Ctrl Pts',(-0.380284033756053,20.7069944804389,2.));
#5391=CARTESIAN_POINT('Ctrl Pts',(-0.375982052653139,20.5565263712029,1.9));
#5392=CARTESIAN_POINT('Ctrl Pts',(-0.375982052653139,20.5565263712029,2.));
#5393=CARTESIAN_POINT('Ctrl Pts',(-0.296557144489693,20.4295560867927,1.9));
#5394=CARTESIAN_POINT('Ctrl Pts',(-0.296557144489693,20.4295560867927,2.));
#5395=CARTESIAN_POINT('Ctrl Pts',(-0.261255705414494,20.3731224834924,1.9));
#5396=CARTESIAN_POINT('Ctrl Pts',(-0.261255705414494,20.3731224834924,2.));
#5397=CARTESIAN_POINT('',(-0.261255705414494,20.3731224834924,1.9));
#5398=CARTESIAN_POINT('Ctrl Pts',(-0.38267394310064,20.7905850708489,1.9));
#5399=CARTESIAN_POINT('Ctrl Pts',(-0.380284033756053,20.7069944804389,1.9));
#5400=CARTESIAN_POINT('Ctrl Pts',(-0.375982052653139,20.5565263712029,1.9));
#5401=CARTESIAN_POINT('Ctrl Pts',(-0.296557144489693,20.4295560867927,1.9));
#5402=CARTESIAN_POINT('Ctrl Pts',(-0.261255705414494,20.3731224834924,1.9));
#5403=CARTESIAN_POINT('',(-0.261255705414494,20.3731224834924,2.));
#5404=CARTESIAN_POINT('Ctrl Pts',(-0.261255705414494,20.3731224834924,1.9));
#5405=CARTESIAN_POINT('Ctrl Pts',(-0.261255705414494,20.3731224834924,2.));
#5406=CARTESIAN_POINT('Ctrl Pts',(-0.218142778174171,20.3329338605591,1.9));
#5407=CARTESIAN_POINT('Ctrl Pts',(-0.218142778174171,20.3329338605591,2.));
#5408=CARTESIAN_POINT('Ctrl Pts',(-0.13184701798947,20.2524914506185,1.9));
#5409=CARTESIAN_POINT('Ctrl Pts',(-0.13184701798947,20.2524914506185,2.));
#5410=CARTESIAN_POINT('Ctrl Pts',(-0.0144217133183933,20.241055330247,1.9));
#5411=CARTESIAN_POINT('Ctrl Pts',(-0.0144217133183933,20.241055330247,2.));
#5412=CARTESIAN_POINT('Ctrl Pts',(0.0443385004418251,20.2353326380257,1.9));
#5413=CARTESIAN_POINT('Ctrl Pts',(0.0443385004418251,20.2353326380257,2.));
#5414=CARTESIAN_POINT('',(0.0443385004418251,20.2353326380257,1.9));
#5415=CARTESIAN_POINT('Ctrl Pts',(-0.261255705414494,20.3731224834924,1.9));
#5416=CARTESIAN_POINT('Ctrl Pts',(-0.218142778174171,20.3329338605591,1.9));
#5417=CARTESIAN_POINT('Ctrl Pts',(-0.13184701798947,20.2524914506185,1.9));
#5418=CARTESIAN_POINT('Ctrl Pts',(-0.0144217133183933,20.241055330247,1.9));
#5419=CARTESIAN_POINT('Ctrl Pts',(0.0443385004418251,20.2353326380257,1.9));
#5420=CARTESIAN_POINT('',(0.0443385004418251,20.2353326380257,2.));
#5421=CARTESIAN_POINT('Ctrl Pts',(0.0443385004418251,20.2353326380257,1.9));
#5422=CARTESIAN_POINT('Ctrl Pts',(0.0443385004418251,20.2353326380257,2.));
#5423=CARTESIAN_POINT('Ctrl Pts',(0.102776095526547,20.2411980609074,1.9));
#5424=CARTESIAN_POINT('Ctrl Pts',(0.102776095526547,20.2411980609074,2.));
#5425=CARTESIAN_POINT('Ctrl Pts',(0.21999307715997,20.2529632125224,1.9));
#5426=CARTESIAN_POINT('Ctrl Pts',(0.21999307715997,20.2529632125224,2.));
#5427=CARTESIAN_POINT('Ctrl Pts',(0.305626300076873,20.3339002922575,1.9));
#5428=CARTESIAN_POINT('Ctrl Pts',(0.305626300076873,20.3339002922575,2.));
#5429=CARTESIAN_POINT('Ctrl Pts',(0.348567759932796,20.3744868338113,1.9));
#5430=CARTESIAN_POINT('Ctrl Pts',(0.348567759932796,20.3744868338113,2.));
#5431=CARTESIAN_POINT('',(0.348567759932796,20.3744868338113,1.9));
#5432=CARTESIAN_POINT('Ctrl Pts',(0.0443385004418251,20.2353326380257,1.9));
#5433=CARTESIAN_POINT('Ctrl Pts',(0.102776095526547,20.2411980609074,1.9));
#5434=CARTESIAN_POINT('Ctrl Pts',(0.21999307715997,20.2529632125224,1.9));
#5435=CARTESIAN_POINT('Ctrl Pts',(0.305626300076873,20.3339002922575,1.9));
#5436=CARTESIAN_POINT('Ctrl Pts',(0.348567759932796,20.3744868338113,1.9));
#5437=CARTESIAN_POINT('',(0.348567759932796,20.3744868338113,2.));
#5438=CARTESIAN_POINT('Ctrl Pts',(0.348567759932796,20.3744868338113,1.9));
#5439=CARTESIAN_POINT('Ctrl Pts',(0.348567759932796,20.3744868338113,2.));
#5440=CARTESIAN_POINT('Ctrl Pts',(0.383856760788828,20.4315104097456,1.9));
#5441=CARTESIAN_POINT('Ctrl Pts',(0.383856760788828,20.4315104097456,2.));
#5442=CARTESIAN_POINT('Ctrl Pts',(0.463822137549055,20.5607266420898,1.9));
#5443=CARTESIAN_POINT('Ctrl Pts',(0.463822137549055,20.5607266420898,2.));
#5444=CARTESIAN_POINT('Ctrl Pts',(0.46777663419445,20.7134465173399,1.9));
#5445=CARTESIAN_POINT('Ctrl Pts',(0.46777663419445,20.7134465173399,2.));
#5446=CARTESIAN_POINT('Ctrl Pts',(0.469985997618967,20.7987705767159,1.9));
#5447=CARTESIAN_POINT('Ctrl Pts',(0.469985997618967,20.7987705767159,2.));
#5448=CARTESIAN_POINT('',(0.469985997618967,20.7987705767159,1.9));
#5449=CARTESIAN_POINT('Ctrl Pts',(0.348567759932796,20.3744868338113,1.9));
#5450=CARTESIAN_POINT('Ctrl Pts',(0.383856760788828,20.4315104097456,1.9));
#5451=CARTESIAN_POINT('Ctrl Pts',(0.463822137549055,20.5607266420898,1.9));
#5452=CARTESIAN_POINT('Ctrl Pts',(0.46777663419445,20.7134465173399,1.9));
#5453=CARTESIAN_POINT('Ctrl Pts',(0.469985997618967,20.7987705767159,1.9));
#5454=CARTESIAN_POINT('',(0.469985997618967,20.7987705767159,2.));
#5455=CARTESIAN_POINT('Ctrl Pts',(0.469985997618967,20.7987705767159,1.9));
#5456=CARTESIAN_POINT('Ctrl Pts',(0.469985997618967,20.7987705767159,2.));
#5457=CARTESIAN_POINT('Ctrl Pts',(0.46732247345703,20.8798857255871,1.9));
#5458=CARTESIAN_POINT('Ctrl Pts',(0.46732247345703,20.8798857255871,2.));
#5459=CARTESIAN_POINT('Ctrl Pts',(0.462490036802681,21.0270530853693,1.9));
#5460=CARTESIAN_POINT('Ctrl Pts',(0.462490036802681,21.0270530853693,2.));
#5461=CARTESIAN_POINT('Ctrl Pts',(0.382917058557817,21.1500948758832,1.9));
#5462=CARTESIAN_POINT('Ctrl Pts',(0.382917058557817,21.1500948758832,2.));
#5463=CARTESIAN_POINT('Ctrl Pts',(0.347202813567464,21.2053189575677,1.9));
#5464=CARTESIAN_POINT('Ctrl Pts',(0.347202813567464,21.2053189575677,2.));
#5465=CARTESIAN_POINT('',(0.347202813567464,21.2053189575677,1.9));
#5466=CARTESIAN_POINT('Ctrl Pts',(0.469985997618967,20.7987705767159,1.9));
#5467=CARTESIAN_POINT('Ctrl Pts',(0.46732247345703,20.8798857255871,1.9));
#5468=CARTESIAN_POINT('Ctrl Pts',(0.462490036802681,21.0270530853693,1.9));
#5469=CARTESIAN_POINT('Ctrl Pts',(0.382917058557817,21.1500948758832,1.9));
#5470=CARTESIAN_POINT('Ctrl Pts',(0.347202813567464,21.2053189575677,1.9));
#5471=CARTESIAN_POINT('',(0.347202813567464,21.2053189575677,2.));
#5472=CARTESIAN_POINT('Ctrl Pts',(0.347202813567464,21.2053189575677,1.9));
#5473=CARTESIAN_POINT('Ctrl Pts',(0.347202813567464,21.2053189575677,2.));
#5474=CARTESIAN_POINT('Ctrl Pts',(0.304383422669077,21.2459052987568,1.9));
#5475=CARTESIAN_POINT('Ctrl Pts',(0.304383422669077,21.2459052987568,2.));
#5476=CARTESIAN_POINT('Ctrl Pts',(0.219176389178246,21.3266687486897,1.9));
#5477=CARTESIAN_POINT('Ctrl Pts',(0.219176389178246,21.3266687486897,2.));
#5478=CARTESIAN_POINT('Ctrl Pts',(0.102420594200521,21.3385584336751,1.9));
#5479=CARTESIAN_POINT('Ctrl Pts',(0.102420594200521,21.3385584336751,2.));
#5480=CARTESIAN_POINT('Ctrl Pts',(0.0443385004418584,21.3444731533532,1.9));
#5481=CARTESIAN_POINT('Ctrl Pts',(0.0443385004418584,21.3444731533532,2.));
#5482=CARTESIAN_POINT('',(0.0443385004418584,21.3444731533532,1.9));
#5483=CARTESIAN_POINT('Ctrl Pts',(0.347202813567464,21.2053189575677,1.9));
#5484=CARTESIAN_POINT('Ctrl Pts',(0.304383422669077,21.2459052987568,1.9));
#5485=CARTESIAN_POINT('Ctrl Pts',(0.219176389178246,21.3266687486897,1.9));
#5486=CARTESIAN_POINT('Ctrl Pts',(0.102420594200521,21.3385584336751,1.9));
#5487=CARTESIAN_POINT('Ctrl Pts',(0.0443385004418584,21.3444731533532,1.9));
#5488=CARTESIAN_POINT('',(0.0443385004418584,21.3444731533532,2.));
#5489=CARTESIAN_POINT('Ctrl Pts',(0.0443385004418584,21.3444731533532,1.9));
#5490=CARTESIAN_POINT('Ctrl Pts',(0.0443385004418584,21.3444731533532,2.));
#5491=CARTESIAN_POINT('Ctrl Pts',(-0.0144221985458781,21.3387507361968,
1.9));
#5492=CARTESIAN_POINT('Ctrl Pts',(-0.0144221985458781,21.3387507361968,
2.));
#5493=CARTESIAN_POINT('Ctrl Pts',(-0.13184783084681,21.3273152280349,1.9));
#5494=CARTESIAN_POINT('Ctrl Pts',(-0.13184783084681,21.3273152280349,2.));
#5495=CARTESIAN_POINT('Ctrl Pts',(-0.218143206427159,21.2468720796488,1.9));
#5496=CARTESIAN_POINT('Ctrl Pts',(-0.218143206427159,21.2468720796488,2.));
#5497=CARTESIAN_POINT('Ctrl Pts',(-0.261255705414469,21.2066833078866,1.9));
#5498=CARTESIAN_POINT('Ctrl Pts',(-0.261255705414469,21.2066833078866,2.));
#5499=CARTESIAN_POINT('Ctrl Pts',(0.0443385004418584,21.3444731533532,1.9));
#5500=CARTESIAN_POINT('Ctrl Pts',(-0.0144221985458781,21.3387507361968,
1.9));
#5501=CARTESIAN_POINT('Ctrl Pts',(-0.13184783084681,21.3273152280349,1.9));
#5502=CARTESIAN_POINT('Ctrl Pts',(-0.218143206427159,21.2468720796488,1.9));
#5503=CARTESIAN_POINT('Ctrl Pts',(-0.261255705414469,21.2066833078866,1.9));
#5504=CARTESIAN_POINT('Ctrl Pts',(-0.448157990036693,20.2285111844544,1.9));
#5505=CARTESIAN_POINT('Ctrl Pts',(-0.448157990036693,20.2285111844544,2.));
#5506=CARTESIAN_POINT('Ctrl Pts',(-0.502568329823738,20.3051670095212,1.9));
#5507=CARTESIAN_POINT('Ctrl Pts',(-0.502568329823738,20.3051670095212,2.));
#5508=CARTESIAN_POINT('Ctrl Pts',(-0.62145229681537,20.4726562884454,1.9));
#5509=CARTESIAN_POINT('Ctrl Pts',(-0.62145229681537,20.4726562884454,2.));
#5510=CARTESIAN_POINT('Ctrl Pts',(-0.630276104286196,20.6787924729795,1.9));
#5511=CARTESIAN_POINT('Ctrl Pts',(-0.630276104286196,20.6787924729795,2.));
#5512=CARTESIAN_POINT('Ctrl Pts',(-0.635061466751763,20.7905850708489,1.9));
#5513=CARTESIAN_POINT('Ctrl Pts',(-0.635061466751763,20.7905850708489,2.));
#5514=CARTESIAN_POINT('',(-0.448157990036693,20.2285111844544,1.9));
#5515=CARTESIAN_POINT('',(-0.635061466751763,20.7905850708489,1.9));
#5516=CARTESIAN_POINT('Ctrl Pts',(-0.448157990036693,20.2285111844544,1.9));
#5517=CARTESIAN_POINT('Ctrl Pts',(-0.502568329823738,20.3051670095212,1.9));
#5518=CARTESIAN_POINT('Ctrl Pts',(-0.62145229681537,20.4726562884454,1.9));
#5519=CARTESIAN_POINT('Ctrl Pts',(-0.630276104286196,20.6787924729795,1.9));
#5520=CARTESIAN_POINT('Ctrl Pts',(-0.635061466751763,20.7905850708489,1.9));
#5521=CARTESIAN_POINT('',(-0.635061466751763,20.7905850708489,2.));
#5522=CARTESIAN_POINT('',(-0.448157990036693,20.2285111844544,2.));
#5523=CARTESIAN_POINT('Ctrl Pts',(-0.635061466751763,20.7905850708489,1.9));
#5524=CARTESIAN_POINT('Ctrl Pts',(-0.635061466751763,20.7905850708489,2.));
#5525=CARTESIAN_POINT('Ctrl Pts',(-0.629465325616629,20.9125329012549,1.9));
#5526=CARTESIAN_POINT('Ctrl Pts',(-0.629465325616629,20.9125329012549,2.));
#5527=CARTESIAN_POINT('Ctrl Pts',(-0.619172392972838,21.1368304616838,1.9));
#5528=CARTESIAN_POINT('Ctrl Pts',(-0.619172392972838,21.1368304616838,2.));
#5529=CARTESIAN_POINT('Ctrl Pts',(-0.476449650799657,21.3084520126758,1.9));
#5530=CARTESIAN_POINT('Ctrl Pts',(-0.476449650799657,21.3084520126758,2.));
#5531=CARTESIAN_POINT('Ctrl Pts',(-0.411323511658359,21.3867650330071,1.9));
#5532=CARTESIAN_POINT('Ctrl Pts',(-0.411323511658359,21.3867650330071,2.));
#5533=CARTESIAN_POINT('',(-0.411323511658359,21.3867650330071,1.9));
#5534=CARTESIAN_POINT('Ctrl Pts',(-0.635061466751763,20.7905850708489,1.9));
#5535=CARTESIAN_POINT('Ctrl Pts',(-0.629465325616629,20.9125329012549,1.9));
#5536=CARTESIAN_POINT('Ctrl Pts',(-0.619172392972838,21.1368304616838,1.9));
#5537=CARTESIAN_POINT('Ctrl Pts',(-0.476449650799657,21.3084520126758,1.9));
#5538=CARTESIAN_POINT('Ctrl Pts',(-0.411323511658359,21.3867650330071,1.9));
#5539=CARTESIAN_POINT('',(-0.411323511658359,21.3867650330071,2.));
#5540=CARTESIAN_POINT('Ctrl Pts',(-0.411323511658359,21.3867650330071,1.9));
#5541=CARTESIAN_POINT('Ctrl Pts',(-0.411323511658359,21.3867650330071,2.));
#5542=CARTESIAN_POINT('Ctrl Pts',(-0.344601338309358,21.4337108939165,1.9));
#5543=CARTESIAN_POINT('Ctrl Pts',(-0.344601338309358,21.4337108939165,2.));
#5544=CARTESIAN_POINT('Ctrl Pts',(-0.207936871242957,21.5298682991706,1.9));
#5545=CARTESIAN_POINT('Ctrl Pts',(-0.207936871242957,21.5298682991706,2.));
#5546=CARTESIAN_POINT('Ctrl Pts',(-0.0410639233564081,21.5416947761639,
1.9));
#5547=CARTESIAN_POINT('Ctrl Pts',(-0.0410639233564081,21.5416947761639,
2.));
#5548=CARTESIAN_POINT('Ctrl Pts',(0.044338500441865,21.5477473437791,1.9));
#5549=CARTESIAN_POINT('Ctrl Pts',(0.044338500441865,21.5477473437791,2.));
#5550=CARTESIAN_POINT('',(0.044338500441865,21.5477473437791,1.9));
#5551=CARTESIAN_POINT('Ctrl Pts',(-0.411323511658359,21.3867650330071,1.9));
#5552=CARTESIAN_POINT('Ctrl Pts',(-0.344601338309358,21.4337108939165,1.9));
#5553=CARTESIAN_POINT('Ctrl Pts',(-0.207936871242957,21.5298682991706,1.9));
#5554=CARTESIAN_POINT('Ctrl Pts',(-0.0410639233564081,21.5416947761639,
1.9));
#5555=CARTESIAN_POINT('Ctrl Pts',(0.044338500441865,21.5477473437791,1.9));
#5556=CARTESIAN_POINT('',(0.044338500441865,21.5477473437791,2.));
#5557=CARTESIAN_POINT('Ctrl Pts',(0.044338500441865,21.5477473437791,1.9));
#5558=CARTESIAN_POINT('Ctrl Pts',(0.044338500441865,21.5477473437791,2.));
#5559=CARTESIAN_POINT('Ctrl Pts',(0.138531094909122,21.540426099448,1.9));
#5560=CARTESIAN_POINT('Ctrl Pts',(0.138531094909122,21.540426099448,2.));
#5561=CARTESIAN_POINT('Ctrl Pts',(0.322249579603107,21.5261463365623,1.9));
#5562=CARTESIAN_POINT('Ctrl Pts',(0.322249579603107,21.5261463365623,2.));
#5563=CARTESIAN_POINT('Ctrl Pts',(0.463776544251768,21.4085830936794,1.9));
#5564=CARTESIAN_POINT('Ctrl Pts',(0.463776544251768,21.4085830936794,2.));
#5565=CARTESIAN_POINT('Ctrl Pts',(0.532742536010098,21.3512946069245,1.9));
#5566=CARTESIAN_POINT('Ctrl Pts',(0.532742536010098,21.3512946069245,2.));
#5567=CARTESIAN_POINT('',(0.532742536010098,21.3512946069245,1.9));
#5568=CARTESIAN_POINT('Ctrl Pts',(0.044338500441865,21.5477473437791,1.9));
#5569=CARTESIAN_POINT('Ctrl Pts',(0.138531094909122,21.540426099448,1.9));
#5570=CARTESIAN_POINT('Ctrl Pts',(0.322249579603107,21.5261463365623,1.9));
#5571=CARTESIAN_POINT('Ctrl Pts',(0.463776544251768,21.4085830936794,1.9));
#5572=CARTESIAN_POINT('Ctrl Pts',(0.532742536010098,21.3512946069245,1.9));
#5573=CARTESIAN_POINT('',(0.532742536010098,21.3512946069245,2.));
#5574=CARTESIAN_POINT('Ctrl Pts',(0.532742536010098,21.3512946069245,1.9));
#5575=CARTESIAN_POINT('Ctrl Pts',(0.532742536010098,21.3512946069245,2.));
#5576=CARTESIAN_POINT('Ctrl Pts',(0.587986986263338,21.2766273201881,1.9));
#5577=CARTESIAN_POINT('Ctrl Pts',(0.587986986263338,21.2766273201881,2.));
#5578=CARTESIAN_POINT('Ctrl Pts',(0.70630338376924,21.1167132593605,1.9));
#5579=CARTESIAN_POINT('Ctrl Pts',(0.70630338376924,21.1167132593605,2.));
#5580=CARTESIAN_POINT('Ctrl Pts',(0.716785649203968,20.9173337814613,1.9));
#5581=CARTESIAN_POINT('Ctrl Pts',(0.716785649203968,20.9173337814613,2.));
#5582=CARTESIAN_POINT('Ctrl Pts',(0.72237352127009,20.8110488355164,1.9));
#5583=CARTESIAN_POINT('Ctrl Pts',(0.72237352127009,20.8110488355164,2.));
#5584=CARTESIAN_POINT('',(0.72237352127009,20.8110488355164,1.9));
#5585=CARTESIAN_POINT('Ctrl Pts',(0.532742536010098,21.3512946069245,1.9));
#5586=CARTESIAN_POINT('Ctrl Pts',(0.587986986263338,21.2766273201881,1.9));
#5587=CARTESIAN_POINT('Ctrl Pts',(0.70630338376924,21.1167132593605,1.9));
#5588=CARTESIAN_POINT('Ctrl Pts',(0.716785649203968,20.9173337814613,1.9));
#5589=CARTESIAN_POINT('Ctrl Pts',(0.72237352127009,20.8110488355164,1.9));
#5590=CARTESIAN_POINT('',(0.72237352127009,20.8110488355164,2.));
#5591=CARTESIAN_POINT('Ctrl Pts',(0.72237352127009,20.8110488355164,1.9));
#5592=CARTESIAN_POINT('Ctrl Pts',(0.72237352127009,20.8110488355164,2.));
#5593=CARTESIAN_POINT('Ctrl Pts',(0.720698382800145,20.7266106161316,1.9));
#5594=CARTESIAN_POINT('Ctrl Pts',(0.720698382800145,20.7266106161316,2.));
#5595=CARTESIAN_POINT('Ctrl Pts',(0.717681679150861,20.5745485095494,1.9));
#5596=CARTESIAN_POINT('Ctrl Pts',(0.717681679150861,20.5745485095494,2.));
#5597=CARTESIAN_POINT('Ctrl Pts',(0.662382144494214,20.4332370314811,1.9));
#5598=CARTESIAN_POINT('Ctrl Pts',(0.662382144494214,20.4332370314811,2.));
#5599=CARTESIAN_POINT('Ctrl Pts',(0.637789761962213,20.3703940808777,1.9));
#5600=CARTESIAN_POINT('Ctrl Pts',(0.637789761962213,20.3703940808777,2.));
#5601=CARTESIAN_POINT('',(0.637789761962213,20.3703940808777,1.9));
#5602=CARTESIAN_POINT('Ctrl Pts',(0.72237352127009,20.8110488355164,1.9));
#5603=CARTESIAN_POINT('Ctrl Pts',(0.720698382800145,20.7266106161316,1.9));
#5604=CARTESIAN_POINT('Ctrl Pts',(0.717681679150861,20.5745485095494,1.9));
#5605=CARTESIAN_POINT('Ctrl Pts',(0.662382144494214,20.4332370314811,1.9));
#5606=CARTESIAN_POINT('Ctrl Pts',(0.637789761962213,20.3703940808777,1.9));
#5607=CARTESIAN_POINT('',(0.637789761962213,20.3703940808777,2.));
#5608=CARTESIAN_POINT('Ctrl Pts',(0.637789761962213,20.3703940808777,1.9));
#5609=CARTESIAN_POINT('Ctrl Pts',(0.637789761962213,20.3703940808777,2.));
#5610=CARTESIAN_POINT('Ctrl Pts',(0.606662334595747,20.3200631530335,1.9));
#5611=CARTESIAN_POINT('Ctrl Pts',(0.606662334595747,20.3200631530335,2.));
#5612=CARTESIAN_POINT('Ctrl Pts',(0.544060387512002,20.2188400726777,1.9));
#5613=CARTESIAN_POINT('Ctrl Pts',(0.544060387512002,20.2188400726777,2.));
#5614=CARTESIAN_POINT('Ctrl Pts',(0.443929950118636,20.1544652050631,1.9));
#5615=CARTESIAN_POINT('Ctrl Pts',(0.443929950118636,20.1544652050631,2.));
#5616=CARTESIAN_POINT('Ctrl Pts',(0.39358714813164,20.1220993101601,1.9));
#5617=CARTESIAN_POINT('Ctrl Pts',(0.39358714813164,20.1220993101601,2.));
#5618=CARTESIAN_POINT('',(0.39358714813164,20.1220993101601,1.9));
#5619=CARTESIAN_POINT('Ctrl Pts',(0.637789761962213,20.3703940808777,1.9));
#5620=CARTESIAN_POINT('Ctrl Pts',(0.606662334595747,20.3200631530335,1.9));
#5621=CARTESIAN_POINT('Ctrl Pts',(0.544060387512002,20.2188400726777,1.9));
#5622=CARTESIAN_POINT('Ctrl Pts',(0.443929950118636,20.1544652050631,1.9));
#5623=CARTESIAN_POINT('Ctrl Pts',(0.39358714813164,20.1220993101601,1.9));
#5624=CARTESIAN_POINT('',(0.39358714813164,20.1220993101601,2.));
#5625=CARTESIAN_POINT('Ctrl Pts',(0.39358714813164,20.1220993101601,1.9));
#5626=CARTESIAN_POINT('Ctrl Pts',(0.39358714813164,20.1220993101601,2.));
#5627=CARTESIAN_POINT('Ctrl Pts',(0.338823259364818,20.0962361584375,1.9));
#5628=CARTESIAN_POINT('Ctrl Pts',(0.338823259364818,20.0962361584375,2.));
#5629=CARTESIAN_POINT('Ctrl Pts',(0.228198129739638,20.0439916123277,1.9));
#5630=CARTESIAN_POINT('Ctrl Pts',(0.228198129739638,20.0439916123277,2.));
#5631=CARTESIAN_POINT('Ctrl Pts',(0.106028998027321,20.0369689565957,1.9));
#5632=CARTESIAN_POINT('Ctrl Pts',(0.106028998027321,20.0369689565957,2.));
#5633=CARTESIAN_POINT('Ctrl Pts',(0.0443385004418184,20.0334227979188,1.9));
#5634=CARTESIAN_POINT('Ctrl Pts',(0.0443385004418184,20.0334227979188,2.));
#5635=CARTESIAN_POINT('',(0.0443385004418184,20.0334227979188,1.9));
#5636=CARTESIAN_POINT('Ctrl Pts',(0.39358714813164,20.1220993101601,1.9));
#5637=CARTESIAN_POINT('Ctrl Pts',(0.338823259364818,20.0962361584375,1.9));
#5638=CARTESIAN_POINT('Ctrl Pts',(0.228198129739638,20.0439916123277,1.9));
#5639=CARTESIAN_POINT('Ctrl Pts',(0.106028998027321,20.0369689565957,1.9));
#5640=CARTESIAN_POINT('Ctrl Pts',(0.0443385004418184,20.0334227979188,1.9));
#5641=CARTESIAN_POINT('',(0.0443385004418184,20.0334227979188,2.));
#5642=CARTESIAN_POINT('Ctrl Pts',(0.0443385004418184,20.0334227979188,1.9));
#5643=CARTESIAN_POINT('Ctrl Pts',(0.0443385004418184,20.0334227979188,2.));
#5644=CARTESIAN_POINT('Ctrl Pts',(-0.0511409835783949,20.0404418268594,
1.9));
#5645=CARTESIAN_POINT('Ctrl Pts',(-0.0511409835783949,20.0404418268594,
2.));
#5646=CARTESIAN_POINT('Ctrl Pts',(-0.236090740490829,20.0540381267309,1.9));
#5647=CARTESIAN_POINT('Ctrl Pts',(-0.236090740490829,20.0540381267309,2.));
#5648=CARTESIAN_POINT('Ctrl Pts',(-0.3790168464333,20.1716270273542,1.9));
#5649=CARTESIAN_POINT('Ctrl Pts',(-0.3790168464333,20.1716270273542,2.));
#5650=CARTESIAN_POINT('Ctrl Pts',(-0.448157990036693,20.2285111844544,1.9));
#5651=CARTESIAN_POINT('Ctrl Pts',(-0.448157990036693,20.2285111844544,2.));
#5652=CARTESIAN_POINT('Ctrl Pts',(0.0443385004418184,20.0334227979188,1.9));
#5653=CARTESIAN_POINT('Ctrl Pts',(-0.0511409835783949,20.0404418268594,
1.9));
#5654=CARTESIAN_POINT('Ctrl Pts',(-0.236090740490829,20.0540381267309,1.9));
#5655=CARTESIAN_POINT('Ctrl Pts',(-0.3790168464333,20.1716270273542,1.9));
#5656=CARTESIAN_POINT('Ctrl Pts',(-0.448157990036693,20.2285111844544,1.9));
#5657=CARTESIAN_POINT('Origin',(0.,0.,1.9));
#5658=CARTESIAN_POINT('Origin',(-3.00341089969704,20.0661648213869,2.));
#5659=CARTESIAN_POINT('',(-2.87107845550606,20.0661648213869,1.9));
#5660=CARTESIAN_POINT('',(-3.13574334388802,20.0661648213869,1.9));
#5661=CARTESIAN_POINT('',(-2.87107845550606,20.0661648213869,1.9));
#5662=CARTESIAN_POINT('',(-3.13574334388802,20.0661648213869,2.));
#5663=CARTESIAN_POINT('',(-2.87107845550606,20.0661648213869,2.));
#5664=CARTESIAN_POINT('Origin',(-3.13574334388798,21.0661648362881,2.));
#5665=CARTESIAN_POINT('',(-3.13574334388795,22.0661648511892,1.9));
#5666=CARTESIAN_POINT('',(-3.13574334388802,20.0661648213869,1.9));
#5667=CARTESIAN_POINT('',(-3.13574334388795,22.0661648511892,2.));
#5668=CARTESIAN_POINT('Origin',(-2.46111890083375,22.0661648511892,2.));
#5669=CARTESIAN_POINT('',(-1.78649445777955,22.0661648511892,1.9));
#5670=CARTESIAN_POINT('',(-3.13574334388795,22.0661648511892,1.9));
#5671=CARTESIAN_POINT('',(-1.78649445777955,22.0661648511892,2.));
#5672=CARTESIAN_POINT('Origin',(-1.78649445777956,21.9481566697364,2.));
#5673=CARTESIAN_POINT('',(-1.78649445777956,21.8301484882837,1.9));
#5674=CARTESIAN_POINT('',(-1.78649445777955,22.0661648511892,1.9));
#5675=CARTESIAN_POINT('',(-1.78649445777956,21.8301484882837,2.));
#5676=CARTESIAN_POINT('Origin',(-2.32878645664278,21.8301484882837,2.));
#5677=CARTESIAN_POINT('',(-2.871078455506,21.8301484882837,1.9));
#5678=CARTESIAN_POINT('',(-1.78649445777956,21.8301484882837,1.9));
#5679=CARTESIAN_POINT('',(-2.871078455506,21.8301484882837,2.));
#5680=CARTESIAN_POINT('Origin',(-2.87107845550601,21.5204622745519,2.));
#5681=CARTESIAN_POINT('',(-2.87107845550602,21.2107760608202,1.9));
#5682=CARTESIAN_POINT('',(-2.871078455506,21.8301484882837,1.9));
#5683=CARTESIAN_POINT('',(-2.87107845550602,21.2107760608202,2.));
#5684=CARTESIAN_POINT('Origin',(-2.40177413230961,21.2107760608202,2.));
#5685=CARTESIAN_POINT('',(-1.9324698091132,21.2107760608201,1.9));
#5686=CARTESIAN_POINT('',(-2.87107845550602,21.2107760608202,1.9));
#5687=CARTESIAN_POINT('',(-1.9324698091132,21.2107760608201,2.));
#5688=CARTESIAN_POINT('Origin',(-1.9324698091132,21.0927678048616,2.));
#5689=CARTESIAN_POINT('',(-1.93246980911321,20.974759548903,1.9));
#5690=CARTESIAN_POINT('',(-1.9324698091132,21.2107760608201,1.9));
#5691=CARTESIAN_POINT('',(-1.93246980911321,20.974759548903,2.));
#5692=CARTESIAN_POINT('Origin',(-2.40177413230962,20.974759548903,2.));
#5693=CARTESIAN_POINT('',(-2.87107845550603,20.9747595489031,1.9));
#5694=CARTESIAN_POINT('',(-1.93246980911321,20.974759548903,1.9));
#5695=CARTESIAN_POINT('',(-2.87107845550603,20.9747595489031,2.));
#5696=CARTESIAN_POINT('Origin',(-2.87107845550604,20.520462185145,2.));
#5697=CARTESIAN_POINT('',(-2.87107845550603,20.9747595489031,1.9));
#5698=CARTESIAN_POINT('Origin',(0.,0.,1.9));
#5699=CARTESIAN_POINT('Origin',(1.13301495307854,20.0661648213868,2.));
#5700=CARTESIAN_POINT('',(1.25579813713005,20.0661648213867,1.9));
#5701=CARTESIAN_POINT('',(1.01023176902702,20.0661648213868,1.9));
#5702=CARTESIAN_POINT('',(1.25579813713005,20.0661648213867,1.9));
#5703=CARTESIAN_POINT('',(1.01023176902702,20.0661648213868,2.));
#5704=CARTESIAN_POINT('',(1.25579813713005,20.0661648213867,2.));
#5705=CARTESIAN_POINT('Origin',(1.01023176902705,20.7905850708489,2.));
#5706=CARTESIAN_POINT('',(1.01023176902707,21.515005320311,1.9));
#5707=CARTESIAN_POINT('',(1.01023176902702,20.0661648213868,1.9));
#5708=CARTESIAN_POINT('',(1.01023176902707,21.515005320311,2.));
#5709=CARTESIAN_POINT('Origin',(1.12073639625485,21.515005320311,2.));
#5710=CARTESIAN_POINT('',(1.23124102348264,21.515005320311,1.9));
#5711=CARTESIAN_POINT('',(1.01023176902707,21.515005320311,1.9));
#5712=CARTESIAN_POINT('',(1.23124102348264,21.515005320311,2.));
#5713=CARTESIAN_POINT('Origin',(1.23124102348263,21.4120038747792,2.));
#5714=CARTESIAN_POINT('',(1.23124102348263,21.3090024292473,1.9));
#5715=CARTESIAN_POINT('',(1.23124102348264,21.515005320311,1.9));
#5716=CARTESIAN_POINT('',(1.23124102348263,21.3090024292473,2.));
#5717=CARTESIAN_POINT('Ctrl Pts',(1.23124102348263,21.3090024292473,1.9));
#5718=CARTESIAN_POINT('Ctrl Pts',(1.23124102348263,21.3090024292473,2.));
#5719=CARTESIAN_POINT('Ctrl Pts',(1.29107341703,21.3786321553737,1.9));
#5720=CARTESIAN_POINT('Ctrl Pts',(1.29107341703,21.3786321553737,2.));
#5721=CARTESIAN_POINT('Ctrl Pts',(1.4125091358469,21.5199525228513,1.9));
#5722=CARTESIAN_POINT('Ctrl Pts',(1.4125091358469,21.5199525228513,2.));
#5723=CARTESIAN_POINT('Ctrl Pts',(1.59817413464431,21.5383927637059,1.9));
#5724=CARTESIAN_POINT('Ctrl Pts',(1.59817413464431,21.5383927637059,2.));
#5725=CARTESIAN_POINT('Ctrl Pts',(1.69236043685849,21.547747343779,1.9));
#5726=CARTESIAN_POINT('Ctrl Pts',(1.69236043685849,21.547747343779,2.));
#5727=CARTESIAN_POINT('',(1.69236043685849,21.547747343779,1.9));
#5728=CARTESIAN_POINT('Ctrl Pts',(1.23124102348263,21.3090024292473,1.9));
#5729=CARTESIAN_POINT('Ctrl Pts',(1.29107341703,21.3786321553737,1.9));
#5730=CARTESIAN_POINT('Ctrl Pts',(1.4125091358469,21.5199525228513,1.9));
#5731=CARTESIAN_POINT('Ctrl Pts',(1.59817413464431,21.5383927637059,1.9));
#5732=CARTESIAN_POINT('Ctrl Pts',(1.69236043685849,21.547747343779,1.9));
#5733=CARTESIAN_POINT('',(1.69236043685849,21.547747343779,2.));
#5734=CARTESIAN_POINT('Ctrl Pts',(1.69236043685849,21.547747343779,1.9));
#5735=CARTESIAN_POINT('Ctrl Pts',(1.69236043685849,21.547747343779,2.));
#5736=CARTESIAN_POINT('Ctrl Pts',(1.73463932668161,21.5459595804196,1.9));
#5737=CARTESIAN_POINT('Ctrl Pts',(1.73463932668161,21.5459595804196,2.));
#5738=CARTESIAN_POINT('Ctrl Pts',(1.81717973172279,21.5424693584099,1.9));
#5739=CARTESIAN_POINT('Ctrl Pts',(1.81717973172279,21.5424693584099,2.));
#5740=CARTESIAN_POINT('Ctrl Pts',(1.89467083447436,21.5139227906378,1.9));
#5741=CARTESIAN_POINT('Ctrl Pts',(1.89467083447436,21.5139227906378,2.));
#5742=CARTESIAN_POINT('Ctrl Pts',(1.93246940368588,21.4999983608727,1.9));
#5743=CARTESIAN_POINT('Ctrl Pts',(1.93246940368588,21.4999983608727,2.));
#5744=CARTESIAN_POINT('',(1.93246940368588,21.4999983608727,1.9));
#5745=CARTESIAN_POINT('Ctrl Pts',(1.69236043685849,21.547747343779,1.9));
#5746=CARTESIAN_POINT('Ctrl Pts',(1.73463932668161,21.5459595804196,1.9));
#5747=CARTESIAN_POINT('Ctrl Pts',(1.81717973172279,21.5424693584099,1.9));
#5748=CARTESIAN_POINT('Ctrl Pts',(1.89467083447436,21.5139227906378,1.9));
#5749=CARTESIAN_POINT('Ctrl Pts',(1.93246940368588,21.4999983608727,1.9));
#5750=CARTESIAN_POINT('',(1.93246940368588,21.4999983608727,2.));
#5751=CARTESIAN_POINT('Ctrl Pts',(1.93246940368588,21.4999983608727,1.9));
#5752=CARTESIAN_POINT('Ctrl Pts',(1.93246940368588,21.4999983608727,2.));
#5753=CARTESIAN_POINT('Ctrl Pts',(1.96628829485523,21.4842061911454,1.9));
#5754=CARTESIAN_POINT('Ctrl Pts',(1.96628829485523,21.4842061911454,2.));
#5755=CARTESIAN_POINT('Ctrl Pts',(2.02984027596094,21.4545297695531,1.9));
#5756=CARTESIAN_POINT('Ctrl Pts',(2.02984027596094,21.4545297695531,2.));
#5757=CARTESIAN_POINT('Ctrl Pts',(2.07596405210895,21.4018581411602,1.9));
#5758=CARTESIAN_POINT('Ctrl Pts',(2.07596405210895,21.4018581411602,2.));
#5759=CARTESIAN_POINT('Ctrl Pts',(2.09754327529843,21.3772154748444,1.9));
#5760=CARTESIAN_POINT('Ctrl Pts',(2.09754327529843,21.3772154748444,2.));
#5761=CARTESIAN_POINT('',(2.09754327529843,21.3772154748444,1.9));
#5762=CARTESIAN_POINT('Ctrl Pts',(1.93246940368588,21.4999983608727,1.9));
#5763=CARTESIAN_POINT('Ctrl Pts',(1.96628829485523,21.4842061911454,1.9));
#5764=CARTESIAN_POINT('Ctrl Pts',(2.02984027596094,21.4545297695531,1.9));
#5765=CARTESIAN_POINT('Ctrl Pts',(2.07596405210895,21.4018581411602,1.9));
#5766=CARTESIAN_POINT('Ctrl Pts',(2.09754327529843,21.3772154748444,1.9));
#5767=CARTESIAN_POINT('',(2.09754327529843,21.3772154748444,2.));
#5768=CARTESIAN_POINT('Ctrl Pts',(2.09754327529843,21.3772154748444,1.9));
#5769=CARTESIAN_POINT('Ctrl Pts',(2.09754327529843,21.3772154748444,2.));
#5770=CARTESIAN_POINT('Ctrl Pts',(2.11448375666916,21.349990544676,1.9));
#5771=CARTESIAN_POINT('Ctrl Pts',(2.11448375666916,21.349990544676,2.));
#5772=CARTESIAN_POINT('Ctrl Pts',(2.14957184869863,21.2936007152291,1.9));
#5773=CARTESIAN_POINT('Ctrl Pts',(2.14957184869863,21.2936007152291,2.));
#5774=CARTESIAN_POINT('Ctrl Pts',(2.1656344992686,21.2291190892388,1.9));
#5775=CARTESIAN_POINT('Ctrl Pts',(2.1656344992686,21.2291190892388,2.));
#5776=CARTESIAN_POINT('Ctrl Pts',(2.17394212478573,21.1957691013817,1.9));
#5777=CARTESIAN_POINT('Ctrl Pts',(2.17394212478573,21.1957691013817,2.));
#5778=CARTESIAN_POINT('',(2.17394212478573,21.1957691013817,1.9));
#5779=CARTESIAN_POINT('Ctrl Pts',(2.09754327529843,21.3772154748444,1.9));
#5780=CARTESIAN_POINT('Ctrl Pts',(2.11448375666916,21.349990544676,1.9));
#5781=CARTESIAN_POINT('Ctrl Pts',(2.14957184869863,21.2936007152291,1.9));
#5782=CARTESIAN_POINT('Ctrl Pts',(2.1656344992686,21.2291190892388,1.9));
#5783=CARTESIAN_POINT('Ctrl Pts',(2.17394212478573,21.1957691013817,1.9));
#5784=CARTESIAN_POINT('',(2.17394212478573,21.1957691013817,2.));
#5785=CARTESIAN_POINT('Ctrl Pts',(2.17394212478573,21.1957691013817,1.9));
#5786=CARTESIAN_POINT('Ctrl Pts',(2.17394212478573,21.1957691013817,2.));
#5787=CARTESIAN_POINT('Ctrl Pts',(2.17787859397947,21.164539808171,1.9));
#5788=CARTESIAN_POINT('Ctrl Pts',(2.17787859397947,21.164539808171,2.));
#5789=CARTESIAN_POINT('Ctrl Pts',(2.18786452985642,21.0853181239316,1.9));
#5790=CARTESIAN_POINT('Ctrl Pts',(2.18786452985642,21.0853181239316,2.));
#5791=CARTESIAN_POINT('Ctrl Pts',(2.18769010327383,21.0054239632273,1.9));
#5792=CARTESIAN_POINT('Ctrl Pts',(2.18769010327383,21.0054239632273,2.));
#5793=CARTESIAN_POINT('Ctrl Pts',(2.18758443588191,20.95702418685,1.9));
#5794=CARTESIAN_POINT('Ctrl Pts',(2.18758443588191,20.95702418685,2.));
#5795=CARTESIAN_POINT('',(2.18758443588191,20.95702418685,1.9));
#5796=CARTESIAN_POINT('Ctrl Pts',(2.17394212478573,21.1957691013817,1.9));
#5797=CARTESIAN_POINT('Ctrl Pts',(2.17787859397947,21.164539808171,1.9));
#5798=CARTESIAN_POINT('Ctrl Pts',(2.18786452985642,21.0853181239316,1.9));
#5799=CARTESIAN_POINT('Ctrl Pts',(2.18769010327383,21.0054239632273,1.9));
#5800=CARTESIAN_POINT('Ctrl Pts',(2.18758443588191,20.95702418685,1.9));
#5801=CARTESIAN_POINT('',(2.18758443588191,20.95702418685,2.));
#5802=CARTESIAN_POINT('Origin',(2.1875844358819,20.5115945041183,2.));
#5803=CARTESIAN_POINT('',(2.18758443588188,20.0661648213867,1.9));
#5804=CARTESIAN_POINT('',(2.18758443588191,20.95702418685,1.9));
#5805=CARTESIAN_POINT('',(2.18758443588188,20.0661648213867,2.));
#5806=CARTESIAN_POINT('Origin',(2.06480125183037,20.0661648213867,2.));
#5807=CARTESIAN_POINT('',(1.94201806777885,20.0661648213867,1.9));
#5808=CARTESIAN_POINT('',(2.18758443588188,20.0661648213867,1.9));
#5809=CARTESIAN_POINT('',(1.94201806777885,20.0661648213867,2.));
#5810=CARTESIAN_POINT('Origin',(1.94201806777887,20.5068195760254,2.));
#5811=CARTESIAN_POINT('',(1.94201806777888,20.9474743306641,1.9));
#5812=CARTESIAN_POINT('',(1.94201806777885,20.0661648213867,1.9));
#5813=CARTESIAN_POINT('',(1.94201806777888,20.9474743306641,2.));
#5814=CARTESIAN_POINT('Ctrl Pts',(1.94201806777888,20.9474743306641,1.9));
#5815=CARTESIAN_POINT('Ctrl Pts',(1.94201806777888,20.9474743306641,2.));
#5816=CARTESIAN_POINT('Ctrl Pts',(1.94179692198455,20.9914382890261,1.9));
#5817=CARTESIAN_POINT('Ctrl Pts',(1.94179692198455,20.9914382890261,2.));
#5818=CARTESIAN_POINT('Ctrl Pts',(1.94141522445431,21.0673200591396,1.9));
#5819=CARTESIAN_POINT('Ctrl Pts',(1.94141522445431,21.0673200591396,2.));
#5820=CARTESIAN_POINT('Ctrl Pts',(1.92167354585367,21.1404515920727,1.9));
#5821=CARTESIAN_POINT('Ctrl Pts',(1.92167354585367,21.1404515920727,2.));
#5822=CARTESIAN_POINT('Ctrl Pts',(1.91336969131405,21.1712125837807,1.9));
#5823=CARTESIAN_POINT('Ctrl Pts',(1.91336969131405,21.1712125837807,2.));
#5824=CARTESIAN_POINT('',(1.91336969131405,21.1712125837807,1.9));
#5825=CARTESIAN_POINT('Ctrl Pts',(1.94201806777888,20.9474743306641,1.9));
#5826=CARTESIAN_POINT('Ctrl Pts',(1.94179692198455,20.9914382890261,1.9));
#5827=CARTESIAN_POINT('Ctrl Pts',(1.94141522445431,21.0673200591396,1.9));
#5828=CARTESIAN_POINT('Ctrl Pts',(1.92167354585367,21.1404515920727,1.9));
#5829=CARTESIAN_POINT('Ctrl Pts',(1.91336969131405,21.1712125837807,1.9));
#5830=CARTESIAN_POINT('',(1.91336969131405,21.1712125837807,2.));
#5831=CARTESIAN_POINT('Ctrl Pts',(1.91336969131405,21.1712125837807,1.9));
#5832=CARTESIAN_POINT('Ctrl Pts',(1.91336969131405,21.1712125837807,2.));
#5833=CARTESIAN_POINT('Ctrl Pts',(1.90173636276755,21.1950382908329,1.9));
#5834=CARTESIAN_POINT('Ctrl Pts',(1.90173636276755,21.1950382908329,2.));
#5835=CARTESIAN_POINT('Ctrl Pts',(1.87805674469986,21.243535472094,1.9));
#5836=CARTESIAN_POINT('Ctrl Pts',(1.87805674469986,21.243535472094,2.));
#5837=CARTESIAN_POINT('Ctrl Pts',(1.8336437445156,21.2742685109012,1.9));
#5838=CARTESIAN_POINT('Ctrl Pts',(1.8336437445156,21.2742685109012,2.));
#5839=CARTESIAN_POINT('Ctrl Pts',(1.81104997390682,21.2899030148987,1.9));
#5840=CARTESIAN_POINT('Ctrl Pts',(1.81104997390682,21.2899030148987,2.));
#5841=CARTESIAN_POINT('',(1.81104997390682,21.2899030148987,1.9));
#5842=CARTESIAN_POINT('Ctrl Pts',(1.91336969131405,21.1712125837807,1.9));
#5843=CARTESIAN_POINT('Ctrl Pts',(1.90173636276755,21.1950382908329,1.9));
#5844=CARTESIAN_POINT('Ctrl Pts',(1.87805674469986,21.243535472094,1.9));
#5845=CARTESIAN_POINT('Ctrl Pts',(1.8336437445156,21.2742685109012,1.9));
#5846=CARTESIAN_POINT('Ctrl Pts',(1.81104997390682,21.2899030148987,1.9));
#5847=CARTESIAN_POINT('',(1.81104997390682,21.2899030148987,2.));
#5848=CARTESIAN_POINT('Ctrl Pts',(1.81104997390682,21.2899030148987,1.9));
#5849=CARTESIAN_POINT('Ctrl Pts',(1.81104997390682,21.2899030148987,2.));
#5850=CARTESIAN_POINT('Ctrl Pts',(1.78529278804878,21.3030287535212,1.9));
#5851=CARTESIAN_POINT('Ctrl Pts',(1.78529278804878,21.3030287535212,2.));
#5852=CARTESIAN_POINT('Ctrl Pts',(1.73175978803895,21.3303089140823,1.9));
#5853=CARTESIAN_POINT('Ctrl Pts',(1.73175978803895,21.3303089140823,2.));
#5854=CARTESIAN_POINT('Ctrl Pts',(1.67168746792557,21.3333469828609,1.9));
#5855=CARTESIAN_POINT('Ctrl Pts',(1.67168746792557,21.3333469828609,2.));
#5856=CARTESIAN_POINT('Ctrl Pts',(1.64051870101864,21.3349232971672,1.9));
#5857=CARTESIAN_POINT('Ctrl Pts',(1.64051870101864,21.3349232971672,2.));
#5858=CARTESIAN_POINT('',(1.64051870101864,21.3349232971672,1.9));
#5859=CARTESIAN_POINT('Ctrl Pts',(1.81104997390682,21.2899030148987,1.9));
#5860=CARTESIAN_POINT('Ctrl Pts',(1.78529278804878,21.3030287535212,1.9));
#5861=CARTESIAN_POINT('Ctrl Pts',(1.73175978803895,21.3303089140823,1.9));
#5862=CARTESIAN_POINT('Ctrl Pts',(1.67168746792557,21.3333469828609,1.9));
#5863=CARTESIAN_POINT('Ctrl Pts',(1.64051870101864,21.3349232971672,1.9));
#5864=CARTESIAN_POINT('',(1.64051870101864,21.3349232971672,2.));
#5865=CARTESIAN_POINT('Ctrl Pts',(1.64051870101864,21.3349232971672,1.9));
#5866=CARTESIAN_POINT('Ctrl Pts',(1.64051870101864,21.3349232971672,2.));
#5867=CARTESIAN_POINT('Ctrl Pts',(1.59015995950664,21.3309257192231,1.9));
#5868=CARTESIAN_POINT('Ctrl Pts',(1.59015995950664,21.3309257192231,2.));
#5869=CARTESIAN_POINT('Ctrl Pts',(1.49034462892039,21.3230021780055,1.9));
#5870=CARTESIAN_POINT('Ctrl Pts',(1.49034462892039,21.3230021780055,2.));
#5871=CARTESIAN_POINT('Ctrl Pts',(1.40922479346073,21.2643791624726,1.9));
#5872=CARTESIAN_POINT('Ctrl Pts',(1.40922479346073,21.2643791624726,2.));
#5873=CARTESIAN_POINT('Ctrl Pts',(1.36903146499569,21.235332578421,1.9));
#5874=CARTESIAN_POINT('Ctrl Pts',(1.36903146499569,21.235332578421,2.));
#5875=CARTESIAN_POINT('',(1.36903146499569,21.235332578421,1.9));
#5876=CARTESIAN_POINT('Ctrl Pts',(1.64051870101864,21.3349232971672,1.9));
#5877=CARTESIAN_POINT('Ctrl Pts',(1.59015995950664,21.3309257192231,1.9));
#5878=CARTESIAN_POINT('Ctrl Pts',(1.49034462892039,21.3230021780055,1.9));
#5879=CARTESIAN_POINT('Ctrl Pts',(1.40922479346073,21.2643791624726,1.9));
#5880=CARTESIAN_POINT('Ctrl Pts',(1.36903146499569,21.235332578421,1.9));
#5881=CARTESIAN_POINT('',(1.36903146499569,21.235332578421,2.));
#5882=CARTESIAN_POINT('Ctrl Pts',(1.36903146499569,21.235332578421,1.9));
#5883=CARTESIAN_POINT('Ctrl Pts',(1.36903146499569,21.235332578421,2.));
#5884=CARTESIAN_POINT('Ctrl Pts',(1.33623489920365,21.1887614267003,1.9));
#5885=CARTESIAN_POINT('Ctrl Pts',(1.33623489920365,21.1887614267003,2.));
#5886=CARTESIAN_POINT('Ctrl Pts',(1.25733427127694,21.0767224669708,1.9));
#5887=CARTESIAN_POINT('Ctrl Pts',(1.25733427127694,21.0767224669708,2.));
#5888=CARTESIAN_POINT('Ctrl Pts',(1.25636469206589,20.93831134256,1.9));
#5889=CARTESIAN_POINT('Ctrl Pts',(1.25636469206589,20.93831134256,2.));
#5890=CARTESIAN_POINT('Ctrl Pts',(1.25579813713008,20.8574334681038,1.9));
#5891=CARTESIAN_POINT('Ctrl Pts',(1.25579813713008,20.8574334681038,2.));
#5892=CARTESIAN_POINT('',(1.25579813713008,20.8574334681038,1.9));
#5893=CARTESIAN_POINT('Ctrl Pts',(1.36903146499569,21.235332578421,1.9));
#5894=CARTESIAN_POINT('Ctrl Pts',(1.33623489920365,21.1887614267003,1.9));
#5895=CARTESIAN_POINT('Ctrl Pts',(1.25733427127694,21.0767224669708,1.9));
#5896=CARTESIAN_POINT('Ctrl Pts',(1.25636469206589,20.93831134256,1.9));
#5897=CARTESIAN_POINT('Ctrl Pts',(1.25579813713008,20.8574334681038,1.9));
#5898=CARTESIAN_POINT('',(1.25579813713008,20.8574334681038,2.));
#5899=CARTESIAN_POINT('Origin',(1.25579813713006,20.4617991447453,2.));
#5900=CARTESIAN_POINT('',(1.25579813713008,20.8574334681038,1.9));
#5901=CARTESIAN_POINT('Origin',(0.,0.,1.9));
#5902=CARTESIAN_POINT('Ctrl Pts',(2.99249628776482,20.2762604653839,1.9));
#5903=CARTESIAN_POINT('Ctrl Pts',(2.99249628776482,20.2762604653839,2.));
#5904=CARTESIAN_POINT('Ctrl Pts',(3.0083188402877,20.276821930932,1.9));
#5905=CARTESIAN_POINT('Ctrl Pts',(3.0083188402877,20.276821930932,2.));
#5906=CARTESIAN_POINT('Ctrl Pts',(3.04440473871672,20.278102444219,1.9));
#5907=CARTESIAN_POINT('Ctrl Pts',(3.04440473871672,20.278102444219,2.));
#5908=CARTESIAN_POINT('Ctrl Pts',(3.08018211381992,20.2830383564576,1.9));
#5909=CARTESIAN_POINT('Ctrl Pts',(3.08018211381992,20.2830383564576,2.));
#5910=CARTESIAN_POINT('Ctrl Pts',(3.10027221435479,20.2858100235466,1.9));
#5911=CARTESIAN_POINT('Ctrl Pts',(3.10027221435479,20.2858100235466,2.));
#5912=CARTESIAN_POINT('',(2.99249628776482,20.2762604653839,1.9));
#5913=CARTESIAN_POINT('',(3.10027221435479,20.2858100235466,1.9));
#5914=CARTESIAN_POINT('Ctrl Pts',(2.99249628776482,20.2762604653839,1.9));
#5915=CARTESIAN_POINT('Ctrl Pts',(3.0083188402877,20.276821930932,1.9));
#5916=CARTESIAN_POINT('Ctrl Pts',(3.04440473871672,20.278102444219,1.9));
#5917=CARTESIAN_POINT('Ctrl Pts',(3.08018211381992,20.2830383564576,1.9));
#5918=CARTESIAN_POINT('Ctrl Pts',(3.10027221435479,20.2858100235466,1.9));
#5919=CARTESIAN_POINT('',(3.10027221435479,20.2858100235466,2.));
#5920=CARTESIAN_POINT('',(2.99249628776482,20.2762604653839,2.));
#5921=CARTESIAN_POINT('Origin',(3.1180075764077,20.1773516237739,2.));
#5922=CARTESIAN_POINT('',(3.13574293846062,20.0688932240013,1.9));
#5923=CARTESIAN_POINT('',(3.10027221435479,20.2858100235466,1.9));
#5924=CARTESIAN_POINT('',(3.13574293846062,20.0688932240013,2.));
#5925=CARTESIAN_POINT('Ctrl Pts',(3.13574293846062,20.0688932240013,1.9));
#5926=CARTESIAN_POINT('Ctrl Pts',(3.13574293846062,20.0688932240013,2.));
#5927=CARTESIAN_POINT('Ctrl Pts',(3.10310352796425,20.0625347114209,1.9));
#5928=CARTESIAN_POINT('Ctrl Pts',(3.10310352796425,20.0625347114209,2.));
#5929=CARTESIAN_POINT('Ctrl Pts',(3.04179083519225,20.0505903312254,1.9));
#5930=CARTESIAN_POINT('Ctrl Pts',(3.04179083519225,20.0505903312254,2.));
#5931=CARTESIAN_POINT('Ctrl Pts',(2.97938766111149,20.0481883917428,1.9));
#5932=CARTESIAN_POINT('Ctrl Pts',(2.97938766111149,20.0481883917428,2.));
#5933=CARTESIAN_POINT('Ctrl Pts',(2.95020440811089,20.0470651090149,1.9));
#5934=CARTESIAN_POINT('Ctrl Pts',(2.95020440811089,20.0470651090149,2.));
#5935=CARTESIAN_POINT('',(2.95020440811089,20.0470651090149,1.9));
#5936=CARTESIAN_POINT('Ctrl Pts',(3.13574293846062,20.0688932240013,1.9));
#5937=CARTESIAN_POINT('Ctrl Pts',(3.10310352796425,20.0625347114209,1.9));
#5938=CARTESIAN_POINT('Ctrl Pts',(3.04179083519225,20.0505903312254,1.9));
#5939=CARTESIAN_POINT('Ctrl Pts',(2.97938766111149,20.0481883917428,1.9));
#5940=CARTESIAN_POINT('Ctrl Pts',(2.95020440811089,20.0470651090149,1.9));
#5941=CARTESIAN_POINT('',(2.95020440811089,20.0470651090149,2.));
#5942=CARTESIAN_POINT('Ctrl Pts',(2.95020440811089,20.0470651090149,1.9));
#5943=CARTESIAN_POINT('Ctrl Pts',(2.95020440811089,20.0470651090149,2.));
#5944=CARTESIAN_POINT('Ctrl Pts',(2.91003693868218,20.0478378810878,1.9));
#5945=CARTESIAN_POINT('Ctrl Pts',(2.91003693868218,20.0478378810878,2.));
#5946=CARTESIAN_POINT('Ctrl Pts',(2.83812253386224,20.0492214246488,1.9));
#5947=CARTESIAN_POINT('Ctrl Pts',(2.83812253386224,20.0492214246488,2.));
#5948=CARTESIAN_POINT('Ctrl Pts',(2.77201911459942,20.0770654272914,1.9));
#5949=CARTESIAN_POINT('Ctrl Pts',(2.77201911459942,20.0770654272914,2.));
#5950=CARTESIAN_POINT('Ctrl Pts',(2.74283746475151,20.089357286692,1.9));
#5951=CARTESIAN_POINT('Ctrl Pts',(2.74283746475151,20.089357286692,2.));
#5952=CARTESIAN_POINT('',(2.74283746475151,20.089357286692,1.9));
#5953=CARTESIAN_POINT('Ctrl Pts',(2.95020440811089,20.0470651090149,1.9));
#5954=CARTESIAN_POINT('Ctrl Pts',(2.91003693868218,20.0478378810878,1.9));
#5955=CARTESIAN_POINT('Ctrl Pts',(2.83812253386224,20.0492214246488,1.9));
#5956=CARTESIAN_POINT('Ctrl Pts',(2.77201911459942,20.0770654272914,1.9));
#5957=CARTESIAN_POINT('Ctrl Pts',(2.74283746475151,20.089357286692,1.9));
#5958=CARTESIAN_POINT('',(2.74283746475151,20.089357286692,2.));
#5959=CARTESIAN_POINT('Ctrl Pts',(2.74283746475151,20.089357286692,1.9));
#5960=CARTESIAN_POINT('Ctrl Pts',(2.74283746475151,20.089357286692,2.));
#5961=CARTESIAN_POINT('Ctrl Pts',(2.72029340279158,20.1041073076519,1.9));
#5962=CARTESIAN_POINT('Ctrl Pts',(2.72029340279158,20.1041073076519,2.));
#5963=CARTESIAN_POINT('Ctrl Pts',(2.67674069890356,20.1326027623019,1.9));
#5964=CARTESIAN_POINT('Ctrl Pts',(2.67674069890356,20.1326027623019,2.));
#5965=CARTESIAN_POINT('Ctrl Pts',(2.65138492837985,20.1779753901049,1.9));
#5966=CARTESIAN_POINT('Ctrl Pts',(2.65138492837985,20.1779753901049,2.));
#5967=CARTESIAN_POINT('Ctrl Pts',(2.63915399307183,20.1998619139198,1.9));
#5968=CARTESIAN_POINT('Ctrl Pts',(2.63915399307183,20.1998619139198,2.));
#5969=CARTESIAN_POINT('',(2.63915399307183,20.1998619139198,1.9));
#5970=CARTESIAN_POINT('Ctrl Pts',(2.74283746475151,20.089357286692,1.9));
#5971=CARTESIAN_POINT('Ctrl Pts',(2.72029340279158,20.1041073076519,1.9));
#5972=CARTESIAN_POINT('Ctrl Pts',(2.67674069890356,20.1326027623019,1.9));
#5973=CARTESIAN_POINT('Ctrl Pts',(2.65138492837985,20.1779753901049,1.9));
#5974=CARTESIAN_POINT('Ctrl Pts',(2.63915399307183,20.1998619139198,1.9));
#5975=CARTESIAN_POINT('',(2.63915399307183,20.1998619139198,2.));
#5976=CARTESIAN_POINT('Ctrl Pts',(2.63915399307183,20.1998619139198,1.9));
#5977=CARTESIAN_POINT('Ctrl Pts',(2.63915399307183,20.1998619139198,2.));
#5978=CARTESIAN_POINT('Ctrl Pts',(2.63052590436041,20.2355337924021,1.9));
#5979=CARTESIAN_POINT('Ctrl Pts',(2.63052590436041,20.2355337924021,2.));
#5980=CARTESIAN_POINT('Ctrl Pts',(2.60748952296529,20.3307751633805,1.9));
#5981=CARTESIAN_POINT('Ctrl Pts',(2.60748952296529,20.3307751633805,2.));
#5982=CARTESIAN_POINT('Ctrl Pts',(2.6085045938085,20.4290080216582,1.9));
#5983=CARTESIAN_POINT('Ctrl Pts',(2.6085045938085,20.4290080216582,2.));
#5984=CARTESIAN_POINT('Ctrl Pts',(2.60913947814874,20.4904485642914,1.9));
#5985=CARTESIAN_POINT('Ctrl Pts',(2.60913947814874,20.4904485642914,2.));
#5986=CARTESIAN_POINT('',(2.60913947814874,20.4904485642914,1.9));
#5987=CARTESIAN_POINT('Ctrl Pts',(2.63915399307183,20.1998619139198,1.9));
#5988=CARTESIAN_POINT('Ctrl Pts',(2.63052590436041,20.2355337924021,1.9));
#5989=CARTESIAN_POINT('Ctrl Pts',(2.60748952296529,20.3307751633805,1.9));
#5990=CARTESIAN_POINT('Ctrl Pts',(2.6085045938085,20.4290080216582,1.9));
#5991=CARTESIAN_POINT('Ctrl Pts',(2.60913947814874,20.4904485642914,1.9));
#5992=CARTESIAN_POINT('',(2.60913947814874,20.4904485642914,2.));
#5993=CARTESIAN_POINT('Origin',(2.60913947814875,20.9072289764885,2.));
#5994=CARTESIAN_POINT('',(2.60913947814877,21.3240093886856,1.9));
#5995=CARTESIAN_POINT('',(2.60913947814874,20.4904485642914,1.9));
#5996=CARTESIAN_POINT('',(2.60913947814877,21.3240093886856,2.));
#5997=CARTESIAN_POINT('Origin',(2.51909891361172,21.3240093886856,2.));
#5998=CARTESIAN_POINT('',(2.42905834907467,21.3240093886856,1.9));
#5999=CARTESIAN_POINT('',(2.60913947814877,21.3240093886856,1.9));
#6000=CARTESIAN_POINT('',(2.42905834907467,21.3240093886856,2.));
#6001=CARTESIAN_POINT('Origin',(2.42905834907467,21.4195073544983,2.));
#6002=CARTESIAN_POINT('',(2.42905834907468,21.515005320311,1.9));
#6003=CARTESIAN_POINT('',(2.42905834907467,21.3240093886856,1.9));
#6004=CARTESIAN_POINT('',(2.42905834907468,21.515005320311,2.));
#6005=CARTESIAN_POINT('Origin',(2.51909891361173,21.515005320311,2.));
#6006=CARTESIAN_POINT('',(2.60913947814877,21.515005320311,1.9));
#6007=CARTESIAN_POINT('',(2.42905834907468,21.515005320311,1.9));
#6008=CARTESIAN_POINT('',(2.60913947814877,21.515005320311,2.));
#6009=CARTESIAN_POINT('Origin',(2.60913947814878,21.6944048702721,2.));
#6010=CARTESIAN_POINT('',(2.60913947814879,21.8738044202331,1.9));
#6011=CARTESIAN_POINT('',(2.60913947814877,21.515005320311,1.9));
#6012=CARTESIAN_POINT('',(2.60913947814879,21.8738044202331,2.));
#6013=CARTESIAN_POINT('Origin',(2.73124078506407,21.9474742710594,2.));
#6014=CARTESIAN_POINT('',(2.85334209197936,22.0211441218857,1.9));
#6015=CARTESIAN_POINT('',(2.60913947814879,21.8738044202331,1.9));
#6016=CARTESIAN_POINT('',(2.85334209197936,22.0211441218857,2.));
#6017=CARTESIAN_POINT('Origin',(2.85334209197935,21.7680747210983,2.));
#6018=CARTESIAN_POINT('',(2.85334209197934,21.515005320311,1.9));
#6019=CARTESIAN_POINT('',(2.85334209197936,22.0211441218857,1.9));
#6020=CARTESIAN_POINT('',(2.85334209197934,21.515005320311,2.));
#6021=CARTESIAN_POINT('Origin',(2.97680715316708,21.5150053203109,2.));
#6022=CARTESIAN_POINT('',(3.10027221435483,21.5150053203109,1.9));
#6023=CARTESIAN_POINT('',(2.85334209197934,21.515005320311,1.9));
#6024=CARTESIAN_POINT('',(3.10027221435483,21.5150053203109,2.));
#6025=CARTESIAN_POINT('Origin',(3.10027221435483,21.4195073544983,2.));
#6026=CARTESIAN_POINT('',(3.10027221435482,21.3240093886856,1.9));
#6027=CARTESIAN_POINT('',(3.10027221435483,21.5150053203109,1.9));
#6028=CARTESIAN_POINT('',(3.10027221435482,21.3240093886856,2.));
#6029=CARTESIAN_POINT('Origin',(2.97680715316708,21.3240093886856,2.));
#6030=CARTESIAN_POINT('',(2.85334209197933,21.3240093886856,1.9));
#6031=CARTESIAN_POINT('',(3.10027221435482,21.3240093886856,1.9));
#6032=CARTESIAN_POINT('',(2.85334209197933,21.3240093886856,2.));
#6033=CARTESIAN_POINT('Origin',(2.85334209197932,20.9004076719288,2.));
#6034=CARTESIAN_POINT('',(2.85334209197931,20.4768059551719,1.9));
#6035=CARTESIAN_POINT('',(2.85334209197933,21.3240093886856,1.9));
#6036=CARTESIAN_POINT('',(2.85334209197931,20.4768059551719,2.));
#6037=CARTESIAN_POINT('Ctrl Pts',(2.85334209197931,20.4768059551719,1.9));
#6038=CARTESIAN_POINT('Ctrl Pts',(2.85334209197931,20.4768059551719,2.));
#6039=CARTESIAN_POINT('Ctrl Pts',(2.85299475777004,20.4478899582765,1.9));
#6040=CARTESIAN_POINT('Ctrl Pts',(2.85299475777004,20.4478899582765,2.));
#6041=CARTESIAN_POINT('Ctrl Pts',(2.85244776223941,20.4023519126604,1.9));
#6042=CARTESIAN_POINT('Ctrl Pts',(2.85244776223941,20.4023519126604,2.));
#6043=CARTESIAN_POINT('Ctrl Pts',(2.86209812579872,20.3579513596878,1.9));
#6044=CARTESIAN_POINT('Ctrl Pts',(2.86209812579872,20.3579513596878,2.));
#6045=CARTESIAN_POINT('Ctrl Pts',(2.86562064880303,20.3417445123199,1.9));
#6046=CARTESIAN_POINT('Ctrl Pts',(2.86562064880303,20.3417445123199,2.));
#6047=CARTESIAN_POINT('',(2.86562064880303,20.3417445123199,1.9));
#6048=CARTESIAN_POINT('Ctrl Pts',(2.85334209197931,20.4768059551719,1.9));
#6049=CARTESIAN_POINT('Ctrl Pts',(2.85299475777004,20.4478899582765,1.9));
#6050=CARTESIAN_POINT('Ctrl Pts',(2.85244776223941,20.4023519126604,1.9));
#6051=CARTESIAN_POINT('Ctrl Pts',(2.86209812579872,20.3579513596878,1.9));
#6052=CARTESIAN_POINT('Ctrl Pts',(2.86562064880303,20.3417445123199,1.9));
#6053=CARTESIAN_POINT('',(2.86562064880303,20.3417445123199,2.));
#6054=CARTESIAN_POINT('Ctrl Pts',(2.86562064880303,20.3417445123199,1.9));
#6055=CARTESIAN_POINT('Ctrl Pts',(2.86562064880303,20.3417445123199,2.));
#6056=CARTESIAN_POINT('Ctrl Pts',(2.870820764293,20.3322346249573,1.9));
#6057=CARTESIAN_POINT('Ctrl Pts',(2.870820764293,20.3322346249573,2.));
#6058=CARTESIAN_POINT('Ctrl Pts',(2.88128191023554,20.3131034499307,1.9));
#6059=CARTESIAN_POINT('Ctrl Pts',(2.88128191023554,20.3131034499307,2.));
#6060=CARTESIAN_POINT('Ctrl Pts',(2.89900126261737,20.3003895138849,1.9));
#6061=CARTESIAN_POINT('Ctrl Pts',(2.89900126261737,20.3003895138849,2.));
#6062=CARTESIAN_POINT('Ctrl Pts',(2.90791252845696,20.2939955294136,1.9));
#6063=CARTESIAN_POINT('Ctrl Pts',(2.90791252845696,20.2939955294136,2.));
#6064=CARTESIAN_POINT('',(2.90791252845696,20.2939955294136,1.9));
#6065=CARTESIAN_POINT('Ctrl Pts',(2.86562064880303,20.3417445123199,1.9));
#6066=CARTESIAN_POINT('Ctrl Pts',(2.870820764293,20.3322346249573,1.9));
#6067=CARTESIAN_POINT('Ctrl Pts',(2.88128191023554,20.3131034499307,1.9));
#6068=CARTESIAN_POINT('Ctrl Pts',(2.89900126261737,20.3003895138849,1.9));
#6069=CARTESIAN_POINT('Ctrl Pts',(2.90791252845696,20.2939955294136,1.9));
#6070=CARTESIAN_POINT('',(2.90791252845696,20.2939955294136,2.));
#6071=CARTESIAN_POINT('Ctrl Pts',(2.90791252845696,20.2939955294136,1.9));
#6072=CARTESIAN_POINT('Ctrl Pts',(2.90791252845696,20.2939955294136,2.));
#6073=CARTESIAN_POINT('Ctrl Pts',(2.91980068706272,20.2888407324736,1.9));
#6074=CARTESIAN_POINT('Ctrl Pts',(2.91980068706272,20.2888407324736,2.));
#6075=CARTESIAN_POINT('Ctrl Pts',(2.94669762488136,20.2771780135142,1.9));
#6076=CARTESIAN_POINT('Ctrl Pts',(2.94669762488136,20.2771780135142,2.));
#6077=CARTESIAN_POINT('Ctrl Pts',(2.97609322708109,20.2765890906475,1.9));
#6078=CARTESIAN_POINT('Ctrl Pts',(2.97609322708109,20.2765890906475,2.));
#6079=CARTESIAN_POINT('Ctrl Pts',(2.99249628776482,20.2762604653839,1.9));
#6080=CARTESIAN_POINT('Ctrl Pts',(2.99249628776482,20.2762604653839,2.));
#6081=CARTESIAN_POINT('Ctrl Pts',(2.90791252845696,20.2939955294136,1.9));
#6082=CARTESIAN_POINT('Ctrl Pts',(2.91980068706272,20.2888407324736,1.9));
#6083=CARTESIAN_POINT('Ctrl Pts',(2.94669762488136,20.2771780135142,1.9));
#6084=CARTESIAN_POINT('Ctrl Pts',(2.97609322708109,20.2765890906475,1.9));
#6085=CARTESIAN_POINT('Ctrl Pts',(2.99249628776482,20.2762604653839,1.9));
#6086=CARTESIAN_POINT('Origin',(0.,0.,1.9));
#6087=CARTESIAN_POINT('Origin',(-19.,-21.5,1.));
#6088=CARTESIAN_POINT('',(-17.5,-21.5,1.));
#6089=CARTESIAN_POINT('Origin',(19.,21.5,1.));
#6090=CARTESIAN_POINT('',(20.5,21.5,1.));
#6091=CARTESIAN_POINT('Origin',(-19.,21.5,1.));
#6092=CARTESIAN_POINT('',(-17.5,21.5,1.));
#6093=CARTESIAN_POINT('Origin',(19.,-21.5,1.));
#6094=CARTESIAN_POINT('',(20.5,-21.5,1.));
#6095=CARTESIAN_POINT('Origin',(12.,-13.,0.));
#6096=CARTESIAN_POINT('',(12.,-13.,0.));
#6097=CARTESIAN_POINT('',(12.,0.,0.));
#6098=CARTESIAN_POINT('Origin',(12.,0.,0.));
#6099=CARTESIAN_POINT('',(12.,9.99999997019768,0.));
#6100=CARTESIAN_POINT('Origin',(12.,9.99999997019768,0.));
#6101=CARTESIAN_POINT('',(-12.,9.99999997019768,0.));
#6102=CARTESIAN_POINT('Origin',(-12.,9.99999997019768,0.));
#6103=CARTESIAN_POINT('',(-12.,1.83697019872103E-16,0.));
#6104=CARTESIAN_POINT('Origin',(-12.,0.,0.));
#6105=CARTESIAN_POINT('',(-12.,-13.,0.));
#6106=CARTESIAN_POINT('Origin',(-12.,-13.,0.));
#6107=CARTESIAN_POINT('',(-12.,-15.0000000298023,0.));
#6108=CARTESIAN_POINT('Origin',(-12.,-15.0000000298023,0.));
#6109=CARTESIAN_POINT('',(12.,-15.0000000298023,0.));
#6110=CARTESIAN_POINT('Origin',(12.,-15.0000000298023,0.));
#6111=CARTESIAN_POINT('',(0.,0.,0.));
#6112=CARTESIAN_POINT('Origin',(-10.5,-13.,2.));
#6113=CARTESIAN_POINT('',(-9.5,-13.,0.));
#6114=CARTESIAN_POINT('Origin',(-10.5,-13.,0.));
#6115=CARTESIAN_POINT('',(-9.5,-13.,2.5));
#6116=CARTESIAN_POINT('',(-9.5,-13.,2.));
#6117=CARTESIAN_POINT('Origin',(-10.5,-13.,2.5));
#6118=CARTESIAN_POINT('Origin',(10.5,0.,2.));
#6119=CARTESIAN_POINT('',(11.5,1.22464679914735E-16,0.));
#6120=CARTESIAN_POINT('Origin',(10.5,0.,0.));
#6121=CARTESIAN_POINT('',(11.5,1.22464679914735E-16,4.));
#6122=CARTESIAN_POINT('',(11.5,1.22464679914735E-16,2.));
#6123=CARTESIAN_POINT('Origin',(10.5,0.,4.));
#6124=CARTESIAN_POINT('Origin',(10.5,0.,4.));
#6125=CARTESIAN_POINT('Origin',(-10.5,0.,2.));
#6126=CARTESIAN_POINT('',(-9.5,1.22464679914735E-16,0.));
#6127=CARTESIAN_POINT('Origin',(-10.5,0.,0.));
#6128=CARTESIAN_POINT('',(-9.5,1.22464679914735E-16,4.));
#6129=CARTESIAN_POINT('',(-9.5,1.22464679914735E-16,2.));
#6130=CARTESIAN_POINT('Origin',(-10.5,0.,4.));
#6131=CARTESIAN_POINT('Origin',(-10.5,0.,4.));
#6132=CARTESIAN_POINT('Origin',(10.5,-13.,2.));
#6133=CARTESIAN_POINT('',(11.5,-13.,0.));
#6134=CARTESIAN_POINT('Origin',(10.5,-13.,0.));
#6135=CARTESIAN_POINT('',(11.5,-13.,2.5));
#6136=CARTESIAN_POINT('',(11.5,-13.,2.));
#6137=CARTESIAN_POINT('Origin',(10.5,-13.,2.5));
#6138=CARTESIAN_POINT('Origin',(-6.24999418789543,-6.24999418790098,0.));
#6139=CARTESIAN_POINT('',(-6.24999418789543,-6.24999418790098,0.));
#6140=CARTESIAN_POINT('',(6.25000581210456,-6.24999418790098,0.));
#6141=CARTESIAN_POINT('',(-19.3749970939478,-6.24999418790098,0.));
#6142=CARTESIAN_POINT('',(-6.24999418789543,-6.24999418790098,4.));
#6143=CARTESIAN_POINT('',(-6.24999418789543,-6.24999418790098,0.));
#6144=CARTESIAN_POINT('',(6.25000581210456,-6.24999418790098,4.));
#6145=CARTESIAN_POINT('',(-6.24999418789543,-6.24999418790098,4.));
#6146=CARTESIAN_POINT('',(6.25000581210456,-6.24999418790098,0.));
#6147=CARTESIAN_POINT('Origin',(-6.24999418789544,6.25000581209902,0.));
#6148=CARTESIAN_POINT('',(-6.24999418789544,6.25000581209902,0.));
#6149=CARTESIAN_POINT('',(-6.24999418789543,3.12500290604952,0.));
#6150=CARTESIAN_POINT('',(-6.24999418789544,6.25000581209902,4.));
#6151=CARTESIAN_POINT('',(-6.24999418789544,6.25000581209902,0.));
#6152=CARTESIAN_POINT('',(-6.24999418789544,6.25000581209902,4.));
#6153=CARTESIAN_POINT('Origin',(6.25000581210456,6.25000581209902,0.));
#6154=CARTESIAN_POINT('',(6.25000581210456,6.25000581209902,0.));
#6155=CARTESIAN_POINT('',(-13.1249970939478,6.25000581209902,0.));
#6156=CARTESIAN_POINT('',(6.25000581210456,6.25000581209902,4.));
#6157=CARTESIAN_POINT('',(6.25000581210456,6.25000581209902,0.));
#6158=CARTESIAN_POINT('',(6.25000581210456,6.25000581209902,4.));
#6159=CARTESIAN_POINT('Origin',(6.25000581210456,-6.24999418790098,0.));
#6160=CARTESIAN_POINT('',(6.25000581210457,-3.12499709395048,0.));
#6161=CARTESIAN_POINT('',(6.25000581210456,-6.24999418790098,4.));
#6162=CARTESIAN_POINT('Origin',(5.81210456429559E-6,5.8120990242827E-6,
4.));
#6163=CARTESIAN_POINT('',(-4.49999999999999,-9.71485351073975E-14,4.));
#6164=CARTESIAN_POINT('Origin',(6.66133814775094E-15,-9.76996261670138E-14,
4.));
#6165=CARTESIAN_POINT('Origin',(32.5,16.9999999999999,0.));
#6166=CARTESIAN_POINT('',(32.5,16.9999999999999,0.));
#6167=CARTESIAN_POINT('',(-18.9330364487849,16.9999999999999,0.));
#6168=CARTESIAN_POINT('',(32.5,16.9999999999999,0.));
#6169=CARTESIAN_POINT('',(-18.9330364487849,16.9999999999999,2.5));
#6170=CARTESIAN_POINT('',(-18.9330364487849,16.9999999999999,0.));
#6171=CARTESIAN_POINT('',(32.5,16.9999999999999,2.5));
#6172=CARTESIAN_POINT('',(32.5,16.9999999999999,2.5));
#6173=CARTESIAN_POINT('',(32.5000000000001,16.9999999999999,0.));
#6174=CARTESIAN_POINT('Origin',(6.78348177560753,12.25,2.5));
#6175=CARTESIAN_POINT('',(17.2438536976077,7.49999999999991,2.5));
#6176=CARTESIAN_POINT('Origin',(32.5000000000001,-8.88178419700125E-15,
2.5));
#6177=CARTESIAN_POINT('',(-12.0840136167759,7.49999999999991,2.5));
#6178=CARTESIAN_POINT('Origin',(-32.5000000000002,9.99200722162641E-15,
2.5));
#6179=CARTESIAN_POINT('',(12.0136677366076,7.49999999999991,2.5));
#6180=CARTESIAN_POINT('Origin',(-18.9330364487852,-17.0000000000001,0.));
#6181=CARTESIAN_POINT('',(-18.9330364487852,-17.0000000000001,0.));
#6182=CARTESIAN_POINT('',(32.5,-17.0000000000001,0.));
#6183=CARTESIAN_POINT('',(-32.5,-17.0000000000001,0.));
#6184=CARTESIAN_POINT('',(32.5,-17.0000000000001,2.5));
#6185=CARTESIAN_POINT('',(32.5000000000001,-17.0000000000001,0.));
#6186=CARTESIAN_POINT('',(-18.9330364487852,-17.0000000000001,2.5));
#6187=CARTESIAN_POINT('',(-32.5,-17.0000000000001,2.5));
#6188=CARTESIAN_POINT('',(-18.9330364487852,-17.0000000000001,0.));
#6189=CARTESIAN_POINT('Origin',(6.78348177560741,-12.2500000000001,2.5));
#6190=CARTESIAN_POINT('',(17.2438536976077,-7.50000000000009,2.5));
#6191=CARTESIAN_POINT('Origin',(32.5000000000001,-8.88178419700125E-15,
2.5));
#6192=CARTESIAN_POINT('',(-12.0840136167759,-7.50000000000009,2.5));
#6193=CARTESIAN_POINT('',(-2.65026592058426,-7.50000000000009,2.5));
#6194=CARTESIAN_POINT('Origin',(-32.5000000000002,9.99200722162641E-15,
2.5));
#6195=CARTESIAN_POINT('Origin',(-32.5000000000002,9.99200722162641E-15,
0.));
#6196=CARTESIAN_POINT('',(-53.5928922548226,-5.30588318062621,8.375));
#6197=CARTESIAN_POINT('',(-54.2500000000002,7.32840043348091E-15,8.375));
#6198=CARTESIAN_POINT('Origin',(-32.5000000000002,9.99200722162641E-15,
8.375));
#6199=CARTESIAN_POINT('Origin',(-32.5000000000002,9.99200722162641E-15,
8.375));
#6200=CARTESIAN_POINT('',(-54.2500000000002,7.32840043348091E-15,0.));
#6201=CARTESIAN_POINT('',(-54.2500000000002,7.32840043348091E-15,0.));
#6202=CARTESIAN_POINT('Origin',(-32.5000000000002,9.99200722162641E-15,
0.));
#6203=CARTESIAN_POINT('',(-12.0840136167759,-7.50000000000009,5.5));
#6204=CARTESIAN_POINT('',(-12.0840136167759,-7.50000000000009,0.));
#6205=CARTESIAN_POINT('',(-12.0840136167759,7.49999999999991,5.5));
#6206=CARTESIAN_POINT('Origin',(-32.5000000000002,9.99200722162641E-15,
5.5));
#6207=CARTESIAN_POINT('',(-12.0840136167759,7.49999999999991,0.));
#6208=CARTESIAN_POINT('Origin',(-32.5000000000002,9.99200722162641E-15,
0.));
#6209=CARTESIAN_POINT('Origin',(-12.0840136167759,-7.50000000000009,0.));
#6210=CARTESIAN_POINT('',(17.2438536976077,-7.50000000000009,5.5));
#6211=CARTESIAN_POINT('',(17.2438536976077,-7.50000000000009,0.));
#6212=CARTESIAN_POINT('',(-20.,-7.50000000000009,5.5));
#6213=CARTESIAN_POINT('Origin',(6.66133814775094E-15,-9.76996261670138E-14,
0.));
#6214=CARTESIAN_POINT('',(-4.49999999999999,-9.82507172266301E-14,5.5));
#6215=CARTESIAN_POINT('Origin',(6.66133814775094E-15,-9.76996261670138E-14,
5.5));
#6216=CARTESIAN_POINT('',(-4.49999999999999,-9.82507172266301E-14,0.));
#6217=CARTESIAN_POINT('Origin',(17.2438536976077,7.49999999999991,0.));
#6218=CARTESIAN_POINT('',(17.2438536976077,7.49999999999991,5.5));
#6219=CARTESIAN_POINT('',(20.,7.49999999999991,5.5));
#6220=CARTESIAN_POINT('',(17.2438536976077,7.49999999999991,0.));
#6221=CARTESIAN_POINT('Origin',(2.5799200404159,-8.88178419700125E-14,5.5));
#6222=CARTESIAN_POINT('',(15.5000000000001,-1.09636837555518E-14,5.5));
#6223=CARTESIAN_POINT('Origin',(32.5000000000001,-8.88178419700125E-15,
5.5));
#6224=CARTESIAN_POINT('Origin',(32.5000000000001,-8.88178419700125E-15,
5.5));
#6225=CARTESIAN_POINT('Origin',(32.5000000000001,-8.88178419700125E-15,
0.));
#6226=CARTESIAN_POINT('',(26.7628296364703,-16.0026521620585,8.375));
#6227=CARTESIAN_POINT('',(15.5000000000001,-1.09636837555518E-14,8.375));
#6228=CARTESIAN_POINT('Origin',(32.5000000000001,-8.88178419700125E-15,
8.375));
#6229=CARTESIAN_POINT('Origin',(32.5000000000001,-8.88178419700125E-15,
8.375));
#6230=CARTESIAN_POINT('',(15.5000000000001,-1.09636837555518E-14,0.));
#6231=CARTESIAN_POINT('Origin',(32.5000000000001,-8.88178419700125E-15,
0.));
#6232=CARTESIAN_POINT('Origin',(32.5000000000001,-8.88178419700125E-15,
8.375));
#6233=CARTESIAN_POINT('',(27.1846803984946,-14.8259865619072,8.375));
#6234=CARTESIAN_POINT('',(16.75,-1.08106029056583E-14,8.375));
#6235=CARTESIAN_POINT('Origin',(32.5000000000001,-8.88178419700125E-15,
8.375));
#6236=CARTESIAN_POINT('Origin',(32.5000000000001,-8.88178419700125E-15,
8.375));
#6237=CARTESIAN_POINT('Origin',(26.9737550174825,-15.4143193619829,8.375));
#6238=CARTESIAN_POINT('Origin',(32.5000000000001,-8.88178419700125E-15,
0.));
#6239=CARTESIAN_POINT('',(16.75,-1.08106029056583E-14,0.));
#6240=CARTESIAN_POINT('',(16.75,-1.08106029056583E-14,0.));
#6241=CARTESIAN_POINT('Origin',(32.5000000000001,-8.88178419700125E-15,
0.));
#6242=CARTESIAN_POINT('Origin',(-32.5000000000002,9.99200722162641E-15,
8.375));
#6243=CARTESIAN_POINT('',(-52.3806570677639,-5.00094736564769,8.375));
#6244=CARTESIAN_POINT('',(-53.0000000000002,7.48148128337434E-15,8.375));
#6245=CARTESIAN_POINT('Origin',(-32.5000000000002,9.99200722162641E-15,
8.375));
#6246=CARTESIAN_POINT('Origin',(-32.5000000000002,9.99200722162641E-15,
8.375));
#6247=CARTESIAN_POINT('Origin',(-52.9867746612932,-5.15341527313695,8.375));
#6248=CARTESIAN_POINT('Origin',(-32.5000000000002,9.99200722162641E-15,
0.));
#6249=CARTESIAN_POINT('',(-53.0000000000002,7.48148128337434E-15,0.));
#6250=CARTESIAN_POINT('',(-53.0000000000002,7.48148128337434E-15,0.));
#6251=CARTESIAN_POINT('Origin',(-32.5000000000002,9.99200722162641E-15,
0.));
#6252=CARTESIAN_POINT('Origin',(-32.5000000000002,8.88178419700125E-15,
0.));
#6253=CARTESIAN_POINT('',(-1.85297183311667E-15,3.38050837585785E-48,-0.00781386263188244));
#6254=CARTESIAN_POINT('',(0.,0.,0.));
#6255=CARTESIAN_POINT('',(0.,0.,2.));
#6256=UNCERTAINTY_MEASURE_WITH_UNIT(LENGTH_MEASURE(0.01),#6266,
'DISTANCE_ACCURACY_VALUE',
'Maximum model space distance between geometric entities at asserted c
onnectivities');
#6257=UNCERTAINTY_MEASURE_WITH_UNIT(LENGTH_MEASURE(0.01),#6266,
'DISTANCE_ACCURACY_VALUE',
'Maximum model space distance between geometric entities at asserted c
onnectivities');
#6258=UNCERTAINTY_MEASURE_WITH_UNIT(LENGTH_MEASURE(0.01),#6266,
'DISTANCE_ACCURACY_VALUE',
'Maximum model space distance between geometric entities at asserted c
onnectivities');
#6259=UNCERTAINTY_MEASURE_WITH_UNIT(LENGTH_MEASURE(0.01),#6266,
'DISTANCE_ACCURACY_VALUE',
'Maximum model space distance between geometric entities at asserted c
onnectivities');
#6260=UNCERTAINTY_MEASURE_WITH_UNIT(LENGTH_MEASURE(0.01),#6266,
'DISTANCE_ACCURACY_VALUE',
'Maximum model space distance between geometric entities at asserted c
onnectivities');
#6261=(
GEOMETRIC_REPRESENTATION_CONTEXT(3)
GLOBAL_UNCERTAINTY_ASSIGNED_CONTEXT((#6256))
GLOBAL_UNIT_ASSIGNED_CONTEXT((#6266,#6268,#6269))
REPRESENTATION_CONTEXT('','3D')
);
#6262=(
GEOMETRIC_REPRESENTATION_CONTEXT(3)
GLOBAL_UNCERTAINTY_ASSIGNED_CONTEXT((#6257))
GLOBAL_UNIT_ASSIGNED_CONTEXT((#6266,#6268,#6269))
REPRESENTATION_CONTEXT('','3D')
);
#6263=(
GEOMETRIC_REPRESENTATION_CONTEXT(3)
GLOBAL_UNCERTAINTY_ASSIGNED_CONTEXT((#6258))
GLOBAL_UNIT_ASSIGNED_CONTEXT((#6266,#6268,#6269))
REPRESENTATION_CONTEXT('','3D')
);
#6264=(
GEOMETRIC_REPRESENTATION_CONTEXT(3)
GLOBAL_UNCERTAINTY_ASSIGNED_CONTEXT((#6259))
GLOBAL_UNIT_ASSIGNED_CONTEXT((#6266,#6268,#6269))
REPRESENTATION_CONTEXT('','3D')
);
#6265=(
GEOMETRIC_REPRESENTATION_CONTEXT(3)
GLOBAL_UNCERTAINTY_ASSIGNED_CONTEXT((#6260))
GLOBAL_UNIT_ASSIGNED_CONTEXT((#6266,#6268,#6269))
REPRESENTATION_CONTEXT('','3D')
);
#6266=(
LENGTH_UNIT()
NAMED_UNIT(*)
SI_UNIT(.MILLI.,.METRE.)
);
#6267=(
LENGTH_UNIT()
NAMED_UNIT(*)
SI_UNIT($,.METRE.)
);
#6268=(
NAMED_UNIT(*)
PLANE_ANGLE_UNIT()
SI_UNIT($,.RADIAN.)
);
#6269=(
NAMED_UNIT(*)
SI_UNIT($,.STERADIAN.)
SOLID_ANGLE_UNIT()
);
#6270=SHAPE_DEFINITION_REPRESENTATION(#6274,#6281);
#6271=SHAPE_DEFINITION_REPRESENTATION(#6275,#6282);
#6272=SHAPE_DEFINITION_REPRESENTATION(#6276,#6283);
#6273=SHAPE_DEFINITION_REPRESENTATION(#6277,#6284);
#6274=PRODUCT_DEFINITION_SHAPE('',$,#6286);
#6275=PRODUCT_DEFINITION_SHAPE('',$,#6287);
#6276=PRODUCT_DEFINITION_SHAPE('',$,#6288);
#6277=PRODUCT_DEFINITION_SHAPE('',$,#6289);
#6278=PRODUCT_DEFINITION_SHAPE($,$,#20);
#6279=PRODUCT_DEFINITION_SHAPE($,$,#21);
#6280=PRODUCT_DEFINITION_SHAPE($,$,#22);
#6281=SHAPE_REPRESENTATION('',(#3484,#3737,#3738,#3739),#6261);
#6282=SHAPE_REPRESENTATION('',(#3485),#6262);
#6283=SHAPE_REPRESENTATION('',(#3564),#6263);
#6284=SHAPE_REPRESENTATION('',(#3678),#6264);
#6285=PRODUCT_DEFINITION_CONTEXT('part definition',#6299,'design');
#6286=PRODUCT_DEFINITION('2026-05-23-18-00-20-526','Assembly New',#6290,
#6285);
#6287=PRODUCT_DEFINITION('2026-05-22-18-50-29-568','Backside',#6291,#6285);
#6288=PRODUCT_DEFINITION('2026-05-21-10-23-20-271','Mounting Plate',#6292,
#6285);
#6289=PRODUCT_DEFINITION('2026-05-23-17-49-39-232','Front',#6293,#6285);
#6290=PRODUCT_DEFINITION_FORMATION('',$,#6301);
#6291=PRODUCT_DEFINITION_FORMATION('',$,#6302);
#6292=PRODUCT_DEFINITION_FORMATION('',$,#6303);
#6293=PRODUCT_DEFINITION_FORMATION('',$,#6304);
#6294=PRODUCT_RELATED_PRODUCT_CATEGORY('Assembly New','Assembly New',(#6301));
#6295=PRODUCT_RELATED_PRODUCT_CATEGORY('Backside','Backside',(#6302));
#6296=PRODUCT_RELATED_PRODUCT_CATEGORY('Mounting Plate',
'Mounting Plate',(#6303));
#6297=PRODUCT_RELATED_PRODUCT_CATEGORY('Front','Front',(#6304));
#6298=APPLICATION_PROTOCOL_DEFINITION('international standard',
'automotive_design',2009,#6299);
#6299=APPLICATION_CONTEXT(
'Core Data for Automotive Mechanical Design Process');
#6300=PRODUCT_CONTEXT('part definition',#6299,'mechanical');
#6301=PRODUCT('2026-05-23-18-00-20-526','Assembly New',$,(#6300));
#6302=PRODUCT('2026-05-22-18-50-29-568','Backside',$,(#6300));
#6303=PRODUCT('2026-05-21-10-23-20-271','Mounting Plate',$,(#6300));
#6304=PRODUCT('2026-05-23-17-49-39-232','Front',$,(#6300));
#6305=PRESENTATION_STYLE_ASSIGNMENT((#6306));
#6306=SURFACE_STYLE_USAGE(.BOTH.,#6307);
#6307=SURFACE_SIDE_STYLE('',(#6308));
#6308=SURFACE_STYLE_FILL_AREA(#6309);
#6309=FILL_AREA_STYLE('Steel - Satin',(#6310));
#6310=FILL_AREA_STYLE_COLOUR('Steel - Satin',#6311);
#6311=COLOUR_RGB('Steel - Satin',0.627450980392157,0.627450980392157,0.627450980392157);
ENDSEC;
END-ISO-10303-21;
